Title;Authors;PMID;Include;Reason for exclusion;Publishing year;ICD-10 chapter;COVID-19 research;First author;Senior author;Data source;Data origin;Data origin (World Bank income group)
Predicting the onset of type 2 diabetes using wide and deep learning with electronic health records.;Nguyen BP and Pham HN and Tran H and Nghiem N and Nguyen QH and Do TTT and Tran CT and Simpson CR;31505379;Yes;n/a;2019;4;No;NZ;NZ;Practice Fusion;US;High-income economies
Yield of Clinical Screening for Hypertrophic Cardiomyopathy in Child First-Degree Relatives.;Norrish G and Jager J and Field E and Quinn E and Fell H and Lord E and Cicerchia MN and Ochoa JP and Cervi E and Elliott PM and Kaski JP;31006259;Yes;n/a;2019;9;No;UK;UK;Great Ormond  Street Hospital Center;UK;High-income economies
Rivaroxaban versus warfarin in patients with nonvalvular atrial fibrillation and stage IV-V chronic kidney disease.;Weir MR and Ashton V and Moore KT and Shrivastava S and Peterson ED and Ammann EM;32112872;Yes;n/a;2020;9;No;US;US;Optum;US;High-income economies
Impact of schizophrenia genetic liability on the association between schizophrenia and physical illness: data-linkage study.;Kendall KM and John A and Lee SC and Rees E and Pardiñas AF and Banos MDP and Owen MJ and O'Donovan MC and Kirov G and Lloyd K and Jones I and Legge SE and Walters JTR;33168126;Yes;n/a;2020;5;No;UK;UK;SAIL Databank;UK;High-income economies
Increasing Prescription of Opiates and Mortality in Patients With Inflammatory Bowel Diseases in England.;Burr NE and Smith C and West R and Hull MA and Subramanian V;29079223;Yes;n/a;2018;11;No;UK;UK;The Phoenix Partnership ;UK;High-income economies
Accuracy Beyond ISO: Introducing a New Method for Distinguishing Differences Between Blood Glucose Monitoring Systems Meeting ISO 15197:2013 Accuracy Requirements.;Pardo S and Shaginian RM and Simmons DA;29542346;No (excluded in full-paper screening);4a (the Systems were anonymized);2018;4;?;US;?;;;
Using machine learning to identify patterns of lifetime health problems in decedents with autism spectrum disorder.;Bishop-Fitzpatrick L and Movaghar A and Greenberg JS and Page D and DaWalt LS and Brilliant MH and Mailick MR;29734508;Yes;n/a;2018;5;No;US;US;Marshfield clinic;US;High-income economies
Comparison of Opioids Prescribed for Patients at Risk for Opioid Misuse Before and After Publication of the Centers for Disease Control and Prevention's Opioid Prescribing Guidelines.;Scherrer JF and Tucker J and Salas J and Zhang Z and Grucza R;33263762;Yes;n/a;2020;5;No;US;US;Optum;US;High-income economies
Suicide attempts requiring hospitalization in patients with eating disorders: A retrospective cohort study.;Cliffe C and Shetty H and Himmerich H and Schmidt U and Stewart R and Dutta R;32043625;Yes;n/a;2020;5;No;UK;UK;South London and Maudsley NHS Foundation Trust;UK;High-income economies
Using SNOMED CT-encoded problems to improve ICD-10-CM coding-A randomized controlled experiment.;Fung KW and Xu J and Rosenbloom ST and Campbell JR;31029260;No (excluded in title and abstract screening);No tabular data;2019;;;;;;;
One-Year Historical Cohort Study of the Phosphate Binder Sucroferric Oxyhydroxide in Patients on Maintenance Hemodialysis.;Kendrick J and Parameswaran V and Ficociello LH and Ofsthun NJ and Davis S and Mullon C and Kossmann RJ and Kalantar-Zadeh K;30679076;Yes;n/a;2019;4;No;US;US;Fresenius;US;High-income economies
Predicting parkinsonism side-effects of antipsychotic polypharmacy prescribed in secondary mental healthcare.;Kadra G and Spiros A and Shetty H and Iqbal E and Hayes RD and Stewart R and Geerts H;30232932;Yes;n/a;2018;5;No;UK;UK;South London and Maudsley NHS Foundation Trust;UK;High-income economies
Knowing our patients: a cross-sectional study of adult patients attending an urban Aboriginal and Torres Strait Islander primary healthcare service.;Askew DA and Jennings WJ and Hayman NE and Schluter PJ and Spurling GK;30566850;No (not retrieved);Not retrieved;2019;;;;;;;
Toward Understanding the Value of Missing Social Determinants of Health Data in Care Transition Planning.;Feldman SS and Davlyatov G and Hall AG;32851616;Yes;n/a;2020;;No;US;US;University of Alabama Hospital;US;High-income economies
Shining the light on eating disorders, incidence, prognosis and profiling of patients in primary and secondary care: national data linkage study.;Demmler JC and Brophy ST and Marchant A and John A and Tan JOA;31256764;Yes;n/a;2020;5;No;UK;UK;SAIL Databank;UK;High-income economies
ORBDA: An openEHR benchmark dataset for performance assessment of electronic health record servers.;Teodoro D and Sundvall E and João Junior M and Ruch P and Miranda Freire S;29293556;No (excluded in title and abstract screening);No medical research (focus on data provision);2018;;;;;;;
Risk of cardiovascular events and death associated with initiation of SGLT2 inhibitors compared with DPP-4 inhibitors: an analysis from the CVD-REAL 2 multinational cohort study.;Kohsaka S and Lam CSP and Kim DJ and Cavender MA and Norhammar A and Jørgensen ME and Birkeland KI and Holl RW and Franch-Nadal J and Tangri N and Shaw JE and Ilomäki J and Karasik A and Goh SY and Chiang CE and Thuresson M and Chen H and Wittbrodt E and Bodegård J and Surmont F and Fenici P and Kosiborod M;32559476;Yes;n/a;2020;4;No;JP;AU;Multiple;AU, CA, DK, DE, IL, JP, NO, SG, KR, ES, SE, CN, US;
A Demographic Profile of Mothers and Their Children Who Are Victims of Family and Domestic Violence: Using Linked Police and Hospital Admissions Data.;Orr C and Fisher CM and Glauert R and Preen DB and O'Donnell M and Ed D;32370589;Yes;n/a;2022;21;No;AU;AU;Western Australian Data Linkage System;AU;High-income economies
Customization scenarios for de-identification of clinical notes.;Hartman T and Howell MD and Dean J and Hoory S and Slyper R and Laish I and Gilon O and Vainstein D and Corrado G and Chou K and Po MJ and Williams J and Ellis S and Bee G and Hassidim A and Amira R and Beryozkin G and Szpektor I and Matias Y;32000770;No (excluded in title and abstract screening);No medical research (focus on anonymization);2020;;;;;;;
Validation of a machine learning algorithm for early severe sepsis prediction: a retrospective study predicting severe sepsis up to 48 h in advance using a diverse dataset from 461 US hospitals.;Burdick H and Pino E and Gabel-Comeau D and Gu C and Roberts J and Le S and Slote J and Saber N and Pellegrini E and Green-Saxena A and Hoffman J and Das R;33109167;Yes;n/a;2020;1;No;US;US;Cabell Huntington Hospital;US;High-income economies
Effectiveness of herpes zoster vaccination in an older United Kingdom population.;Walker JL and Andrews NJ and Amirthalingam G and Forbes H and Langan SM and Thomas SL;29555217;Yes;n/a;2018;1;No;UK;UK;Clinical Practice Research Datalink;UK;High-income economies
Identifying Predictors of Suicide in Severe Mental Illness: A Feasibility Study of a Clinical Prediction Rule (Oxford Mental Illness and Suicide Tool or OxMIS).;Senior M and Burghart M and Yu R and Kormilitzin A and Liu Q and Vaci N and Nevado-Holgado A and Pandit S and Zlodre J and Fazel S;32351413;No (excluded in title and abstract screening);No tabular data;2020;;;;;;;
Environmental Influences on Patient Presentations: Considerations for Research and Evaluation at Mass-Gathering Events.;Hutton A and Ranse J and Gray KL and Turris SA and Lund A and Munn MB;31495346;No (excluded in title and abstract screening);No real-world application (findings not based on real-world data);2019;;;;;;;
Efficient learning from big data for cancer risk modeling: A case study with melanoma.;Richter AN and Khoshgoftaar TM;31112896;Yes;n/a;2019;2;No;US;US;Modernizing Medicine;US;High-income economies
Evaluating the Impact of Oncology Care Model Reporting Requirements on Biomarker Testing and Treatment.;Castellanos EH and Orlando A and Ma X and Parikh RB and O'Connell G and Meropol NJ and Hamrick J and Adamson BJS;32496874;Yes;n/a;2020;2;No;US;US;Flatiron Health;US;High-income economies
Safety and effectiveness of apixaban in comparison to warfarin in patients with nonvalvular atrial fibrillation: a propensity-matched analysis from Japanese administrative claims data.;Kohsaka S and Katada J and Saito K and Terayama Y;29772946;Yes;n/a;2018;9;No;JP;JP;Multiple;JP;High-income economies
Trends over time in Escherichia coli bloodstream infections, urinary tract infections, and antibiotic susceptibilities in Oxfordshire, UK, 1998-2016: a study of electronic health records.;Vihta KD and Stoesser N and Llewelyn MJ and Quan TP and Davies T and Fawcett NJ and Dunn L and Jeffery K and Butler CC and Hayward G and Andersson M and Morgan M and Oakley S and Mason A and Hopkins S and Wyllie DH and Crook DW and Wilcox MH and Johnson AP and Peto TEA and Walker AS;30126643;Yes;n/a;2018;1;No;UK;UK;Oxford University Hospitals NHS Foundation Trust;UK;High-income economies
Machine learning prediction of incidence of Alzheimer's disease using large-scale administrative health data.;Park JH and Cho HE and Kim JH and Wall MM and Stern Y and Lim H and Yoo S and Kim HS and Cha J;32258428;Yes;n/a;2020;5;No;US;US;Korean National Health Insurance Service;KR;High-income economies
Association of Programmed Cell Death Ligand 1 Expression Status With Receipt of Immune Checkpoint Inhibitors in Patients With Advanced Non-Small Cell Lung Cancer.;Leapman MS and Presley CJ and Zhu W and Soulos PR and Adelson KB and Miksad RA and Boffa DJ and Gross CP;32511721;Yes;n/a;2020;2;No;US;US;Flatiron Health;US;High-income economies
Prospective study feasibility: Screening of antenatal total abnormal pulmonary venous return.;Levêque C and Paret L and Cochet T and Joinau-Zoulovits F and Chantalat E and Vidal F and Vayssière C and David N;29240234;No (excluded in title and abstract screening);No tabular data;2018;;;;;;;
Primary therapy of Graves' disease and cardiovascular morbidity and mortality: a linked-record cohort study.;Okosieme OE and Taylor PN and Evans C and Thayer D and Chai A and Khan I and Draman MS and Tennant B and Geen J and Sayers A and French R and Lazarus JH and Premawardhana LD and Dayan CM;30827829;Yes;n/a;2019;4;No;UK;UK;SAIL Databank;UK;High-income economies
Demographic and clinical factors associated with different antidepressant treatments: a retrospective cohort study design in a UK psychiatric healthcare setting.;Fernandes AC and Chandran D and Khondoker M and Dewey M and Shetty H and Dutta R and Stewart R;30185574;Yes;n/a;2018;5;No;UK;UK;South London and Maudsley NHS Foundation Trust;UK;High-income economies
Machine Learning and Feature Selection Applied to SEER Data to Reliably Assess Thyroid Cancer Prognosis.;Mourad M and Moubayed S and Dezube A and Mourad Y and Park K and Torreblanca-Zanca A and Torrecilla JS and Cancilla JC and Wang J;32198433;Yes;n/a;2020;2;No;US;US;National Cancer Institute;US;High-income economies
De-Identification of Radiomics Data Retaining Longitudinal Temporal Information.;Kundu S and Chakraborty S and Chatterjee S and Das S and Achari RB and Mukhopadhyay J and Das PP and Mallick I and Arunsingh M and Bhattacharyyaa T and Ray S;32240368;No (excluded in title and abstract screening);No medical research (focus on anonymization);2020;;;;;;;
Interplay between traumatic brain injury and intimate partner violence: data driven analysis utilizing electronic health records.;Liu LY and Bush WS and Koyutürk M and Karakurt G;33287806;Yes;n/a;2020;19;No;US;US;IBM;US;High-income economies
Overview of the First Natural Language Processing Challenge for Extracting Medication, Indication, and Adverse Drug Events from Electronic Health Record Notes (MADE 1.0).;Jagannatha A and Liu F and Liu W and Yu H;30649735;No (excluded in title and abstract screening);No tabular data;2019;;;;;;;
Sexually transmissible infections among transgender men and women attending Australian sexual health clinics.;Callander D and Cook T and Read P and Hellard ME and Fairley CK and Kaldor JM and Vlahakis E and Pollack A and Bourne C and Russell DB and Guy RJ and Donovan B;31468530;Yes;n/a;2019;1;No;AU;AU;Multiple;AU;High-income economies
Physician Incentives and Sex/Gender Differences in Depression Care: An Interrupted Time Series Analysis.;Puyat JH and Kazanjian A;32219194;Yes;n/a;2020;5;No;CA;CA;Multiple;CA;High-income economies
Real-world Evidence of Diagnostic Testing and Treatment Patterns in US Patients With Breast Cancer With Implications for Treatment Biomarkers From RNA Sequencing Data.;Fernandes LE and Epstein CG and Bobe AM and Bell JSK and Stumpe MC and Salazar ME and Salahudeen AA and Pe Benito RA and McCarter C and Leibowitz BD and Kase M and Igartua C and Huether R and Hafez A and Beaubier N and Axelson MD and Pegram MD and Sammons SL and O'Shaughnessy JA and Palmer GA;33446413;No (not retrieved);Not retrieved;2021;;;;;;;
Development of CancerLinQ, a Health Information Learning Platform From Multiple Electronic Health Record Systems to Support Improved Quality of Care.;Potter D and Brothers R and Kolacevski A and Koskimaki JE and McNutt A and Miller RS and Nagda J and Nair A and Rubinstein WS and Stewart AK and Trieb IJ and Komatsoulis GA;33104389;No (excluded in title and abstract screening);No medical research (focus on data provision);2020;;;;;;;
Reviewing a Decade of Research Into Suicide and Related Behaviour Using the South London and Maudsley NHS Foundation Trust Clinical Record Interactive Search (CRIS) System.;Bittar A and Velupillai S and Downs J and Sedgwick R and Dutta R;33329090;No (excluded in title and abstract screening);No tabular data;2020;;;;;;;
The World Health Organization's hearing-impairment grading system: an evaluation for unaided communication in age-related hearing loss.;Humes LE;30318941;Yes;n/a;2019;8;No;US;;Multiple;US, AU;
Differences in Management of Coronary Artery Disease in Patients With Medicare Advantage vs Traditional Fee-for-Service Medicare Among Cardiology Practices.;Figueroa JF and Blumenthal DM and Feyman Y and Frakt AB and Turchin A and Doros G and Gao Q and Song Y and Joynt Maddox KE;30785590;Yes;n/a;2019;9;No;US;US;American College of Cardiology Foundation;US;High-income economies
Primary tumor location and survival in colorectal cancer: A retrospective cohort study.;Aggarwal H and Sheffield KM and Li L and Lenis D and Sorg R and Barzi A and Miksad R;32368319;Yes;n/a;2020;2;No;US;US;Flatiron Health;US;High-income economies
Deep learning and feature based medication classifications from EEG in a large clinical data set.;Nahmias DO and Civillico EF and Kontson KL;32848165;Yes;n/a;2020;;No;US;US;Temple University Hospital;US;High-income economies
Bidirectional associations between COVID-19 and psychiatric disorder: retrospective cohort studies of 62 354 COVID-19 cases in the USA.;Taquet M and Luciano S and Geddes JR and Harrison PJ;33181098;Yes;n/a;2021;5;Yes;UK;UK;TriNetX;US;High-income economies
Regulatory-accepted drug development tools are needed to accelerate innovative CNS disease treatments.;Arnerić SP and Kern VD and Stephenson DT;29410157;No (excluded in title and abstract screening);No real-world application (findings not based on real-world data);2018;;;;;;;
Improving the phenotype risk score as a scalable approach to identifying patients with Mendelian disease.;Bastarache L and Hughey JJ and Goldstein JA and Bastraache JA and Das S and Zaki NC and Zeng C and Tang LA and Roden DM and Denny JC;31609419;Yes;n/a;2019;;No;US;US;Vanderbilt University Medical Center;US;High-income economies
Feasibility of real-time capture of routine clinical data in the electronic health record: a hospital-based, observational service-evaluation study.;Bodagh N and Archbold RA and Weerackody R and Hawking MKD and Barnes MR and Lee AM and Janjuha S and Gutteridge C and Robson J and Timmis A;29523565;No (excluded in title and abstract screening);No real-world application (findings not based on real-world data);2018;;;;;;;
Real-World Assessment of Weight Change in People with HIV-1 After Initiating Integrase Strand Transfer Inhibitors or Protease Inhibitors.;Chen YW and Hardy H and Pericone CD and Chow W;32766375;Yes;n/a;2020;1;No;US;US;Optum;US;High-income economies
Prevalence of Ophthalmologic Diagnoses in Children With Autism Spectrum Disorder Using the Optum Dataset: APopulation-Based Study.;Chang MY and Doppee D and Yu F and Perez C and Coleman AL and Pineles SL;32896499;Yes;n/a;2021;7;No;US;US;Optum;US;High-income economies
Prior diagnoses and medications as risk factors for COVID-19 in a Los Angeles Health System.;Chang TS and Ding Y and Freund MK and Johnson R and Schwarz T and Yabu JM and Hazlett C and Chiang JN and Wulf A and Geschwind DH and Butte MJ and Pasaniuc B;32637977;No (excluded before screening);preprint;2020;;;;;;;
Real-world survival of patients with advanced BRAF V600 mutated melanoma treated with front-line BRAF/MEK inhibitors, anti-PD-1 antibodies, or nivolumab/ipilimumab.;Moser JC and Chen D and Hu-Lieskovan S and Grossmann KF and Patel S and Colonna SV and Ying J and Hyngstrom JR;31677253;Yes;n/a;2019;2;No;US;US;Flatiron Health;US;High-income economies
Blood pressure control and adverse outcomes of COVID-19 infection in patients with concomitant hypertension in Wuhan, China.;Ran J and Song Y and Zhuang Z and Han L and Zhao S and Cao P and Geng Y and Xu L and Qin J and He D and Wu F and Yang L;32855527;Yes;n/a;2020;22;Yes;HK;HK;Huoshenshan Hospital;CN;Upper-middle-income economies
Clinical features in primary care electronic records before diagnosis of ankylosing spondylitis: a nested case-control study.;Bashir MT and Iversen L and Burton C;32375655;Yes;n/a;2020;13;No;UK;UK;University of Aberdeen;UK;High-income economies
A Tale of 2 Constituencies: Exploring Patient and Clinician Perspectives in the Age of Big Data.;Goytia CN and Kastenbaum I and Shelley D and Horowitz CR and Kaushal R;30074954;No (excluded in title and abstract screening);No medical research (focus on anonymization);2018;;;;;;;
Prevalence of suspected COVID-19 infection in patients from ethnic minority populations: a cross-sectional study in primary care.;Hull SA and Williams C and Ashworth M and Carvalho C and Boomla K;32895242;Yes;n/a;2020;22;Yes;UK;UK;Multiple;UK;High-income economies
Recommendations and Extraction of Clinical Variables of Pediatric Multiple Sclerosis Using Common Data Elements.;Newland P and Newland JM and Hendricks-Ferguson VL and Smith JM and Oliver BJ;29652736;Yes;n/a;2018;6;No;US;US;St. Louis Children Hospital;US;High-income economies
Metabolic Effects of Androgen-associated Body Mass in Klinefelter Syndrome.;Ehrhart MD and Guthrie IR and Qeadan F and Burge MR;30828410;Yes;n/a;2018;17;No;US;US;Cerner Corporation;US;High-income economies
Long term extension of a randomised controlled trial of probiotics using electronic health records.;Davies G and Jordan S and Brooks CJ and Thayer D and Storey M and Morgan G and Allen S and Garaiova I and Plummer S and Gravenor M;29769554;Yes;n/a;2018;;No;UK;UK;SAIL Databank;UK;High-income economies
Dementia in People from Ethnic Minority Backgrounds: Disability, Functioning, and Pharmacotherapy at the Time of Diagnosis.;Tsamakis K and Gadelrab R and Wilson M and Bonnici-Mallia AM and Hussain L and Perera G and Rizos E and Das-Munshi J and Stewart R and Mueller C;32758391;Yes;n/a;2021;5;No;UK;UK;South London and Maudsley NHS Foundation Trust;UK;High-income economies
Electronic Health Record Reminders for Chlamydia Screening in an American Indian Population.;Hughes MS and Apostolou A and Reilley B and Leston J and McCollum J and Iralu J;33301693;No (excluded in title and abstract screening);No real-world application (findings not based on real-world data);2021;;;;;;;
Phenome-wide association study identifies marked increased in burden of comorbidities in African Americans with systemic lupus erythematosus.;Barnado A and Carroll RJ and Casey C and Wheless L and Denny JC and Crofford LJ;29636090;Yes;n/a;2018;13;No;US;US;Vanderbilt University Medical Center;US;High-income economies
Acute kidney injury: a clinical issue in hospitalized patients with heart failure with mid-range ejection fraction.;Lala RI and Lungeanu D and Puschita M and Pop-Moldovan A and Darabantiu D;30411719;Yes;n/a;2018;14;No;RO;RO;Arad Emergency Clinical County Hospital;RO;High-income economies
Developing and implementing national health identifiers in resource limited countries: why, what, who, when and how?;Beck EJ and Shields JM and Tanna G and Henning G and de Vega I and Andrews G and Boucher P and Benting L and Garcia-Calleja JM and Cutler J and Ewing W and Kijsanayotin B and Kujinga T and Mahy M and Makofane K and Marsh K and Nacheeva C and Rangana N and Vega MFR and Sabin K and Varetska O and Macharia Wanyee S and Watiti S and Williams B and Zhao J and Nunez C and Ghys P and Low-Beer D;29502484;No (excluded in title and abstract screening);No real-world application (findings not based on real-world data);2018;;;;;;;
Ethnic differences in the prevalence of frailty in the United Kingdom assessed using the electronic Frailty Index.;Pradhananga S and Regmi K and Razzaq N and Ettefaghian A and Dey AB and Hewson D;31942531;Yes;n/a;2019;18;No;UK;UK;AT Medics;UK;High-income economies
Toward microelimination of hepatitis C and HIV coinfection in NHS Tayside, Scotland: Real-world outcomes.;Byrne C and Robinson E and Rae N and Dillon JF;33033752;Yes;n/a;2020;1;No;UK;UK;NHS Tayside ;UK;High-income economies
Comparative effectiveness of second-line ipilimumab vs. nivolumab in combination with ipilimumab in patients with advanced melanoma who received frontline anti-PD-1 antibodies.;Baron K and Moser JC and Patel S and Grossmann KF and Colonna SV and Hyngstrom JR;32423325;Yes;n/a;2021;2;No;US;US;Flatiron Health;US;High-income economies
Systematically Prioritizing Candidates in Genome-Based Drug Repurposing.;Challa AP and Lavieri RR and Lewis JT and Zaleski NM and Shirey-Rice JK and Harris PA and Aronoff DM and Pulley JM;31769998;Yes;n/a;2019;;No;US;US;Vanderbilt University Medical Center;US;High-income economies
Validation of body mass index (BMI)-related ICD-9-CM and ICD-10-CM administrative diagnosis codes recorded in US claims data.;Ammann EM and Kalsekar I and Yoo A and Johnston SS;30003617;Yes;n/a;2018;;No;US;US;Optum;US;High-income economies
Assessment of obesity prevalence and validity of obesity diagnoses coded in claims data for selected surgical populations: A retrospective, observational study.;Ammann EM and Kalsekar I and Yoo A and Scamuffa R and Hsiao CW and Stokes AC and Morton JM and Johnston SS;31335698;Yes;n/a;2019;4;No;US;US;Optum;US;High-income economies
Body mass index and insulin use as identifiers of high-cost patients with type 2 diabetes: A retrospective analysis of electronic health records linked to insurance claims data.;Johnston SS and Ammann EM and Kashyap SR and Stokes A and Hsiao CC and Daskiran M and Scamuffa R;30768824;Yes;n/a;2019;4;No;US;US;Optum;US;High-income economies
Unbiased Phenome-Wide Association Studies of Red Cell Distribution Width Identifies Key Associations with Pulmonary Hypertension.;Thayer TE and Huang S and Levinson RT and Farber-Eger E and Assad TR and Huston JH and Mosley JD and Wells QS and Brittain EL;30608875;Yes;n/a;2019;9;No;US;US;Vanderbilt University Medical Center;US;High-income economies
Establishment and 12-month progress of the New Zealand Motor Neurone Disease Registry.;Walker KL and Rodrigues MJ and Watson B and Reilly C and Scotter EL and Brunton H and Turnbull J and Roxburgh RH;30473407;No (excluded in title and abstract screening);No medical research (no new insights with direct relevance to health);2019;;;;;;;
Data resource profile: the National Health Insurance Research Database (NHIRD).;Lin LY and Warren-Gash C and Smeeth L and Chen PC;30727703;No (excluded in title and abstract screening);No medical research (focus on data provision);2018;;;;;;;
Innovative Study Designs Optimizing Clinical Pharmacology Research in Infants and Children.;Balevic SJ and Cohen-Wolkowiez M;30248192;No (excluded in title and abstract screening);No real-world application (findings not based on real-world data);2018;;;;;;;
The Connected Intensive Care Unit Patient: Exploratory Analyses and Cohort Discovery From a Critical Care Telemedicine Database.;Essay P and Shahin TB and Balkan B and Mosier J and Subbian V;30679148;No (excluded in title and abstract screening);No medical research (focus on data provision);2019;;;;;;;
Environmental temperature and case fatality of patients with Ebola virus disease in Sierra Leone and Liberia, 2014-2015: a retrospective cohort study.;Peters JL and Cho DK and Aluisio AR and Kennedy SB and Massaquoi MBF and Sahr F and Perera SM and Levine AC;30307686;Yes;n/a;2019;1;No;US;US;Multiple;SL, LR;
Studying the Clinical Data of COVID Positive Patients Admitted to a Tertiary Care Academic Hospital.;Arrieta J and Galwankar S and Lattanzio N and Ray D and Agrawal A;33013092;Yes;n/a;2020;22;Yes;US;IN;Sarasota Memorial Hospital;US;High-income economies
Pan-European Data Harmonization for Biobanks in ADOPT BBMRI-ERIC.;Mate S and Kampf M and Rödle W and Kraus S and Proynova R and Silander K and Ebert L and Lablans M and Schüttler C and Knell C and Eklund N and Hummel M and Holub P and Prokosch HU;31509880;No (excluded in title and abstract screening);No tabular data;2019;;;;;;;
Is it time to use real-world data from primary care in Alzheimer's disease?;Ponjoan A and Garre-Olmo J and Blanch J and Fages E and Alves-Cabratosa L and Martí-Lluch R and Comas-Cufí M and Parramon D and Garcia-Gil M and Ramos R;32423489;Yes;n/a;2020;5;No;ES;ES;SIDIAP;ES;High-income economies
History of cervical insufficiency increases the risk of pelvic organ prolapse and stress urinary incontinence in parous women.;Sheyn D and Addae-Konaedu KL and Bauer AM and Dawodu KI and Hackney DN and El-Nashar SA;29169582;Yes;n/a;2018;14;No;US;US;IBM;US;High-income economies
Primary care EMR and administrative data linkage in Alberta, Canada: describing the suitability for hypertension surveillance.;Garies S and Youngson E and Soos B and Forst B and Duerksen K and Manca D and McBrien K and Drummond N and Quan H and Williamson T;32830109;No (excluded in title and abstract screening);No medical research (focus on anonymization);2020;;;;;;;
CE: Original Research: An Investigation into the Safety of Oral Intake During Labor.;Shea-Lewis A and Eckardt P and Stapleton D;29424752;Yes;n/a;2018;15;No;US;US;Not precisely specified;US;High-income economies
Community-based outreach associated with increased health utilization among Navajo individuals living with diabetes: a matched cohort study.;Franz C and Atwood S and Orav EJ and Curley C and Brown C and Trevisi L and Nelson AK and Begay MG and Shin S;32450874;Yes;n/a;2020;4;No;US;US;Multiple;US;High-income economies
Pediatric solid organ injury - frequency of abdominal imaging is determined by the treating department.;Zimmermann P and Schmidt T and Nelson J and Gosemann JH and Bassler S and Stahmeyer JT and Hirsch FW and Lacher M and Zeidler J;33157961;Yes;n/a;2020;19;No;DE;DE;Multiple;DE;High-income economies
Pregnancy Outcomes after Endometrial Ablation in a Multi-institutional Cohort.;Bauer AM and Hackney DN and El-Nashar S and Sheyn D;29528466;Yes;n/a;2018;15;No;US;US;IBM;US;High-income economies
Comorbidities in pediatric alopecia areata.;Conic RZ and Tamashunas NL and Damiani G and Fabbrocini G and Cantelli M and Bergfeld WF;32531131;Yes;n/a;2020;12;No;US;US;IBM;US;High-income economies
Data-driven method to enhance craniofacial and oral phenotype vocabularies.;Mishra R and Burke A and Gitman B and Verma P and Engelstad M and Haendel MA and Alevizos I and Gahl WA and Collins MT and Lee JS and Sincan M;31668172;No (excluded in title and abstract screening);No tabular data;2019;;;;;;;
Using blockchain to log genome dataset access: efficient storage and query.;Gürsoy G and Bjornson R and Green ME and Gerstein M;32693796;No (excluded in title and abstract screening);No real-world application (findings not based on real-world data);2020;;;;;;;
Assessing the impact of specialist home visiting upon maltreatment in England: a feasibility study of data linkage from a public health trial to routine health and social care data.;Lugg-Widger F and Cannings-John R and Angel L and Moody G and Segrott J and Kenkre J and Robling M;29988307;No (excluded in title and abstract screening);No medical research (focus on anonymization);2018;;;;;;;
Cardiovascular medication changes over 5 years in a national data linkage study: implications for risk prediction models.;Mehta S and Jackson R and Wells S and Harrison J and Exeter DJ and Kerr AJ;29391835;Yes;n/a;2018;9;No;NZ;NZ;New Zeeland Ministry of Health;NZ;High-income economies
MAV-clic: management, analysis, and visualization of clinical data.;Ahmed Z and Kim M and Liang BT;31984341;No (excluded in title and abstract screening);No medical research (focus on data provision);2019;;;;;;;
Pharmacogenetics to Predict Adverse Events Associated With Antidepressants.;Rossow KM and Aka IT and Maxwell-Horn AC and Roden DM and Van Driest SL;33234666;Yes;n/a;2020;5;No;US;US;Vanderbilt University Medical Center;US;High-income economies
Recruitment of patients with Chronic Obstructive Pulmonary Disease (COPD) from the Clinical Practice Research Datalink (CPRD) for research.;Quint JK and Moore E and Lewis A and Hashmi M and Sultana K and Wright M and Smeeth L and Chatzidiakou L and Jones R and Beevers S and Kolozali S and Kelly F and Barratt B;29921879;Yes;n/a;2018;10;No;UK;UK;Clinical Practice Research Datalink;UK;High-income economies
Willingness to Participate in a National Precision Medicine Cohort: Attitudes of Chronic Kidney Disease Patients at a Cleveland Public Hospital.;Cooke Bailey JN and Crawford DC and Goldenberg A and Slaven A and Pencak J and Schachere M and Bush WS and Sedor JR and O'Toole JF;29949895;No (excluded in title and abstract screening);No medical research (focus on data provision);2018;;;;;;;
The assessment of data quality issues for process mining in healthcare using Medical Information Mart for Intensive Care III, a freely available e-health record database.;Kurniati AP and Rojas E and Hogg D and Hall G and Johnson OA;30488750;No (excluded in title and abstract screening);No medical research (focus on data provision);2019;;;;;;;
A Social Determinant of Health May Modify Genetic Associations for Blood Pressure: Evidence From a SNP by Education Interaction in an African American Population.;Hollister BM and Farber-Eger E and Aldrich MC and Crawford DC;31134134;Yes;n/a;2019;9;No;US;US;Vanderbilt University Medical Center;US;High-income economies
Risk prediction using natural language processing of electronic mental health records in an inpatient forensic psychiatry setting.;Le DV and Montgomery J and Kirkby KC and Scanlan J;30118855;Yes;n/a;2018;5;No;AU;AU;Wilfred Lopes Centre;AU;High-income economies
Large retrospective analysis on frailty assessment in primary care: electronic Frailty Index versus frailty coding.;Millares-Martin P;31039123;Yes;n/a;2019;18;No;UK;;NHS Leeds;UK;High-income economies
Cancer Patient Perspectives on Sharing of Medical Records and Mobile Device Data for Research Purposes.;Franklin EF and Nichols HM and House L and Buzaglo J and Thiboldeaux K;33457553;No (excluded in title and abstract screening);Anonymous survey;2020;;;;;;;
Relationship between very low low-density lipoprotein cholesterol concentrations not due to statin therapy and risk of type 2 diabetes: A US-based cross-sectional observational study using electronic health records.;Feng Q and Wei WQ and Chung CP and Levinson RT and Sundermann AC and Mosley JD and Bastarache L and Ferguson JF and Cox NJ and Roden DM and Denny JC and Linton MF and Edwards DRV and Stein CM;30153257;Yes;n/a;2018;4;No;US;US;Vanderbilt University Medical Center;US;High-income economies
MODELHealth: Facilitating Machine Learning on Big Health Data Networks.;Pitoglou S and Anastasiou A and Androutsou T and Giannouli D and Kostalas E and Matsopoulos G and Koutsouris D;31946332;No (excluded in title and abstract screening);No real-world application (findings not based on real-world data);2019;;;;;;;
Identifying Individuals With Intellectual Disability Within a Population Study.;Franklin MS and Silva SG and Maslow GR and Halpern CT and Merwin EI and Docherty SL;32969948;Yes;n/a;2020;5;No;US;US;Eunice Kennedy Shriver National Institute of Child Health and Human Development ;US;High-income economies
Development of risk models for major adverse chronic renal outcomes among patients with type 2 diabetes mellitus using insurance claims: a retrospective observational study.;Wysham CH and Gauthier-Loiselle M and Bailey RA and Manceur AM and Lefebvre P and Greenberg M and Duh MS and Young JB;31625766;Yes;n/a;2020;4;No;US;US;Optum;US;High-income economies
Development and Evaluation of the Boston University Osteoarthritis Functional Pain Short Form (BU-OA-FPS).;Goode AP and Ni P and Jette A and Fitzgerald GK;29684166;Yes;n/a;2018;13;No;US;US;Boston University;US;High-income economies
COVID-19 in ocrelizumab-treated people with multiple sclerosis.;Hughes R and Whitley L and Fitovski K and Schneble HM and Muros E and Sauter A and Craveiro L and Dillon P and Bonati U and Jessop N and Pedotti R and Koendgen H;33482590;Yes;n/a;2021;6;Yes;CH;CH;Optum;US;High-income economies
Adverse events among chronic myelogenous leukemia patients treated with tyrosine kinase inhibitors: a real-world analysis of health plan enrollees.;Chow EJ and Doody DR and Wilkes JJ and Becker LK and Chennupati S and Morin PE and Winestone LE and Henk HJ and Lyman GH;33283555;Yes;n/a;2021;2;No;US;US;Optum;US;High-income economies
Using Ethereum blockchain to store and query pharmacogenomics data via smart contracts.;Gürsoy G and Brannon CM and Gerstein M;32487214;No (excluded in title and abstract screening);No medical research (no new insights with direct relevance to health);2020;;;;;;;
Real-world effectiveness, its predictors and onset of action of cholinesterase inhibitors and memantine in dementia: retrospective health record study.;Vaci N and Koychev I and Kim CH and Kormilitzin A and Liu Q and Lucas C and Dehghan A and Nenadic G and Nevado-Holgado A;32713359;Yes;n/a;2021;5;No;UK;UK;Oxford Health NHS Foundation Trust,  Southern Health NHS Foundation Trust;UK;High-income economies
HIV Status and Contraceptive Utilization among Women in Cameroon.;Budhwani H and Hearld KR and Dionne-Odom J and Manga S and Nulah K and Khan M and Welty T and Welty E and Tita AT;30776955;Yes;n/a;2019;1;No;US;US;Cameroon Baptist Convention Health Services;CM;Lower-middle-income economies
Kidney cancer biobanking: considerations for a single institutional biorepository.;Del Vecchio SJ and Owens EP and Ellis RJ;31236340;No (excluded in title and abstract screening);No medical research (focus on data provision);2019;;;;;;;
Association of Social Behaviors With Community Discharge in Patients with Total Hip and Knee Replacement.;Pritchard KT and Hong I and Goodwin JS and Westra JR and Kuo YF and Ottenbacher KJ;33041232;Yes;n/a;2021;;No;US;US;Optum;US;High-income economies
Disease burden of liver cancer in China from 1997 to 2016: an observational study based on the Global Burden of Diseases.;Ding C and Fu X and Zhou Y and Liu X and Wu J and Huang C and Deng M and Li Y and Li L and Yang S;31015269;Yes;n/a;2019;2;No;CN;CN;Institute for Health Metrics and Evaluation;CN;Upper-middle-income economies
Dynamic ElecTronic hEalth reCord deTection (DETECT) of individuals at risk of a first episode of psychosis: a case-control development and validation study.;Raket LL and Jaskolowski J and Kinon BJ and Brasen JC and Jönsson L and Wehnert A and Fusar-Poli P;33328055;Yes;n/a;2020;5;No;DK;UK;IBM;US;High-income economies
A step closer to nationwide electronic health record-based chronic disease surveillance: characterizing asthma prevalence and emergency department utilization from 100 million patient records through a novel multisite collaboration.;Tarabichi Y and Goyden J and Liu R and Lewis S and Sudano J and Kaelber DC;31592525;Yes;n/a;2020;10;No;US;US;Multiple;US;High-income economies
Pharmacological risk factors associated with hospital readmission rates in a psychiatric cohort identified using prescriptome data mining.;Shameer K and Perez-Rodriguez MM and Bachar R and Li L and Johnson A and Johnson KW and Glicksberg BS and Smith MR and Readhead B and Scarpa J and Jebakaran J and Kovatch P and Lim S and Goodman W and Reich DL and Kasarskis A and Tatonetti NP and Dudley JT;30255805;Yes;n/a;2018;5;No;US;US;Mount Sinai Hospital;US;High-income economies
Agreement between primary care and hospital diagnosis of schizophrenia and bipolar disorder: A cross-sectional, observational study using record linkage.;O'Neill B and Kalia S and Aliarzadeh B and Moineddin R and Fung WLA and Sullivan F and Maloul A and Bernard S and Greiver M;30615653;Yes;n/a;2019;5;No;CA;CA;Multiple;CA;High-income economies
Complexity in disease management: A linked data analysis of multimorbidity in Aboriginal and non-Aboriginal patients hospitalised with atherothrombotic disease in Western Australia.;Hussain MA and Katzenellenbogen JM and Sanfilippo FM and Murray K and Thompson SC;30106971;Yes;n/a;2018;9;No;AU;AU;Western Australian Data Linkage System;AU;High-income economies
The real-world effectiveness of sucroferric oxyhydroxide in European hemodialysis patients: a 1-year retrospective database analysis.;Ramos R and Chazot C and Ferreira A and Di Benedetto A and Gurevich K and Feuersenger A and Wolf M and Arens HJ and Walpen S and Stuard S;33287733;Yes;n/a;2020;4;No;ES;DE;Fresenius;FR, IT, PT, RU, ES;
Association of Race/Ethnicity and Sex With Differences in Health Care Use and Treatment for Acne.;Barbieri JS and Shin DB and Wang S and Margolis DJ and Takeshita J;32022834;Yes;n/a;2020;12;No;US;US;Optum;US;High-income economies
The value of preoperative spirometry testing for predicting postoperative risk in upper abdominal and thoracic surgery assessed using big-data analysis.;Park HJ and Kim SM and Kim HR and Ji W and Choi CM;32944327;Yes;n/a;2020;10;No;KR;KR;Asan Medical Center;KR;High-income economies
Prenatal, Obstetric and Perinatal Factors Associated With the Development of Childhood-Onset Type 2 Diabetes.;Halipchuk J and Temple B and Dart A and Martin D and Sellers EAC;28583472;Yes;n/a;2018;4;No;CA;CA;Manitoba Centre for Health Policy;CA;High-income economies
Learning Health System for Breast Cancer: Pilot Project Experience.;Levine MN and Alexander G and Sathiyapalan A and Agrawal A and Pond G;31369338;Yes;n/a;2019;2;No;CA;CA;Juravinski Cancer Centre;CA;High-income economies
Treatment patterns and outcomes for patients with advanced melanoma in US oncology clinical practices.;Whitman ED and Liu FX and Cao X and Diede SJ and Haiderali A and Abernethy AP;30251550;Yes;n/a;2019;2;No;US;US;Flatiron Health;US;High-income economies
Individualised risk prediction model for new-onset, progression and regression of chronic kidney disease in a retrospective cohort of patients with type 2 diabetes under primary care in Hong Kong.;Yang L and Chu TK and Lian J and Lo CW and Zhao S and He D and Qin J and Liang J;32641324;Yes;n/a;2020;4;No;HK;HK;New Territory West Cluster;HK;
Evaluating Pediatric Sepsis Definitions Designed for Electronic Health Record Extraction and Multicenter Quality Improvement.;Scott HF and Brilli RJ and Paul R and Macias CG and Niedner M and Depinet H and Richardson T and Riggs R and Gruhler H and Larsen GY and Huskins WC and Balamuth F;32931197;Yes;n/a;2020;1;No;US;US;Multiple;US;High-income economies
Cohort profile: the Nigerian HIV geriatric cohort study.;Dakum P and Avong YK and Odutola MK and Okuma J and Kayode GA and Nta IE and Ndembi N and Mensah C and Khamofu H and Okonkwo P and Okpanachi JO and Ezeanolue E;33243227;Yes;n/a;2020;1;No;NG;NG;Multiple;NG;Lower-middle-income economies
Clinical Research Informatics: Contributions from 2017.;Daniel C and Kalra D;30157521;No (excluded in title and abstract screening);No real-world application (findings not based on real-world data);2018;;;;;;;
High Frequency of Extractable Nuclear Autoantibodies in Wheat-Related Disorders.;Yang Y and Krishna K and Deshpande P and Ranganathan V and Jayaraman V and Wang T and Bei K and Krishnamurthy H;29977112;Yes;n/a;2018;11;No;US;US;Vibrant America Clinical Laboratory;US;High-income economies
Risk factors for having diabetic retinopathy at first screening in persons with type 1 diabetes diagnosed under 18 years of age.;Rafferty J and Owens DR and Luzio SD and Watts P and Akbari A and Thomas RL;33262478;Yes;n/a;2021;4;No;UK;UK;SAIL Databank;UK;High-income economies
Real-world progression, treatment, and survival outcomes during rapid adoption of immunotherapy for advanced non-small cell lung cancer.;Khozin S and Miksad RA and Adami J and Boyd M and Brown NR and Gossai A and Kaganman I and Kuk D and Rockland JM and Pazdur R and Torres AZ and Zhi J and Abernethy AP;31381142;Yes;n/a;2019;2;No;US;US;Flatiron Health;US;High-income economies
Character-Level Neural Language Modelling in the Clinical Domain.;Kreuzthaler M and Oleynik M and Schulz S;32570351;No (excluded in title and abstract screening);No tabular data;2020;;;;;;;
Exploring the health and service utilisation of general practice patients with a history of adverse childhood experiences (ACEs): an observational study using electronic health records.;Hardcastle K and Bellis MA and Sharp CA and Hughes K;32978186;Yes;n/a;2020;;No;UK;UK;Multiple;UK;High-income economies
Functional mobility trajectories of hospitalized older adults admitted to acute geriatric wards: A retrospective observational study in an English university hospital.;Lyons A and Romero-Ortuno R and Hartley P;30779283;Yes;n/a;2019;;No;UK;UK;Addenbrooke’s Hospital;UK;High-income economies
Clinical and genetic associations with prostacyclin response in pulmonary arterial hypertension.;Halliday SJ and Xu M and Thayer TE and Mosley JD and Sheng Q and Ye F and Farber-Eger EH and Pugh ME and Robbins IR and Assad TR and West JD and Brittain EL and Hemnes AR;30142026;Yes;n/a;2018;9;No;US;US;Vanderbilt University Medical Center;US;High-income economies
Multifocal motor neuropathy in Austria: a nationwide survey of clinical features and response to treatment.;Löscher WN and Oberreiter EM and Erdler M and Quasthoff S and Culea V and Berek K and Embacher N and Grinzinger S and Hess I and Höger FS and Horlings CGC and Huemer M and Jecel J and Kleindienst W and Laich E and Müller P and Oel D and Örtl W and Lenzenweger E and Rath J and Stadler K and Stieglbauer K and Thaler-Wolf C and Wanschitz J and Zimprich F and Cetin H and Topakian R;30259176;Yes;n/a;2018;6;No;AT;AT;Multiple;AT;High-income economies
USE OF ELECTRONIC HEALTH RECORDS TO CHARACTERIZE A RARE DISEASE IN THE U.S.: TREATMENT, COMORBIDITIES, AND FOLLOW-UP TRENDS AMONG PATIENTS WITH A CONFIRMED DIAGNOSIS OF ACROMEGALY.;Silverstein JM and Roe ED and Munir KM and Fox JL and Emir B and Kouznetsova M and Lamerato LE and King D;29624099;Yes;n/a;2018;4;No;US;US;Multiple;US;High-income economies
Concordance of real-world versus conventional progression-free survival from a phase 3 trial of endocrine therapy as first-line treatment for metastatic breast cancer.;Huang Bartlett C and Mardekian J and Cotter MJ and Huang X and Zhang Z and Parrinello CM and Bourla AB;32315295;Yes;n/a;2020;2;No;US;US;Flatiron Health;US;High-income economies
Acute myocardial infarctions and stroke triggered by laboratory-confirmed respiratory infections in Denmark, 2010 to 2016.;Ohland J and Warren-Gash C and Blackburn R and Mølbak K and Valentiner-Branth P and Nielsen J and Emborg HD;32372757;Yes;n/a;2020;9;No;DK;DK;Multiple;DK;High-income economies
External validation of the electronic Frailty Index using the population of Wales within the Secure Anonymised Information Linkage Databank.;Hollinghurst J and Fry R and Akbari A and Clegg A and Lyons RA and Watkins A and Rodgers SE;31566668;Yes;n/a;2019;18;No;UK;UK;SAIL Databank;UK;High-income economies
Retention in care among older adults living with HIV in western Kenya: A retrospective observational cohort study.;Kiplagat J and Mwangi A and Keter A and Braitstein P and Sang E and Negin J and Chasela C;29590150;Yes;n/a;2018;1;No;KE;ZA;Multiple;KE;Lower-middle-income economies
Assessing the National Prevalence of HIV Screening in the United States using Electronic Health Record Data.;Niforatos JD and Wanta JW and Durbak E and Cavendish J and Yax JA;31501734;Yes;n/a;2019;1;No;US;US;IBM;US;High-income economies
Effect of Public Deliberation on Patient Attitudes Regarding Consent and Data Use in a Learning Health Care System for Oncology.;Jagsi R and Griffith KA and Jones RD and Krenz C and Gornick M and Spence R and De Vries R and Hawley ST and Zon R and Bolte S and Sadeghi N and Schilsky RL and Bradbury AR;31577472;No (excluded in title and abstract screening);Anonymous survey;2019;;;;;;;
Naloxone reversal of clonidine toxicity: dose, dose, dose.;Seger DL and Loden JK;29544366;Yes;n/a;2018;;No;US;US;Vanderbilt University Medical Center;US;High-income economies
Repurposing of a Thromboxane Receptor Inhibitor Based on a Novel Role in Metastasis Identified by Phenome-Wide Association Study.;Werfel TA and Hicks DJ and Rahman B and Bendeman WE and Duvernay MT and Maeng JG and Hamm H and Lavieri RR and Joly MM and Pulley JM and Elion DL and Brantley-Sieders DM and Cook RS;33033174;Yes;n/a;2020;2;No;US;US;Vanderbilt University Medical Center;US;High-income economies
Re-examination of Rule-Based Methods in Deidentification of Electronic Health Records: Algorithm Development and Validation.;Zhao Z and Yang M and Tang B and Zhao T;32352384;No (excluded in title and abstract screening);No medical research (focus on anonymization);2020;;;;;;;
Racial Differences in the Use of Aortic Valve Replacement for Treatment of Symptomatic Severe Aortic Valve Stenosis in the Transcatheter Aortic Valve Replacement Era.;Matthew Brennan J and Leon MB and Sheridan P and Boero IJ and Chen Q and Lowenstern A and Thourani V and Vemulapalli S and Thomas K and Wang TY and Peterson ED;32777969;Yes;n/a;2020;9;No;US;US;Optum;US;High-income economies
A deep learning system for differential diagnosis of skin diseases.;Liu Y and Jain A and Eng C and Way DH and Lee K and Bui P and Kanada K and de Oliveira Marinho G and Gallegos J and Gabriele S and Gupta V and Singh N and Natarajan V and Hofmann-Wellenhof R and Corrado GS and Peng LH and Webster DR and Ai D and Huang SJ and Liu Y and Dunn RC and Coz D;32424212;Yes;n/a;2020;12;No;US;US;Not precisely specified;US;High-income economies
A validated natural language processing algorithm for brain imaging phenotypes from radiology reports in UK electronic health records.;Wheater E and Mair G and Sudlow C and Alex B and Grover C and Whiteley W;31500613;No (excluded in title and abstract screening);No tabular data;2019;;;;;;;
Clinical Application of 3D-CISS MRI Sequences for Diagnosis and Surgical Planning of Spinal Arachnoid Diverticula and Adhesions in Dogs.;Tauro A and Jovanovik J and Driver CJ and Rusbridge C;29534275;No (excluded in title and abstract screening);No tabular data;2018;;;;;;;
Re-examining physician-scientist training through the prism of the discovery-invention cycle.;Sarma GP and Levey A and Faundez V;32089830;No (excluded in title and abstract screening);No medical research (no new insights with direct relevance to health);2019;;;;;;;
Neonatal bacterial meningitis versus ventriculitis: a cohort-based overview of clinical characteristics, microbiology and imaging.;Peros T and van Schuppen J and Bohte A and Hodiamont C and Aronica E and de Haan T;32621136;No (excluded in title and abstract screening);No tabular data;2020;;;;;;;
The Danish Medical Birth Register.;Bliddal M and Broe A and Pottegård A and Olsen J and Langhoff-Roos J;29349587;No (excluded in title and abstract screening);No medical research (focus on data provision);2018;;;;;;;
Analysis of disease comorbidity patterns in a large-scale China population.;Guo M and Yu Y and Wen T and Zhang X and Liu B and Zhang J and Zhang R and Zhang Y and Zhou X;31829182;Yes;n/a;2019;;No;CN;CN;China Academy of Chinese Medical Sciences;CN;Upper-middle-income economies
Developing data-driven clinical pathways using electronic health records: The cases of total laparoscopic hysterectomy and rotator cuff tears.;Cho M and Kim K and Lim J and Baek H and Kim S and Hwang H and Song M and Yoo S;31683142;Yes;n/a;2020;;No;KR;KR;Seoul National University Bundang Hospital;KR;High-income economies
Improving coding and primary care management for patients with chronic kidney disease: an observational controlled study in East London.;Hull SA and Rajabzadeh V and Thomas N and Hoong S and Dreyer G and Rainey H and Ashman N;31160369;Yes;n/a;2019;14;No;UK;UK;Multiple;UK;High-income economies
Characteristics and Health Care Utilization of Different Segments of a Multiethnic Asian Population in Singapore.;Yan S and Kwan YH and Thumboo J and Low LL;31490539;Yes;n/a;2019;;No;SG;SG;Ministry of Health Singapore;SG;High-income economies
Demography and disorders of the French Bulldog population under primary veterinary care in the UK in 2013.;O'Neill DG and Baral L and Church DB and Brodbelt DC and Packer RMA;29750111;No (excluded in title and abstract screening);No medical research (no new insights with direct relevance to health);2018;;;;;;;
Renin-Angiotensin-Aldosterone System Modulates Blood Pressure Response During Vascular Endothelial Growth Factor Receptor Inhibition.;Bottinor WJ and Shuey MM and Manouchehri A and Farber-Eger EH and Xu M and Nair D and Salem JE and Wang TJ and Brittain EL;32984850;Yes;n/a;2019;9;No;US;US;Vanderbilt University Medical Center;US;High-income economies
The development an artificial intelligence algorithm for early sepsis diagnosis in the intensive care unit.;Yuan KC and Tsai LW and Lee KH and Cheng YW and Hsu SC and Lo YS and Chen RJ;32485555;Yes;n/a;2020;1;No;TW;TW;Taipei Medical University Hospital;TW;High-income economies
Chest Pain, Atherosclerotic Cardiovascular Disease Risk, and Cardiology Referral in Primary Care.;Buch V and Ralph H and Salas J and Hauptman PJ and Davis D and Scherrer JF;29756524;Yes;n/a;2018;9;No;US;US;Not precisely specified;US;High-income economies
Validation of diagnosis codes to identify side of colon in an electronic health record registry.;Luhn P and Kuk D and Carrigan G and Nussbaum N and Sorg R and Rohrer R and Tucker MG and Arnieri B and Taylor MD and Meropol NJ;31426736;Yes;n/a;2019;2;No;US;US;Flatiron Health;US;High-income economies
Circumcision registry promotes precise research and fosters informed parental decisions.;Van Howe RS and Frisch M and Adler PW and Svoboda JS;30626392;No (excluded in title and abstract screening);No real-world application (findings not based on real-world data);2019;;;;;;;
Identification of Semantically Similar Sentences in Clinical Notes: Iterative Intermediate Training Using Multi-Task Learning.;Mahajan D and Poddar A and Liang JJ and Lin YT and Prager JM and Suryanarayanan P and Raghavan P and Tsou CH;33245284;No (excluded in title and abstract screening);No tabular data;2020;;;;;;;
A retrospective analysis of treatment and retention outcomes of pregnant and/or parenting women with opioid use disorder.;Lopian KM and Chebolu E and Kulak JA and Kahn LS and Blondell RD;30577894;Yes;n/a;2019;5;No;US;US;Not precisely specified;US;High-income economies
Prevalence of SARS-CoV-2 antibodies in a large nationwide sample of patients on dialysis in the USA: a cross-sectional study.;Anand S and Montez-Rath M and Han J and Bozeman J and Kerschmann R and Beyer P and Parsonnet J and Chertow GM;32987007;Yes;n/a;2020;22;Yes;US;US;Ascend Clinical;US;High-income economies
Impact of Primary Tracheoesophageal Puncture on Outcomes after Total Laryngectomy.;Panwar A and Militsakh O and Lindau R and Coughlin A and Sayles H and Rieke KR and Lydiatt W and Lydiatt D and Smith R;28809132;Yes;n/a;2018;10;No;US;US;Multiple;US;High-income economies
An Empirical Test of GRUs and Deep Contextualized Word Representations on De-Identification.;Lee K and Filannino M and Uzuner Ö;31437917;No (excluded in title and abstract screening);No medical research (focus on anonymization);2019;;;;;;;
Concealment and discovery: The role of information security in biomedical data re-use.;Tempini N and Leonelli S;30322372;No (excluded in title and abstract screening);No real-world application (findings not based on real-world data);2018;;;;;;;
Documenting or Operating: Where Is Time Spent in General Surgery Residency?;Cox ML and Farjat AE and Risoli TJ and Peskoe S and Goldstein BA and Turner DA and Migaly J;30522828;No (excluded in title and abstract screening);No real-world application (findings not based on real-world data);2018;;;;;;;
First-line immune checkpoint inhibitor use in cisplatin-eligible patients with advanced urothelial carcinoma: a secular trend analysis.;Parikh RB and Feld EK and Galsky MD and Adamson BJ and Cohen AB and Baxi SS and Boursi SB and Christodouleas JP and Vaughn DJ and Meropol NJ and Mamtani R;31840537;Yes;n/a;2020;2;No;US;US;Flatiron Health;US;High-income economies
The impact of the Affordable Care Act on provision of endodontic services within a dental school setting in Oregon.;Peck J and Sedgley CM and Schwarz E and Replogle KJ;31020668;Yes;n/a;2019;;No;US;US;Oregon Health and Science University;US;High-income economies
Impact of the Four-Hour Rule in Western Australian hospitals: Trend analysis of a large record linkage study 2002-2013.;Ngo H and Forero R and Mountain D and Fatovich D and Man WN and Sprivulis P and Mohsin M and Toloo S and Celenza A and Fitzgerald G and McCarthy S and Hillman K;29538401;Yes;n/a;2018;;No;AU;AU;Western Australian Data Linkage System;AU;High-income economies
RD-RAP: beyond rare disease patient registries, devising a comprehensive data and analytic framework.;Bellgard MI and Snelling T and McGree JM;31300021;No (excluded in title and abstract screening);No real-world application (findings not based on real-world data);2019;;;;;;;
Exo-anal imaging of the anal sphincter: a comparison between introital and transperineal image acquisition.;Cattani L and Van Schoubroeck D and Housmans S and Callewaert G and Werbrouck E and Verbakel JY and Deprest J;31802159;No (excluded in title and abstract screening);No tabular data;2020;;;;;;;
Development of Phenotyping Algorithms for the Identification of Organ Transplant Recipients: Cohort Study.;Wheless L and Baker L and Edwards L and Anand N and Birdwell K and Hanlon A and Chren MM;33156808;Yes;n/a;2020;;No;US;US;Vanderbilt University Medical Center;US;High-income economies
Scalable and accurate deep learning with electronic health records.;Rajkomar A and Oren E and Chen K and Dai AM and Hajaj N and Hardt M and Liu PJ and Liu X and Marcus J and Sun M and Sundberg P and Yee H and Zhang K and Zhang Y and Flores G and Duggan GE and Irvine J and Le Q and Litsch K and Mossin A and Tansuwan J and Wang D and Wexler J and Wilson J and Ludwig D and Volchenboum SL and Chou K and Pearson M and Madabushi S and Shah NH and Butte AJ and Howell MD and Cui C and Corrado GS and Dean J;31304302;Yes;n/a;2018;;No;US;US;University of California San Francisco, University of Chicago Medicine;US;High-income economies
Rivaroxaban Versus Warfarin for Management of Obese African Americans With Non-Valvular Atrial Fibrillation or Venous Thromboembolism: A Retrospective Cohort Analysis.;Costa OS and Beyer-Westendorf J and Ashton V and Milentijevic D and Moore KT and Bunz TJ and Coleman CI;33085526;Yes;n/a;2020;9;No;US;US;Optum;US;High-income economies
Juvenile-onset and adult-onset demodicosis in dogs in the UK: prevalence and breed associations.;O'Neill DG and Turgoose E and Church DB and Brodbelt DC and Hendricks A;31584708;No (excluded in title and abstract screening);No medical research (no new insights with direct relevance to health);2020;;;;;;;
The Pediatric Emergency Care Applied Research Network Registry: A Multicenter Electronic Health Record Registry of Pediatric Emergency Care.;Deakyne Davies SJ and Grundmeier RW and Campos DA and Hayes KL and Bell J and Alessandrini EA and Bajaj L and Chamberlain JM and Gorelick MH and Enriquez R and Casper TC and Scheid B and Kittick M and Dean JM and Alpern ER;29791930;No (excluded in title and abstract screening);No medical research (focus on data provision);2018;;;;;;;
Rivaroxaban versus warfarin for treatment and prevention of recurrence of venous thromboembolism in African American patients: a retrospective cohort analysis.;Costa OS and Thompson S and Ashton V and Palladino M and Bunz TJ and Coleman CI;32292291;Yes;n/a;2020;9;No;US;US;Optum;US;High-income economies
Predictors of severe relapse in pregnant women with psychotic or bipolar disorders.;Taylor CL and Broadbent M and Khondoker M and Stewart RJ and Howard LM;30015264;Yes;n/a;2018;5;No;UK;UK;South London and Maudsley NHS Foundation Trust;UK;High-income economies
Greyhounds under general veterinary care in the UK during 2016: demography and common disorders.;O'Neill DG and Rooney NJ and Brock C and Church DB and Brodbelt DC and Pegram C;31179010;No (excluded in title and abstract screening);No medical research (no new insights with direct relevance to health);2019;;;;;;;
Prediction of Discharge Destination following Laryngectomy.;Panwar A and Wang F and Lindau R and Militsakh O and Coughlin A and Smith R and Sayles H and Lydiatt D and Lydiatt W;30126321;Yes;n/a;2018;;No;US;US;Multiple;US;High-income economies
Real World Outcomes in Patients With Relapsed/Refractory Diffuse Large B-cell Lymphoma Receiving Palliative Intent Therapies.;Ayers EC and Margolis D and Landsburg DJ;32576502;Yes;n/a;2020;2;No;US;US;Flatiron Health;US;High-income economies
An Exploratory Analysis of Real-World End Points for Assessing Outcomes Among Immunotherapy-Treated Patients With Advanced Non-Small-Cell Lung Cancer.;Stewart M and Norden AD and Dreyer N and Henk HJ and Abernethy AP and Chrischilles E and Kushi L and Mansfield AS and Khozin S and Sharon E and Arunajadai S and Carnahan R and Christian JB and Miksad RA and Sakoda LC and Torres AZ and Valice E and Allen J;31335166;Yes;n/a;2019;2;No;US;US;Optum, Flatiron;US;High-income economies
The French glioblastoma biobank (FGB): a national clinicobiological database.;Clavreul A and Soulard G and Lemée JM and Rigot M and Fabbro-Peray P and Bauchet L and Figarella-Branger D and Menei P;31014363;No (excluded in title and abstract screening);No medical research (focus on data provision);2019;;;;;;;
Frequency and phenotype consequence of APOC3 rare variants in patients with very low triglyceride levels.;Crawford DC and Restrepo NA and Diggins KE and Farber-Eger E and Wells QS;30255797;Yes;n/a;2018;9;No;US;US;Vanderbilt University Medical Center;US;High-income economies
Pembrolizumab Utilization and Outcomes for Advanced Melanoma in US Community Oncology Practices.;Cowey CL and Liu FX and Black-Shinn J and Stevinson K and Boyd M and Frytak JR and Ebbinghaus SW;29252916;Yes;n/a;2018;2;No;US;US;US Oncology Network ;US;High-income economies
Validation of an algorithm using inpatient electronic health records to determine the presence and severity of cirrhosis in patients with hepatocellular carcinoma in England: an observational study.;Driver RJ and Balachandrakumar V and Burton A and Shearer J and Downing A and Cross T and Morris E and Rowe IA;31292182;Yes;n/a;2019;11;No;UK;UK;Leeds Teaching Hospitals NHS Trust;UK;High-income economies
Accelerating ophthalmic artificial intelligence research: the role of an open access data repository.;Kras A and Celi LA and Miller JB;32740059;No (excluded in title and abstract screening);No real-world application (findings not based on real-world data);2020;;;;;;;
Evaluation of repositories for sharing individual-participant data from clinical studies.;Banzi R and Canham S and Kuchinke W and Krleza-Jeric K and Demotes-Mainard J and Ohmann C;30876434;No (excluded in title and abstract screening);No medical research (focus on data provision);2019;;;;;;;
Incidence Rate of Herpes Zoster Ophthalmicus: A Retrospective Cohort Study from 1994 through 2018.;Kong CL and Thompson RR and Porco TC and Kim E and Acharya NR;31668889;Yes;n/a;2020;1;No;US;US;Optum;US;High-income economies
Real-world data suggest antibody positivity to SARS-CoV-2 is associated with a decreased risk of future infection.;Harvey RA and Rassen JA and Kabelac CA and Turenne W and Leonard S and Klesh R and Meyer WA 3rd and Kaufman HW and Anderson S and Cohen O and Petkov VI and Cronin KA and Van Dyke AL and Lowy DR and Sharpless NE and Penberthy LT;33354682;No (excluded before screening);preprint;2020;;;;;;;
Medical knowledge infused convolutional neural networks for cohort selection in clinical trials.;Chen CJ and Warikoo N and Chang YC and Chen JH and Hsu WL;31390470;No (excluded in title and abstract screening);No medical research (no new insights with direct relevance to health);2019;;;;;;;
Lack of a Tricuspid Regurgitation Doppler Signal and Pulmonary Hypertension by Invasive Measurement.;O'Leary JM and Assad TR and Xu M and Farber-Eger E and Wells QS and Hemnes AR and Brittain EL;29960993;Yes;n/a;2018;9;No;US;US;Vanderbilt University Medical Center;US;High-income economies
Local genetic ancestry in CDKN2B-AS1 is associated with primary open-angle glaucoma in an African American cohort extracted from de-identified electronic health records.;Restrepo NA and Laper SM and Farber-Eger E and Crawford DC;30255811;Yes;n/a;2018;7;No;US;US;Vanderbilt University Medical Center;US;High-income economies
Adolescent Nocturnal Fears: a psychometric evaluation of the fear of sleep inventory (FoSI).;Hall Brown TS and Garcia E and Akeeb A and Lynch-Jiles AC and White D and Young M;29757000;Yes;n/a;2019;5;No;US;US;Multiple;US;High-income economies
Variation in Documenting Diagnosable Chronic Kidney Disease in General Medical Practice: Implications for Quality Improvement and Research.;Kitsos A and Peterson GM and Jose MD and Khanam MA and Castelino RL and Radford JC;30879383;Yes;n/a;2019;14;No;AU;AU;NPS MedicineWise;AU;High-income economies
Linking Spinal Cord Injury Data Sets to Describe the Patient Journey Following Injury: A Protocol.;Noonan VK and Jaglal SB and Humphreys S and Cronin S and Waheed Z and Fallah N and Kwon BK and Dvorak MF;33536728;No (excluded in title and abstract screening);No medical research (focus on data provision);2020;;;;;;;
Assessing stroke severity using electronic health record data: a machine learning approach.;Kogan E and Twyman K and Heap J and Milentijevic D and Lin JH and Alberts M;31914991;No (excluded in title and abstract screening);No tabular data;2020;;;;;;;
West Highland White Terriers under primary veterinary care in the UK in 2016: demography, mortality and disorders.;O'Neill DG and Ballantyne ZF and Hendricks A and Church DB and Brodbelt DC and Pegram C;31508236;No (excluded in title and abstract screening);No medical research (no new insights with direct relevance to health);2019;;;;;;;
Comparing the International Classification of Functioning, Disability, and Health Core Sets for Hearing Loss and Otorhinolaryngology/Audiology Intake Documentation at Mayo Clinic.;Alfakir R and van Leeuwen LM and Pronk M and Kramer SE and Zapala DA;30289788;Yes;n/a;2019;8;No;US;US;Mayo Clinic;US;High-income economies
HIV/SARS-CoV-2 co-infection: T cell profile, cytokine dynamics and role of exhausted lymphocytes.;Sharov KS;33115677;Yes;n/a;2021;1;Yes;RU;;Multiple;RU;Upper-middle-income economies
Childhood asthma prevalence: cross-sectional record linkage study comparing parent-reported wheeze with general practitioner-recorded asthma diagnoses from primary care electronic health records in Wales.;Griffiths LJ and Lyons RA and Bandyopadhyay A and Tingay KS and Walton S and Cortina-Borja M and Akbari A and Bedford H and Dezateux C;29333271;Yes;n/a;2018;10;No;UK;UK;SAIL Databank;UK;High-income economies
Data highlighting phenotypic diversity of urine-associated Escherichia coli isolates.;Eberly AR and Beebout CJ and Tong CMC and Van Horn GT and Green HD and Fitzgerald MJ and De S and Apple EK and Schrimpe-Rutledge AC and Codreanu SG and Sherrod SD and McLean JA and Clayton DB and Stratton CW and Schmitz JE and Hadjifrangiskou M;32566710;No (excluded in title and abstract screening);No medical research (focus on data provision);2020;;;;;;;
The Genomics Research and Innovation Network: creating an interoperable, federated, genomics learning system.;Mandl KD and Glauser T and Krantz ID and Avillach P and Bartels A and Beggs AH and Biswas S and Bourgeois FT and Corsmo J and Dauber A and Devkota B and Fleisher GR and Heath AP and Helbig I and Hirschhorn JN and Kilbourn J and Kong SW and Kornetsky S and Majzoub JA and Marsolo K and Martin LJ and Nix J and Schwarzhoff A and Stedman J and Strauss A and Sund KL and Taylor DM and White PS and Marsh E and Grimberg A and Hawkes C;31481752;No (excluded in title and abstract screening);No medical research (focus on data provision);2020;;;;;;;
Natural language processing and recurrent network models for identifying genomic mutation-associated cancer treatment change from patient progress notes.;Guan M and Cho S and Petro R and Zhang W and Pasche B and Topaloglu U;30944913;No (excluded in title and abstract screening);No tabular data;2019;;;;;;;
Discovering Associations Among Older Adults' Characteristics and Planned Nursing Interventions Using Electronic Health Record Data.;Gao G and Kerr MJ and Lindquist RA and Chi CL and Mathiason MA and Monsen KA;30796148;Yes;n/a;2019;;No;US;US;University of Minnesota;US;High-income economies
A Genetic Approach to the Association Between PCSK9 and Sepsis.;Feng Q and Wei WQ and Chaugai S and Carranza Leon BG and Kawai V and Carranza Leon DA and Jiang L and Zhong X and Liu G and Ihegword A and Shaffer CM and Linton MF and Chung CP and Stein CM;31509211;Yes;n/a;2019;1;No;US;US;Vanderbilt University Medical Center;US;High-income economies
Estimating the prevalence of multiple sclerosis using 56.6 million electronic health records from the United States.;Briggs FB and Hill E;31339444;Yes;n/a;2020;6;No;US;US;IBM;US;High-income economies
Generalizability of Blood Pressure Lowering Trials to Older Patients: Cross-Sectional Analysis.;Sheppard JP and Lown M and Burt J and Temple E and Lowe R and Ashby H and Todd O and Allen J and Ford GA and Fraser R and Heneghan C and Hobbs FDR and Jowett S and Little P and Mant J and Mollison J and Payne R and Williams M and Yu LM and McManus RJ;32898307;Yes;n/a;2020;9;No;UK;UK;Multiple;UK;High-income economies
Overlap of Characteristic Serological Antibodies in Rheumatoid Arthritis and Wheat-Related Disorders.;Yang Y and Deshpande P and Krishna K and Ranganathan V and Jayaraman V and Wang T and Bei K and Rajasekaran JJ and Krishnamurthy H;30755781;Yes;n/a;2019;13;No;US;US;Vibrant America Clinical Laboratory;US;High-income economies
Novel Method of Atrial Fibrillation Case Identification and Burden Estimation Using the MIMIC-III Electronic Health Data Set.;Ding EY and Albuquerque D and Winter M and Binici S and Piche J and Bashar SK and Chon K and Walkey AJ and McManus DD;31354020;Yes;n/a;2019;9;No;US;US;Massachusetts Institute of Technology;US;High-income economies
Depression and Buprenorphine Treatment in Patients with Non-cancer Pain and Prescription Opioid Dependence without Comorbid Substance Use Disorders.;Scherrer JF and Salas J and Grucza R and Sullivan MD and Lustman PJ and Copeland LA and Ballantyne JC;33022442;Yes;n/a;2021;5;No;US;US;Optum;US;High-income economies
US Integrated Delivery Networks Perspective on Economic Burden of Patients with Treatment-Resistant Depression: A Retrospective Matched-Cohort Study.;Pilon D and Szukis H and Joshi K and Singer D and Sheehan JJ and Wu JW and Lefebvre P and Greenberg P;31254275;Yes;n/a;2020;5;No;CA;US;Optum;US;High-income economies
Patch test results with the European baseline series and additions thereof in the ESSCA network, 2015-2018.;Uter W and Bauer A and Belloni Fortina A and Bircher AJ and Brans R and Buhl T and Cooper SM and Czarnecka-Operacz M and Dickel H and Dugonik A and Geier J and Giménez-Arnau AM and Gonçalo M and Johansen JD and Johnston GA and Mahler V and Rustemeyer T and Sanchez-Perez J and Schuttelaar MLA and Simon D and Spiewak R and Valiukevičienė S and Weisshaar E and White IR and Wilkinson M;32945543;Yes;n/a;2021;12;No;DE;UK;Multiple;DE, AT, CH, DK, PT;
Heterogeneity introduced by EHR system implementation in a de-identified data resource from 100 non-affiliated organizations.;Glynn EF and Hoffman MA;32025653;No (excluded in title and abstract screening);No real-world application (findings not based on real-world data);2019;;;;;;;
Overall survival analysis in patients with metastatic breast cancer and liver or lung metastases treated with eribulin, gemcitabine, or capecitabine.;Kazmi S and Chatterjee D and Raju D and Hauser R and Kaufman PA;32808239;Yes;n/a;2020;2;No;US;US;Cancer Treatment Centers of America;US;High-income economies
Increased Incidence of Resistant Hypertension in Patients With Systemic Lupus Erythematosus: A Retrospective Cohort Study.;Gandelman JS and Khan OA and Shuey MM and Neal JE and McNeer E and Dickson A and Barnado A and Wang L and Anandi P and Dupont WD and Stein CM and Chung CP;30875459;Yes;n/a;2020;13;No;US;US;Vanderbilt University Medical Center;US;High-income economies
Disparities in Hypertension Control Across and Within Three Health Systems Participating in a Data-Sharing Collaborative.;Selby K and Michel M and Gildengorin G and Karliner L and Pramanik R and Fontil V and Potter MB;30413545;Yes;n/a;2018;9;No;US;US;Multiple;US;High-income economies
Bacterial Colonization and Tissue Compatibility of Denture Base Resins.;Olms C and Yahiaoui-Doktor M and Remmerbach TW and Stingu CS;29914101;No (excluded in title and abstract screening);No tabular data;2018;;;;;;;
Harnessing the potential of electronic general practice pathology data in Australia: An examination of the quality use of pathology for type 2 diabetes patients.;Imai C and Hardie RA and Franco GS and Sezgin G and Tepper K and McLeod A and Pearce C and Westbrook J and Georgiou A;32534436;Yes;n/a;2020;4;No;AU;AU;Outcome Health;AU;High-income economies
Efficient and Accurate Extracting of Unstructured EHRs on Cancer Therapy Responses for the Development of RECIST Natural Language Processing Tools: Part I, the Corpus.;Li Y and Luo YH and Wampfler JA and Rubinstein SM and Tiryaki F and Ashok K 5th and Warner JL and Xu H and Yang P;32364754;No (excluded in title and abstract screening);No medical research (focus on data provision);2020;;;;;;;
Is Blockchain Technology Suitable for Managing Personal Health Records? Mixed-Methods Study to Test Feasibility.;Park YR and Lee E and Na W and Park S and Lee Y and Lee JH;30735142;No (excluded in title and abstract screening);No medical research (no new insights with direct relevance to health);2019;;;;;;;
CYP2D6 genotype and adverse events to risperidone in children and adolescents.;Oshikoya KA and Neely KM and Carroll RJ and Aka IT and Maxwell-Horn AC and Roden DM and Van Driest SL;30661084;Yes;n/a;2019;;No;US;US;Vanderbilt University Medical Center;US;High-income economies
Learning to detect and understand drug discontinuation events from clinical narratives.;Liu F and Pradhan R and Druhl E and Freund E and Liu W and Sauer BC and Cunningham F and Gordon AJ and Peters CB and Yu H;31034028;No (excluded in title and abstract screening);No tabular data;2019;;;;;;;
Cardiovascular risk factors predicting cardiac events are different in patients with rheumatoid arthritis, psoriatic arthritis, and psoriasis.;Cooksey R and Brophy S and Kennedy J and Gutierrez FF and Pickles T and Davies R and Piguet V and Choy E;29656791;Yes;n/a;2018;9;No;UK;UK;SAIL Databank;UK;High-income economies
Epidemiology of chronic kidney disease in Australian general practice: National Prescribing Service MedicineWise MedicineInsight dataset.;Radford J and Kitsos A and Stankovich J and Castelino R and Khanam M and Jose M and Peterson G and Saunder T and Wimmer B and Razizaidi T;30467996;Yes;n/a;2019;14;No;AU;AU;NPS MedicineWise;AU;High-income economies
Preliminary Results of the Outpatient Endovascular and Interventional Society National Registry.;Ahn SS and Tahara RW and Jones LE and Carr JG and Blebea J;32813592;No (excluded in title and abstract screening);No medical research (focus on data provision);2020;;;;;;;
Use of digital periodontal data to compare periodontal treatment outcomes in a practice-based research network (PBRN): a proof of concept.;Peikert SA and Mittelhamm F and Frisch E and Vach K and Ratka-Krüger P and Woelber JP;33115466;Yes;n/a;2020;11;No;DE;DE;Multiple;DE;High-income economies
Effectiveness of oral rotavirus vaccination in England against rotavirus-confirmed and all-cause acute gastroenteritis.;Walker JL and Andrews NJ and Atchison CJ and Collins S and Allen DJ and Ramsay ME and Ladhani SN and Thomas SL;31384727;Yes;n/a;2019;1;No;UK;UK;Clinical Practice Research Datalink;UK;High-income economies
Prevalence and correlates of low-grade systemic inflammation in adult psychiatric inpatients: An electronic health record-based study.;Osimo EF and Cardinal RN and Jones PB and Khandaker GM;29544672;Yes;n/a;2018;5;No;UK;UK;Cambridgeshire and Peterborough NHS Foundation Trust;UK;High-income economies
Antibiotic prescribing for common infections in UK general practice: variability and drivers.;Palin V and Mölter A and Belmonte M and Ashcroft DM and White A and Welfare W and van Staa T;31038162;Yes;n/a;2019;;No;UK;UK;Clinical Practice Research Datalink;UK;High-income economies
A two-site survey of medical center personnel's willingness to share clinical data for research: implications for reproducible health NLP research.;Weng C and Friedman C and Rommel CA and Hurdle JF;30943963;No (excluded in title and abstract screening);No medical research (no new insights with direct relevance to health);2019;;;;;;;
Daratumumab-lenalidomide-dexamethasone vs standard-of-care regimens: Efficacy in transplant-ineligible untreated myeloma.;Durie BGM and Kumar SK and Usmani SZ and Nonyane BAS and Ammann EM and Lam A and Kobos R and Maiese EM and Facon T;32804408;Yes;n/a;2020;2;No;US;FR;Flatiron Health;US;High-income economies
Validity of health insurance data to identify people with epilepsy.;Wassenaar M and Carpay JA and Sander JW and Thijs RD;29220740;Yes;n/a;2018;6;No;NL;NL;Achmea;NL;High-income economies
Opioid Prescribing Rates in Nonmetropolitan and Metropolitan Counties Among Primary Care Providers Using an Electronic Health Record System - United States, 2014-2017.;García MC and Heilig CM and Lee SH and Faul M and Guy G and Iademarco MF and Hempstead K and Raymond D and Gray J;30653483;Yes;n/a;2019;;No;US;US;Athenahealth;US;High-income economies
National Trends in Daily Ambulatory Electronic Health Record Use by Otolaryngologists.;Giliberto JP and Ator G and Carroll TL and Chan T and Vahabzadeh-Hagh A;32876342;No (excluded in title and abstract screening);No tabular data;2021;;;;;;;
Predictive Modeling of 30-Day Emergency Hospital Transport of Patients Using a Personal Emergency Response System: Prognostic Retrospective Study.;Op den Buijs J and Simons M and Golas S and Fischer N and Felsted J and Schertzer L and Agboola S and Kvedar J and Jethwani K;30482741;Yes;n/a;2018;;No;NL;US;Philips Lifeline;US;High-income economies
Diagnostic Algorithms to Study Post-Concussion Syndrome Using Electronic Health Records: Validating a Method to Capture an Important Patient Population.;Dennis J and Yengo-Kahn AM and Kirby P and Solomon GS and Cox NJ and Zuckerman SL;30773988;Yes;n/a;2019;5;No;US;US;Vanderbilt University Medical Center;US;High-income economies
Data Integration Innovations to Enhance Analytic Utility of Clinical Trial Content to Inform Health Disparities Research.;Cohen SB and Unangst J;30254982;No (excluded in title and abstract screening);No medical research (focus on data provision);2018;;;;;;;
Mendelian Disease Associations Reveal Novel Insights into Inflammatory Bowel Disease.;Han L and Maciejewski M and Brockel C and Afzelius L and Altman RB;29462399;Yes;n/a;2018;11;No;US;US;Optum;US;High-income economies
The International Neuromodulation Registry: An Informatics Framework Supporting Cohort Discovery and Analysis.;Hedges DM and Hegman JC and Brown JR and Wilburn JT and Chapman BE and Butson CR;33071769;No (excluded in title and abstract screening);No medical research (focus on data provision);2020;;;;;;;
'Real time' monitoring of antipsychotic prescribing in patients with dementia: a study using the Clinical Record Interactive Search (CRIS) platform to enhance safer prescribing.;Colling C and Mueller C and Perera G and Funnell N and Sauer J and Harwood D and Stewart R and Bishara D;32229485;Yes;n/a;2020;5;No;UK;UK;South London and Maudsley NHS Foundation Trust;UK;High-income economies
Epidemiologic features of a large hepatitis C cohort evaluated in a major health system in the western United States.;Mukhtar NA and Ness EM and Jhaveri M and Fix OK and Hart M and Dale C and Pratt C and Kowdley KV;31053542;Yes;n/a;2019;1;No;US;US;Providence Health & Services;US;High-income economies
Adverse Events Associated with Risperidone Use in Pediatric Patients: A Retrospective Biobank Study.;Oshikoya KA and Carroll R and Aka I and Roden DM and Van Driest SL;30919267;Yes;n/a;2019;5;No;US;US;Vanderbilt University Medical Center;US;High-income economies
Early Treatment Innovation for Opioid-Dependent Newborns: A Retrospective Comparison of Outcomes, Utilization, Quality, and Safety, 2006-2014.;Summey J and Chen L and Mayo R and Charron E and Hudson JA and Sherrill WW and Dickes L;29793880;Yes;n/a;2018;5;No;US;US;Not precisely specified;US;High-income economies
Multi-institutional review of bowel management strategies in children with anorectal malformations.;Baxter KJ and Garza JM and Rollins MD and Drake K and Reeder RW and Wood R and Avansino J and Calkins CM and Ralls M and Garvey EM and Durham MM;32616413;Yes;n/a;2020;17;No;US;US;Multiple;US;High-income economies
J-CKD-DB: a nationwide multicentre electronic health record-based chronic kidney disease database in Japan.;Nakagawa N and Sofue T and Kanda E and Nagasu H and Matsushita K and Nangaku M and Maruyama S and Wada T and Terada Y and Yamagata K and Narita I and Yanagita M and Sugiyama H and Shigematsu T and Ito T and Tamura K and Isaka Y and Okada H and Tsuruya K and Yokoyama H and Nakashima N and Kataoka H and Ohe K and Okada M and Kashihara N;32355258;Yes;n/a;2020;14;No;JP;JP;Multiple;JP;High-income economies
Reduction in laboratory turnaround time decreases emergency room length of stay.;Kaushik N and Khangulov VS and O'Hara M and Arnaout R;29719423;Yes;n/a;2018;;No;US;US;Cerner Corporation;US;High-income economies
Temporal Trends and Patterns in Mortality After Incident Heart Failure: A Longitudinal Analysis of 86 000 Individuals.;Conrad N and Judge A and Canoy D and Tran J and Pinho-Gomes AC and Millett ERC and Salimi-Khorshidi G and Cleland JG and McMurray JJV and Rahimi K;31479100;Yes;n/a;2019;9;No;UK;UK;Clinical Practice Research Datalink;UK;High-income economies
Reversals and limitations on high-intensity, life-sustaining treatments.;Chavez G and Richman IB and Kaimal R and Bentley J and Yasukawa LA and Altman RB and Periyakoil VS and Chen JH;29489814;Yes;n/a;2018;;No;US;US;Stanford University Medical Center;US;High-income economies
Rivaroxaban Versus Warfarin in African American Patients with Nonvalvular Atrial Fibrillation.;Coleman CI and Thompson S and Ashton V and Palladino M and Bunz TJ;32493618;Yes;n/a;2020;9;No;US;US;Optum;US;High-income economies
An animal health example of managing and analyzing a large volume of data on a PC: Modeling body weight and age of over 13 million cats for explanatory and predictive purposes.;Campigotto A and Bernardo T and Stone E and Stacey D and Poljak Z;31733427;No (excluded in title and abstract screening);No medical research (no new insights with direct relevance to health);2020;;;;;;;
Using de-identified electronic health records to research mental health supported housing services: A feasibility study.;Dalton-Locke C and Thygesen JH and Werbeloff N and Osborn D and Killaspy H;32817624;Yes;n/a;2020;5;No;UK;UK;Camden and Islington NHS Foundation Trust;UK;High-income economies
Supporting general practice to make timely decisions for better health care: a population health approach.;Davies D;29898816;No (excluded in title and abstract screening);No medical research (no new insights with direct relevance to health);2018;;;;;;;
Characteristics of patients with motor functional neurological disorder in a large UK mental health service: a case-control study.;O'Connell N and Nicholson TR and Wessely S and David AS;30773149;Yes;n/a;2020;5;No;UK;UK;South London and Maudsley NHS Foundation Trust;UK;High-income economies
Impact of delaying initiation of anaplastic lymphoma kinase inhibitor treatment on survival in patients with advanced non-small-cell lung cancer.;Sheinson D and Wong WB and Wu N and Mansfield AS;32276206;Yes;n/a;2020;2;No;US;US;Flatiron Health;US;High-income economies
Impact of matching error on linked mortality outcome in a data linkage of secondary mental health data with Hospital Episode Statistics (HES) and mortality records in South East London: a cross-sectional study.;Jewell A and Broadbent M and Hayes RD and Gilbert R and Stewart R and Downs J;32641360;Yes;n/a;2020;5;No;UK;UK;South London and Maudsley NHS Foundation Trust;UK;High-income economies
Development of predictive risk models for major adverse cardiovascular events among patients with type 2 diabetes mellitus using health insurance claims data.;Young JB and Gauthier-Loiselle M and Bailey RA and Manceur AM and Lefebvre P and Greenberg M and Lafeuille MH and Duh MS and Bookhart B and Wysham CH;30143045;Yes;n/a;2018;9;No;US;US;Optum;US;High-income economies
Health-related welfare prioritisation of canine disorders using electronic health records in primary care practice in the UK.;Summers JF and O'Neill DG and Church D and Collins L and Sargan D and Brodbelt DC;31118035;No (excluded in title and abstract screening);No real-world application (findings not based on real-world data);2019;;;;;;;
Enhancing the analytic utility of clinical trial data to inform health disparities research.;Cohen SB and Unangst J and Yu F;33319118;No (excluded in title and abstract screening);No medical research (focus on data provision);2020;;;;;;;
Assessment of a demonstrator repository for individual clinical trial data built upon DSpace.;Tilki B and Schulenberg T and Canham S and Banzi R and Kuchinke W and Ohmann C;32528663;No (excluded in title and abstract screening);No real-world application (findings not based on real-world data);2020;;;;;;;
A Good Practice-Compliant Clinical Trial Imaging Management System for Multicenter Clinical Trials: Development and Validation Study.;Shin Y and Kim KW and Lee AJ and Sung YS and Ahn S and Koo JH and Choi CG and Ko Y and Kim HS and Park SH;31471962;No (excluded in title and abstract screening);No tabular data;2019;;;;;;;
Health timeline: an insight-based study of a timeline visualization of clinical data.;Ledesma A and Bidargaddi N and Strobel J and Schrader G and Nieminen H and Korhonen I and Ermes M;31438942;Yes;n/a;2019;;No;FI;FI;Multiple;AU;High-income economies
Probabilistic record linkage of de-identified research datasets with discrepancies using diagnosis codes.;Hejblum BP and Weber GM and Liao KP and Palmer NP and Churchill S and Shadick NA and Szolovits P and Murphy SN and Kohane IS and Cai T;30620344;No (excluded in title and abstract screening);No medical research (focus on anonymization);2019;;;;;;;
Is paliperidone palmitate more effective than other long-acting injectable antipsychotics?;Patel R and Chesney E and Taylor M and Taylor D and McGuire P;29039277;Yes;n/a;2018;5;No;UK;UK;South London and Maudsley NHS Foundation Trust;UK;High-income economies
Machine learning to parse breast pathology reports in Chinese.;Tang R and Ouyang L and Li C and He Y and Griffin M and Taghian A and Smith B and Yala A and Barzilay R and Hughes K;29380208;No (excluded in title and abstract screening);No tabular data;2018;;;;;;;
Use of Oral Anticoagulation in a Real-World Population With Device Detected Atrial Fibrillation.;Kaplan RM and Ziegler PD and Koehler J and Landman S and Sarkar S and Passman RS;33252286;Yes;n/a;2020;9;No;US;US;Optum;US;High-income economies
Occupational Injury Claims Related to Patient Lifting and Moving in a Safety-Oriented Emergency Medical Services Agency.;Fratta KA and Levy MJ and Brothers JM and Baer GD and Scharf B;33062522;No (excluded in title and abstract screening);No tabular data;2020;;;;;;;
General hospital admission rates in people diagnosed with personality disorder.;Fok ML and Chang CK and Broadbent M and Stewart R and Moran P;30689214;Yes;n/a;2019;5;No;UK;UK;South London and Maudsley NHS Foundation Trust;UK;High-income economies
Using electronic health records to characterize prescription patterns: focus on antidepressants in nonpsychiatric outpatient settings.;Deferio JJ and Levin TT and Cukor J and Banerjee S and Abdulrahman R and Sheth A and Mehta N and Pathak J;30474077;Yes;n/a;2018;5;No;US;US;Not precisely specified;US;High-income economies
CogStack - experiences of deploying integrated information retrieval and extraction services in a large National Health Service Foundation Trust hospital.;Jackson R and Kartoglu I and Stringer C and Gorrell G and Roberts A and Song X and Wu H and Agrawal A and Lui K and Groza T and Lewsley D and Northwood D and Folarin A and Stewart R and Dobson R;29941004;No (excluded in title and abstract screening);No medical research (focus on anonymization);2018;;;;;;;
Comparative-effectiveness of pembrolizumab vs. nivolumab for patients with metastatic melanoma.;Moser JC and Wei G and Colonna SV and Grossmann KF and Patel S and Hyngstrom JR;31920132;Yes;n/a;2020;2;No;US;US;Flatiron Health;US;High-income economies
Machine learning for suicide risk prediction in children and adolescents with electronic health records.;Su C and Aseltine R and Doshi R and Chen K and Rogers SC and Wang F;33243979;Yes;n/a;2020;5;No;US;US;Connecticut Children’s Medical Center;US;High-income economies
Screening for Hypogonadism in Primary Healthcare: How to do this Effectively.;Livingston M and Jones R and Hackett G and Donnahey G and Moreno GY and Duff CJ and Heald AH;29365335;Yes;n/a;2018;4;No;UK;UK;Multiple;UK;High-income economies
Morbidity and mortality with early pulmonary haemorrhage in preterm neonates.;Ahmad KA and Bennett MM and Ahmad SF and Clark RH and Tolia VN;29374627;Yes;n/a;2019;16;No;US;US;Pediatrix Medical Group;US;High-income economies
Pediatric Severe Sepsis Prediction Using Machine Learning.;Le S and Hoffman J and Barton C and Fitzgerald JC and Allen A and Pellegrini E and Calvert J and Das R;31681711;Yes;n/a;2019;1;No;US;US;University of California San Francisco;US;High-income economies
Ventilator Boot Camp Improves the Knowledge and Skills Associated With Mechanical Ventilator Use During Interfacility Transport of Intubated Pediatric Patients.;Walton JL and Dunn DK and Haines NY and Heisler I and Bigham MT and Volsko TA;29559539;No (excluded in full-paper screening);No real-world application (findings not based on real-world data);2018;?;No;US;US;;?;
Using Dispensing Data to Evaluate Adherence Implementation Rates in Community Pharmacy.;Torres-Robles A and Wiecek E and Cutler R and Drake B and Benrimoj SI and Fernandez-Llimos F and Garcia-Cardenas V;30863308;Yes;n/a;2019;;No;AU;AU;The Pharmacy Guild of Australia;AU;High-income economies
Effectiveness and safety of rivaroxaban versus warfarin in obese nonvalvular atrial fibrillation patients: analysis of electronic health record data.;Costa OS and Beyer-Westendorf J and Ashton V and Milentijevic D and Moore KT and Bunz TJ and Coleman CI;32347755;Yes;n/a;2020;9;No;US;US;Optum;US;High-income economies
How Clinical Practice Research Datalink data are used to support pharmacovigilance.;Ghosh RE and Crellin E and Beatty S and Donegan K and Myles P and Williams R;31210923;No (excluded in title and abstract screening);No medical research (no new insights with direct relevance to health);2019;;;;;;;
Factors affecting use of unscheduled care for people with advanced cancer: a retrospective cohort study in Scotland.;Mills S and Buchanan D and Guthrie B and Donnan P and Smith B;31740459;Yes;n/a;2019;2;No;UK;UK;Public Health Scotland, NHS Scotland;UK;High-income economies
Trends and predictors of extreme preterm birth: Western Australian population-based cohort study.;Farrant BM and White SW and Shepherd CCJ;30913277;Yes;n/a;2019;15;No;AU;AU;Western Australian Data Linkage System;AU;High-income economies
Practical utility of general practice data capture and spatial analysis for understanding COPD and asthma.;Niyonsenga T and Coffee NT and Del Fante P and Høj SB and Daniel M;30477507;Yes;n/a;2018;10;No;AU;AU;Multiple;AU;High-income economies
Selenium Deficiency in Lymphedema and Lipedema-A Retrospective Cross-Sectional Study from a Specialized Clinic.;Pfister C and Dawczynski H and Schingale FJ;32344864;Yes;n/a;2020;4;No;DE;DE;Lympho-Opt Clinic Pommelsbrunn-Hohenstadt;DE;High-income economies
Proton pump inhibitors and dementia risk: Evidence from a cohort study using linked routinely collected national health data in Wales, UK.;Cooksey R and Kennedy J and Dennis MS and Escott-Price V and Lyons RA and Seaborne M and Brophy S;32946449;Yes;n/a;2020;5;No;UK;UK;SAIL Databank;UK;High-income economies
The impact of universal access to direct-acting antiviral therapy on the hepatitis C cascade of care among individuals attending primary and community health services.;Traeger MW and Pedrana AE and van Santen DK and Doyle JS and Howell J and Thompson AJ and El-Hayek C and Asselin J and Polkinghorne V and Membrey D and Bramwell F and Carter A and Guy R and Stoové MA and Hellard ME;32603349;Yes;n/a;2020;1;No;AU;AU;Multiple;AU;High-income economies
Parsing clinical text using the state-of-the-art deep learning based parsers: a systematic comparison.;Zhang Y and Tiryaki F and Jiang M and Xu H;30943955;No (excluded in title and abstract screening);No real-world application (findings not based on real-world data);2019;;;;;;;
Real-World Dosing Patterns and Outcomes of Patients With Metastatic Pancreatic Cancer Treated With a Liposomal Irinotecan Regimen in the United States.;Barzi A and Miksad R and Surinach A and Corvino FA and Wang S and Torres AZ and Mamlouk K and Pulgar S and Valderrama A and Bekaii-Saab T and Ahn D;32011529;Yes;n/a;2020;2;No;US;US;Flatiron Health;US;High-income economies
Safety of inadvertent administration of live zoster vaccine to immunosuppressed individuals in a UK-based observational cohort analysis.;Grint DJ and McDonald HI and Walker JL and Amirthalingam G and Andrews N and Thomas S;32001495;Yes;n/a;2020;1;No;UK;UK;Clinical Practice Research Datalink;UK;High-income economies
The Safety of the Kahook Dual Blade in the Surgical Treatment of Glaucoma.;Barry M and Alahmadi MW and Alahmadi M and AlMuzaini A and AlMohammadi M;31976190;Yes;n/a;2020;7;No;SA;SA;Al-Maghrabi Hospital;SA;High-income economies
The antinuclear antibody dense fine speckled pattern and possible clinical associations: An indication of a proinflammatory microenvironment.;Lundgren MC and Sapkota S and Peterson DJ and Crosson JT;33121975;Yes;n/a;2021;13;No;US;US;Not precisely specified;US;High-income economies
Practice patterns and outcomes with the use of regorafenib in metastatic colorectal cancer: Results from the Regorafenib in Metastatic colorectal cancer - An Indian exploratory analysis study.;Ramaswamy A and Ostwal V and Pande N and Sharma A and Patil S and Thippeswamy R and Ghadyalpatil N and Roy R and Peshwe H and Poladia B and Rajamanickam D and Rangarajan B and Neelesh Reddy PR and Pandita V and Mukherjee A and Thoke A and Sarkar A and Satish CT and Shashidara H and Banavali SD;30766846;Yes;n/a;2019;2;No;IN;IN;Multiple;IN;Lower-middle-income economies
Community treatment orders and associations with readmission rates and duration of psychiatric hospital admission: a controlled electronic case register study.;Barkhuizen W and Cullen AE and Shetty H and Pritchard M and Stewart R and McGuire P and Patel R;32139493;Yes;n/a;2020;5;No;UK;UK;South London and Maudsley NHS Foundation Trust;UK;High-income economies
Natural Language Processing of Clinical Notes on Chronic Diseases: Systematic Review.;Sheikhalishahi S and Miotto R and Dudley JT and Lavelli A and Rinaldi F and Osmani V;31066697;No (excluded in title and abstract screening);No real-world application (findings not based on real-world data);2019;;;;;;;
Managing Patients in the COVID-19 Pandemic: A Virtual Multidisciplinary Approach.;Ganesh R and Salonen BR and Bhuiyan MN and Bierle DM and Moehnke D and Haddad TC and Tande AJ and Wilson J and Hurt RT;33521583;Yes;n/a;2021;22;Yes;US;US;Mayo Clinic ;US;High-income economies
Community Outreach for Navajo People Living with Diabetes: Who Benefits Most?;Trevisi L and Orav JE and Atwood S and Brown C and Curley C and King C and Muskett O and Sehn H and Nelson AK and Begay MG and Shin SS;32701432;Yes;n/a;2020;4;No;US;US;Multiple;US;High-income economies
Effectiveness of viable cryopreserved placental membranes for management of diabetic foot ulcers in a real world setting.;Raspovic KM and Wukich DK and Naiman DQ and Lavery LA and Kirsner RS and Kim PJ and Steinberg JS and Attinger CE and Danilkovitch A;29683538;Yes;n/a;2018;4;No;US;US;Multiple;US;High-income economies
Toward a Model for Personal Health Record Interoperability.;Roehrs A and da Costa CA and Righi RDR and Rigo SJ and Wichman MH;29993759;No (excluded in title and abstract screening);No medical research (no new insights with direct relevance to health);2019;;;;;;;
Findings from the 2019 International Medical Informatics Association Yearbook Section on Health Information Management.;Bloomrosen M and Berner ES;31419817;No (excluded in title and abstract screening);Anonymous survey;2019;;;;;;;
"Differentiating Usual Interstitial Pneumonia From Nonspecific Interstitial Pneumonia Using High-resolution Computed Tomography: The ""Straight-edge Sign"".";Zhan X and Koelsch T and Montner SM and Zhu A and Vij R and Swigris JJ and Chung JH;29683868;No (excluded in title and abstract screening);No tabular data;2018;;;;;;;
Phenome-Wide Association Studies Uncover a Novel Association of Increased Atrial Fibrillation in Male Patients With Systemic Lupus Erythematosus.;Barnado A and Carroll RJ and Casey C and Wheless L and Denny JC and Crofford LJ;29481723;Yes;n/a;2018;13;No;US;US;Vanderbilt University Medical Center;US;High-income economies
Creating synthetic patient data to support the design and evaluation of novel health information technology.;Pollack AH and Simon TD and Snyder J and Pratt W;31078659;No (excluded in title and abstract screening);No medical research (focus on anonymization);2019;;;;;;;
Research using electronic health records: not all de-identified datasets are created equal.;Yogarajan V and Ragupathy R;31039984;No (excluded in title and abstract screening);No medical research (focus on anonymization);2019;;;;;;;
Deep EHR: A Survey of Recent Advances in Deep Learning Techniques for Electronic Health Record (EHR) Analysis.;Shickel B and Tighe PJ and Bihorac A and Rashidi P;29989977;No (excluded in title and abstract screening);No real-world application (findings not based on real-world data);2018;;;;;;;
Increased blood pressure visit-to-visit variability in patients with systemic lupus erythematosus: association with inflammation and comorbidity burden.;Reese T and Dickson AL and Shuey MM and Gandelman JS and Barnado A and Barker KA and Neal JE and Khan OA and Dupont WD and Stein CM and Chung CP;31221051;Yes;n/a;2019;13;No;US;US;Vanderbilt University Medical Center;US;High-income economies
Retrospective Comparative Analysis of Opioid Use and Intra-Articular Corticosteroid Injections Before and After Initial Treatment of Knee Osteoarthritis with Hylan G-F 20.;Khangulov V and Zhang X and Munson SH and Peyerl F and Rey F;32581606;Yes;n/a;2020;13;No;US;FR;Cerner Corporation;US;High-income economies
Prescribing patterns of opioid analgesics in a dental setting: 2013-2018.;Miller CS and Ke C and Witty JT and Nagarajan R;32660860;Yes;n/a;2020;11;No;US;US;University of Kentucky College of Dentistry;US;High-income economies
Association Between Number of Actionable Pharmacogenetic Variants and Length of Hospital Stay.;Finkelstein J and Zhang F and Cabrera M;32604634;Yes;n/a;2020;;No;US;US;eMERGE;US;High-income economies
How do cardiovascular risk prediction equations developed among 30-74 year olds perform in older age groups? A validation study in 125 000 people aged 75-89 years.;Mehta S and Jackson R and Poppe K and Kerr AJ and Pylypchuk R and Wells S;32144211;Yes;n/a;2020;9;No;NZ;NZ;New Zeeland Ministry of Health;NZ;High-income economies
Approach to record linkage of primary care data from Clinical Practice Research Datalink to other health-related patient data: overview and implications.;Padmanabhan S and Carty L and Cameron E and Ghosh RE and Williams R and Strongman H;30219957;No (excluded in title and abstract screening);No medical research (focus on anonymization);2019;;;;;;;
Clinical features of early-stage possible Behçet's disease patients with a variant-type major organ involvement in Japan.;Suzuki T and Horita N and Takeuchi M and Ishido T and Mizuki Y and Mizuki R and Kawagoe T and Shibuya E and Yuta K and Yamane T and Hayashi T and Meguro A and Ishido M and Minegishi K and Yoshimi R and Kirino Y and Kato S and Arimoto J and Fukumoto T and Ishigatsubo Y and Kurosawa M and Takeno M and Kaneko T and Mizuki N;29954241;Yes;n/a;2019;13;No;JP;JP;Japanese Ministry of Health;JP;High-income economies
Incorporating a location-based socioeconomic index into a de-identified i2b2 clinical data warehouse.;Gardner BJ and Pedersen JG and Campbell ME and McClay JC;30715327;No (excluded in title and abstract screening);No medical research (focus on anonymization);2019;;;;;;;
Allogeneic hematopoietic cell transplantation for multiple myeloma: A retrospective analysis of the Polish Myeloma Group.;Gołos A and Gil L and Puła B and Boguradzki P and Hałaburda K and Sawicki W and Sobczyk-Kruszelnicka M and Helbig G and Dybko J and Jurczyszyn A and Dębek S and Warzocha K and Jamroziak K;32919120;No (not retrieved);Not retrieved;2020;;;;;;;
Descriptive analysis of real-world medication use pattern of statins and antiplatelet agents among patients with acute coronary syndrome in Hong Kong and the USA.;Wang Y and Nichol MB and Yan BP and Wu J and Tomlinson B and Lee VW;31315855;Yes;n/a;2019;9;No;AU;HK;Optum, Hong Kong Hospital Authority;US, HK;
Performance of Atrial Fibrillation Risk Prediction Models in Over 4 Million Individuals.;Khurshid S and Kartoun U and Ashburner JM and Trinquart L and Philippakis A and Khera AV and Ellinor PT and Ng K and Lubitz SA;33295794;Yes;n/a;2021;9;No;US;US;IBM;US;High-income economies
Evaluating risk factors for differences in fibroid size and number using a large electronic health record population.;Bray MJ and Torstenson ES and Jones SH and Edwards TL and Velez Edwards DR;29907250;Yes;n/a;2018;2;No;US;US;Vanderbilt University Medical Center;US;High-income economies
Acute Post-Tracheostomy Clinical Decompensations in Infants-Are There Predictive Markers?;Nyp MF and Taylor JB and Petralia A and Oschman A and Norberg M and Weatherly RA and Truog W and Manimtim W;29702711;Yes;n/a;2018;17;No;US;US;Children's Mercy Hospital Kansas City;US;High-income economies
Guideline-concordant-phenotyping: Identifying patient indications for implantable cardioverter defibrillators from electronic health records.;Manrodt C and Curtis AB and Soderlund D and Fonarow GC;32298971;Yes;n/a;2020;9;No;US;US;Optum;US;High-income economies
Epidemiology of dementia: prevalence and incidence estimates using validated electronic health records from primary care.;Ponjoan A and Garre-Olmo J and Blanch J and Fages E and Alves-Cabratosa L and Martí-Lluch R and Comas-Cufí M and Parramon D and Garcia-Gil M and Ramos R;30881138;Yes;n/a;2019;5;No;ES;ES;SIDIAP;ES;High-income economies
Development and validation of a multivariable prediction model for infection-related complications in patients with common infections in UK primary care and the extent of risk-based prescribing of antibiotics.;Mistry C and Palin V and Li Y and Martin GP and Jenkins D and Welfare W and Ashcroft DM and van Staa T;32434588;Yes;n/a;2020;1;No;UK;UK;SAIL Databank, Clinical Practice Research Datalink;UK;High-income economies
Adherence to hepatitis A and hepatitis B multi-dose vaccination schedules among adults in the United Kingdom: a retrospective cohort study.;Johnson KD and Lu X and Zhang D;30987613;Yes;n/a;2019;1;No;US;US;Clinical Practice Research Datalink;UK;High-income economies
An enhanced prognostic score for overall survival of patients with cancer derived from a large real-world cohort.;Becker T and Weberpals J and Jegg AM and So WV and Fischer A and Weisser M and Schmich F and Rüttinger D and Bauer-Mehren A;32739409;Yes;n/a;2020;2;No;DE;DE;Flatiron Health;US;High-income economies
The research data management platform (RDMP): A novel, process driven, open-source tool for the management of longitudinal cohorts of clinical data.;Nind T and Galloway J and McAllister G and Scobbie D and Bonney W and Hall C and Tramma L and Reel P and Groves M and Appleby P and Doney A and Guthrie B and Jefferson E;29790950;No (excluded in title and abstract screening);No real-world application (findings not based on real-world data);2018;;;;;;;
Using Public Health Data for Soil Pb Hazard Management in Ohio.;Obrycki JF and Serafini T and Hood DB and Alexander C and Blais P and Basta NT;28079647;Yes;n/a;2018;19;No;US;US;Ohio Department of Health;US;High-income economies
Mode of birth after caesarean section: individual prediction scores using Scottish population data.;Denham SH and Humphrey T and deLabrusse C and Dougall N;30819140;Yes;n/a;2019;15;No;UK;UK;Aberdeen Maternity and Neonatal databank;UK;High-income economies
Use of Machine Learning and Artificial Intelligence to predict SARS-CoV-2 infection from Full Blood Counts in a population.;Banerjee A and Ray S and Vorselaars B and Kitson J and Mamalakis M and Weeks S and Baker M and Mackenzie LS;32652499;Yes;n/a;2020;22;Yes;UK;UK;Hospital Israelita Albert Einstein;BR;Upper-middle-income economies
Trends in Positive BRCA Test Results Among Older Women in the United States, 2008-2018.;Guo F and Scholl M and Fuchs EL and Wong R and Kuo YF and Berenson AB;33151316;Yes;n/a;2020;2;No;US;US;Optum;US;High-income economies
Patient characteristics and outcome measurement in a low secure forensic hospital.;Longdon L and Edworthy R and Resnick J and Byrne A and Clarke M and Cheung N and Khalifa N;29218747;No (excluded in title and abstract screening);No real-world application (findings not based on real-world data);2018;;;;;;;
Real-World Outcomes for Advanced Non-Small Cell Lung Cancer Patients Treated With a PD-L1 Inhibitor Beyond Progression.;Stinchcombe TE and Miksad RA and Gossai A and Griffith SD and Torres AZ;32409266;Yes;n/a;2020;2;No;US;US;Flatiron Health;US;High-income economies
Prevalence of Established Cardiovascular Disease in Patients with Type 2 Diabetes Mellitus in the UK.;Lautsch D and Wang T and Yang L and Rajpathak SN;31583647;Yes;n/a;2019;4;No;US;US;Clinical Practice Research Datalink;UK;High-income economies
De-identifying free text of Japanese electronic health records.;Kajiyama K and Horiguchi H and Okumura T and Morita M and Kano Y;32958039;No (excluded in title and abstract screening);No medical research (focus on anonymization);2020;;;;;;;
Relationships between public health nurse-delivered physical activity interventions and client physical activity behavior.;Olsen JM and Horning ML and Thorson D and Monsen KA;29579488;Yes;n/a;2018;;No;US;US;Not precisely specified;US;High-income economies
Maternal and neonatal outcomes among incarcerated women who gave birth in custody.;Shlafer R and Saunders JB and Boraas CM and Kozhimannil KB and Mazumder N and Freese R;33368480;Yes;n/a;2021;15;No;US;US;University of Minnesota, Minnesota Department of Corrections;US;High-income economies
Utilization Trends and Factors Associated With ROS1 Testing Among Patients With Advanced Non-small-cell Lung Cancer in US Community Practices.;Wong W and Wu N and Gupta R and Mansfield AS;32763067;Yes;n/a;2021;2;No;US;US;Flatiron Health;US;High-income economies
Learning relevance models for patient cohort retrieval.;Goodwin TR and Harabagiu SM;30474078;No (excluded in title and abstract screening);No real-world application (findings not based on real-world data);2018;;;;;;;
Prior Treatment Time Affects Survival Outcomes in Metastatic Breast Cancer.;Rocque GB and Gilbert A and Williams CP and Kenzik KM and Nakhmani A and Kandhare PG and Bhatia S and Burkard ME and Azuero A;32479187;Yes;n/a;2020;2;No;US;US;Flatiron Health;US;High-income economies
PRISM: A Platform for Imaging in Precision Medicine.;Sharma A and Tarbox L and Kurc T and Bona J and Smith K and Kathiravelu P and Bremer E and Saltz JH and Prior F;32479186;No (excluded in title and abstract screening);No tabular data;2020;;;;;;;
Assessment of Potentially Inappropriate Prescribing of Opioid Analgesics Requiring Prior Opioid Tolerance.;Jeffery MM and Chaisson CE and Hane C and Rumanes L and Tucker J and Hang L and McCoy R and Chen CL and Bicket MC and Hooten WM and Larochelle M and Becker WC and Kornegay C and Racoosin JA and Sanghavi D;32293684;Yes;n/a;2020;;No;US;US;Optum;US;High-income economies
Impact of initial COVID-19 restrictions on psychiatry presentations to the emergency department of a large academic teaching hospital.;McAndrew J and O'Leary J and Cotter D and Cannon M and MacHale S and Murphy KC and Barry H;32996441;Yes;n/a;2021;5;Yes;IE;IE;Beaumont Hospital;IE;High-income economies
EPIDEMIOLOGY of NECK INJURIES ACCOMPANYING SPORT CONCUSSIONS in YOUTH OVER a 13-YEAR PERIOD IN a COMMUNITY-BASED HEALTHCARE SYSTEM.;Carmichael JP and Staton EW and Blatchford PJ and Stevens-Lapsley J;31681492;Yes;n/a;2019;19;No;US;US;University of Colorado Health, Childrens Hospital Colorado;US;High-income economies
Individuals with spinal cord injury have greater odds of substance use disorders than non-sci comparisons.;Graupensperger S and Corey JJ and Turrisi RJ and Evans MB;31606588;Yes;n/a;2019;5;No;US;US;Penn State Hershey Medical Center;US;High-income economies
Demographic, Clinical, and Immunologic Correlates among a Cohort of 50 Cocaine Users Demonstrating Antineutrophil Cytoplasmic Antibodies.;Morcos MB and Lood C and Hughes GC;31092720;Yes;n/a;2019;13;No;US;US;University of Washington;US;High-income economies
Suitability of administrative claims databases for bariatric surgery research - is the glass half-full or half-empty?;Li X and Lewis KH and Callaway K and Wharam JF and Toh S;32894060;Yes;n/a;2020;4;No;US;US;Optum;US;High-income economies
Irish School Entry Screening referral trends and cohort comparison with preschool specialist referrals.;Pitt-Byrne T;29504414;Yes;n/a;2018;;No;IE;;Multiple;IE;High-income economies
An evaluation of recurrent hypoglycemia across Chicago, Illinois.;O'Connor CE and Oh EH and Jackson KL and Finn DJ and Rosenman MB and Molitch ME and Kho A and Wallia A;32732137;Yes;n/a;2020;4;No;US;US;Multiple;US;High-income economies
Stroke Risk as a Function of Atrial Fibrillation Duration and CHA(2)DS(2)-VASc Score.;Kaplan RM and Koehler J and Ziegler PD and Sarkar S and Zweibel S and Passman RS;31564126;Yes;n/a;2019;9;No;US;US;Optum;US;High-income economies
Disorders of Bulldogs under primary veterinary care in the UK in 2013.;O'Neill DG and Skipper AM and Kadhim J and Church DB and Brodbelt DC and Packer RMA;31188857;No (excluded in title and abstract screening);No medical research (no new insights with direct relevance to health);2019;;;;;;;
Early Identification of Delirium in Intensive Care Unit Patients: Improving the Quality of Care.;Spiegelberg J and Song H and Pun B and Webb P and Boehm LM;32236428;Yes;n/a;2020;5;No;US;US;Not precisely specified;US;High-income economies
Disease Progression Modeling Analysis of the Change of Bone Mineral Density by Postoperative Hormone Therapies in Postmenopausal Patients With Early Breast Cancer.;Yoon S and Bae KS and Cho YS and Han S and Kim H and Lim HS;31172521;Yes;n/a;2019;13;No;KR;KR;Asan Medical Center;KR;High-income economies
Predictors of objectively measured physical activity in 12-month-old infants: A study of linked birth cohort data with electronic health records.;Raza H and Zhou SM and Todd C and Christian D and Marchant E and Morgan K and Khanom A and Hill R and Lyons RA and Brophy S;30729733;Yes;n/a;2019;;No;UK;UK;SAIL Databank;UK;High-income economies
Using applied machine learning to predict healthcare utilization based on socioeconomic determinants of care.;Chen S and Bergman D and Miller K and Kavanagh A and Frownfelter J and Showalter J;31951356;Yes;n/a;2020;;No;US;US;Multiple;US;High-income economies
The Needs and Benefits of Continuous Model Updates on the Accuracy of RT-Induced Toxicity Prediction Models Within a Learning Health System.;Nakatsugawa M and Cheng Z and Kiess A and Choflet A and Bowers M and Utsunomiya K and Sugiyama S and Wong J and Quon H and McNutt T;30300689;Yes;n/a;2019;;No;JP;US;Not precisely specified;US;High-income economies
Analyzing the performance of a blockchain-based personal health record implementation.;Roehrs A and da Costa CA and da Rosa Righi R and da Silva VF and Goldim JR and Schmidt DC;30844481;No (excluded in title and abstract screening);No medical research (no new insights with direct relevance to health);2019;;;;;;;
Trends in Hospital Admissions for Intimate Partner Violence in Australian Mothers With Children Born From 1990 to 2009.;Orr C and Preen D and Fisher C and Sims S and O'Donnell M;30813820;Yes;n/a;2021;;No;AU;AU;Western Australian Data Linkage System;AU;High-income economies
Estimating Uterine Fibroid SNP-Based Heritability in European American Women with Imaging-Confirmed Fibroids.;Bray MJ and Davis LK and Torstenson ES and Jones SH and Edwards TL and Velez Edwards DR;31480066;Yes;n/a;2019;2;No;US;US;Vanderbilt University Medical Center;US;High-income economies
Population-Based Linkage of Big Data in Dental Research.;Joda T and Waltimo T and Pauli-Magnus C and Probst-Hensch N and Zitzmann NU;30366416;No (excluded in title and abstract screening);No real-world application (findings not based on real-world data);2018;;;;;;;
Age-appropriate cancer screening: A cohort study of adults with psoriasis prescribed biologics, adults in the general population, and adults with hypertension.;Barbieri JS and Wang S and Ogdie AR and Shin DB and Takeshita J;33470207;Yes;n/a;2021;2;No;US;US;Optum;US;High-income economies
"Ten-year patient journey of stage III non-small cell lung cancer patients: A single-center, observational, retrospective study in Korea (Realtime autOmatically updated data warehOuse in healTh care; UNIVERSE-ROOT study).";Jung HA and Sun JM and Lee SH and Ahn JS and Ahn MJ and Park K;32526601;Yes;n/a;2020;2;No;KR;KR;Not precisely specified;KR;High-income economies
Advancing In-Hospital Clinical Deterioration Prediction Models.;Jeffery AD and Dietrich MS and Fabbri D and Kennedy B and Novak LL and Coco J and Mion LC;30173171;Yes;n/a;2018;;No;US;US;Not precisely specified;US;High-income economies
A Novel Patient Recruitment Strategy: Patient Selection Directly from the Community through Linkage to Clinical Data.;Zimmerman LP and Goel S and Sathar S and Gladfelter CE and Onate A and Kane LL and Sital S and Phua J and Davis P and Margellos-Anast H and Meltzer DO and Polonsky TS and Shah RC and Trick WE and Ahmad FS and Kho AN;29444537;No (excluded in title and abstract screening);No medical research (no new insights with direct relevance to health);2018;;;;;;;
Monitoring Rates of Malnutrition Risk in Outpatient Cancer Centers Utilizing the Malnutrition Screening Tool Embedded into the Electronic Health Record.;Trujillo EB and Shapiro AC and Stephens N and Johnson SJ and Mills JB and Zimmerman AR and Spees CK;33309592;Yes;n/a;2021;4;No;US;US;Multiple;US;High-income economies
Application of Machine Learning Methods to Ambulatory Circadian Monitoring (ACM) for Discriminating Sleep and Circadian Disorders.;Rodriguez-Morilla B and Estivill E and Estivill-Domènech C and Albares J and Segarra F and Correa A and Campos M and Rol MA and Madrid JA;31920488;Yes;n/a;2019;5;No;ES;ES;University of Murcia;ES;High-income economies
Imaging and clinical data archive for head and neck squamous cell carcinoma patients treated with radiotherapy.;Grossberg AJ and Mohamed ASR and Elhalawani H and Bennett WC and Smith KE and Nolan TS and Williams B and Chamchod S and Heukelom J and Kantor ME and Browne T and Hutcheson KA and Gunn GB and Garden AS and Morrison WH and Frank SJ and Rosenthal DI and Freymann JB and Fuller CD;30179230;No (excluded in title and abstract screening);No real-world application (findings not based on real-world data);2018;;;;;;;
Linking 'data silos' to investigate anaemia among Aboriginal and Torres Strait Islander mothers and children in Far North Queensland.;Leonard D and Buettner P and Thompson F and Makrides M and McDermott R;30151954;No (excluded in title and abstract screening);No medical research (focus on data provision);2018;;;;;;;
Neonatal sepsis registry: Time to antibiotic dataset.;Ostapenko S and Schmatz M and Srinivasan L and Elci OU and Weiss SL and Masino AJ and Tremoglie M and Harris MC and Grundmeier RW;31799346;No (excluded in title and abstract screening);No real-world application (findings not based on real-world data);2019;;;;;;;
At-risk registers integrated into primary care to stop asthma crises in the UK (ARRISA-UK): study protocol for a pragmatic, cluster randomised trial with nested health economic and process evaluations.;Smith JR and Musgrave S and Payerne E and Noble M and Sims EJ and Clark AB and Barton G and Pinnock H and Sheikh A and Wilson AM;30157917;No (excluded in title and abstract screening);No real-world application (findings not based on real-world data);2018;;;;;;;
Zoster vaccination inequalities: A population based cohort study using linked data from the UK Clinical Practice Research Datalink.;Jain A and Walker JL and Mathur R and Forbes HJ and Langan SM and Smeeth L and van Hoek AJ and Thomas SL;30439975;Yes;n/a;2018;1;No;UK;UK;Clinical Practice Research Datalink;UK;High-income economies
Psychiatric comorbidity as a risk factor for the mortality of people with bulimia nervosa.;Himmerich H and Hotopf M and Shetty H and Schmidt U and Treasure J and Hayes RD and Stewart R and Chang CK;30756148;Yes;n/a;2019;5;No;UK;UK;South London and Maudsley NHS Foundation Trust;UK;High-income economies
Hospitalization for mental health related ambulatory care sensitive conditions: what are the trends for First Nations in British Columbia?;Lavoie JG and Ward A and Wong ST and Ibrahim N and Morton D and O'Neil JD and Green M;30285775;Yes;n/a;2018;5;No;CA;CA;Ministry of Health Services, University of British Columbia;CA;High-income economies
Immunotherapy Treatment Patterns and Outcomes Among ALK-Positive Patients With Non-Small-Cell Lung Cancer.;Jahanzeb M and Lin HM and Pan X and Yin Y and Baumann P and Langer CJ;33250347;Yes;n/a;2021;2;No;US;US;Flatiron Health;US;High-income economies
Implementing a college mental health program - an overview of the first twelve months.;Downs N and Alderman T and Bhakta S and Greenwood TA;29601286;Yes;n/a;2019;5;No;US;US;University of California San Diego;US;High-income economies
Association Between Low-Density Lipoprotein Cholesterol Levels and Risk for Sepsis Among Patients Admitted to the Hospital With Infection.;Feng Q and Wei WQ and Chaugai S and Leon BGC and Mosley JD and Leon DAC and Jiang L and Ihegword A and Shaffer CM and Linton MF and Chung CP and Stein CM;30657536;Yes;n/a;2019;1;No;US;US;Vanderbilt University Medical Center;US;High-income economies
Detection of HIV transmission hotspots in British Columbia, Canada: A novel framework for the prioritization and allocation of treatment and prevention resources.;McLaughlin A and Sereda P and Oliveira N and Barrios R and Brumme CJ and Brumme ZL and Montaner JSG and Joy JB;31628022;Yes;n/a;2019;1;No;CA;CA;British Columbia Centre for Excellence in HIV/AIDS;CA;High-income economies
Body Perception Disturbance and Pain Reduction in Longstanding Complex Regional Pain Syndrome Following a Multidisciplinary Rehabilitation Program.;Lewis JS and Kellett S and McCullough R and Tapper A and Tyler C and Viner M and Palmer S;31373373;Yes;n/a;2019;6;No;UK;UK;Royal National Hospital for Rheumatic Diseases;UK;High-income economies
The Veterans Affairs Precision Oncology Data Repository, a Clinical, Genomic, and Imaging Research Database.;Elbers DC and Fillmore NR and Sung FC and Ganas SS and Prokhorenkov A and Meyer C and Hall RB and Ajjarapu SJ and Chen DC and Meng F and Grossman RL and Brophy MT and Do NV;33205130;No (excluded in title and abstract screening);No real-world application (findings not based on real-world data);2020;;;;;;;
Cascade Monitoring in Multidisciplinary Adolescent HIV Care Settings: Protocol for Utilizing Electronic Health Records.;Pennar AL and Dark T and Simpson KN and Gurung S and Cain D and Fan C and Parsons JT and Naar S;31148543;No (excluded in title and abstract screening);No real-world application (findings not based on real-world data);2019;;;;;;;
Identifying patients with asthma-chronic obstructive pulmonary disease overlap syndrome using latent class analysis of electronic health record data: a study protocol.;Al Sallakh MA and Rodgers SE and Lyons RA and Sheikh A and Davies GA;29925836;No (excluded in full-paper screening);4a (Protocol);2018;10;No;UK;UK;?;UK;High-income economies
Maternal health, pregnancy and birth outcomes for women involved in care proceedings in Wales: a linked data study.;Griffiths LJ and Johnson RD and Broadhurst K and Bedston S and Cusworth L and Alrouh B and Ford DV and John A;33198668;Yes;n/a;2020;15;No;UK;UK;SAIL Databank;UK;High-income economies
Longitudinal Risk Prediction of Chronic Kidney Disease in Diabetic Patients Using a Temporal-Enhanced Gradient Boosting Machine: Retrospective Cohort Study.;Song X and Waitman LR and Yu AS and Robbins DC and Hu Y and Liu M;32012067;Yes;n/a;2020;14;No;US;US;University of Kansas Medical Center;US;High-income economies
Metformin Use in Diabetes Prior to Hospitalization: Effects on Mortality in Covid-19.;Li J and Wei Q and Li WX and McCowen KC and Xiong W and Liu J and Jiang W and Marin T and Thomas RL and He M and Gongol B and Hepokoski M and Yuan JX and Shyy JY and Xiong N and Malhotra A;33471718;Yes;n/a;2020;4;No;US;US;Wuhan Red Cross Hospital;CN;Upper-middle-income economies
Adverse Childhood Experiences and Physical and Mental Health of Adults: Assessing the Mediating Role of Cumulative Life Course Poverty.;Huang Y and Liu H and Masum M;33356410;Yes;n/a;2021;5;No;US;US;University of Michigan;US;High-income economies
Attitudes of health professionals to using routinely collected clinical data for performance feedback and personalised professional development.;Shaw T and Janssen A and Crampton R and O'Leary F and Hoyle P and Jones A and Shetty A and Gunja N and Ritchie AG and Spallek H and Solman A and Kay J and Makeham MA and Harnett P;30927464;No (excluded in title and abstract screening);No real-world application (findings not based on real-world data);2019;;;;;;;
Polysubstance abuse associated with more frequent opioid use among patients in rural primary care settings.;Albright DL and McDaniel J and Laha-Walsh K and Morrison B and McIntosh S;32885836;No (not retrieved);Not retrieved;2020;;;;;;;
Accuracy of High-Speed Video Analysis to Diagnose Primary Ciliary Dyskinesia.;Rubbo B and Shoemark A and Jackson CL and Hirst R and Thompson J and Hayes J and Frost E and Copeland F and Hogg C and O'Callaghan C and Reading I and Lucas JS;30826306;No (excluded in title and abstract screening);No tabular data;2019;;;;;;;
In-Hospital Therapy for Heart Failure With Reduced Ejection Fraction in the United States.;Greene SJ and Triana TS and Ionescu-Ittu R and Burne RM and Guérin A and Borentain M and Kessler PD and Tugcu A and DeSouza MM and Felker GM and Chen L;32800512;Yes;n/a;2020;9;No;US;US;Optum;US;High-income economies
Implementation and early adaptation of patient-reported outcome measures into an electronic health record: A technical report.;Gold HT and Karia RJ and Link A and Lebwohl R and Zuckerman JD and Errico TJ and Slover JD and Buckland AJ and Mann DM and Cantor MN;30516095;No (excluded in title and abstract screening);No real-world application (findings not based on real-world data);2020;;;;;;;
Rule-based and machine learning algorithms identify patients with systemic sclerosis accurately in the electronic health record.;Jamian L and Wheless L and Crofford LJ and Barnado A;31888720;Yes;n/a;2019;13;No;US;US;Vanderbilt University Medical Center;US;High-income economies
Clinical Decision Support for Hyperbilirubinemia Risk Assessment in the Electronic Health Record.;Petersen JD and Lozovatsky M and Markovic D and Duncan R and Zheng S and Shamsian A and Kagele S and Ross MK;32058105;No (excluded in title and abstract screening);No medical research (no new insights with direct relevance to health);2020;;;;;;;
Late-life depression in people from ethnic minority backgrounds: Differences in presentation and management.;Mansour R and Tsamakis K and Rizos E and Perera G and Das-Munshi J and Stewart R and Mueller C;32056770;Yes;n/a;2020;5;No;UK;UK;South London and Maudsley NHS Foundation Trust;UK;High-income economies
Circannual variation in relative weight of children 5 to 16 years of age.;Bhutani S and Hanrahan LP and Vanwormer J and Schoeller DA;29665291;Yes;n/a;2018;4;No;US;US;University of Wisconsin;US;High-income economies
Association of baseline systemic corticosteroid use with overall survival and time to next treatment in patients receiving immune checkpoint inhibitor therapy in real-world US oncology practice for advanced non-small cell lung cancer, melanoma, or urothelial carcinoma.;Drakaki A and Dhillon PK and Wakelee H and Chui SY and Shim J and Kent M and Degaonkar V and Hoang T and McNally V and Luhn P and Gutzmer R;33101774;Yes;n/a;2020;2;No;US;DE;Flatiron Health;US;High-income economies
An early warning system for emerging drugs of concern in the emergency department: Protocol for the Western Australian Illicit Substance Evaluation (WISE) study.;McCutcheon D and Raghavan M and Soderstrom J and Oosthuizen F and Douglas B and MacDonald E and Fatovich D;30318770;No (excluded in title and abstract screening);No real-world application (findings not based on real-world data);2019;;;;;;;
Psoriatic arthritis treatment regimens, therapy duration and reasons for cessation in the biologics era: a multi-centre Australian study.;Tymms K and Kelly A and Bird P and Griffiths H and de Jager J and Littlejohn G and Louw S and Roberts L and Youssef P and Zochling J and Nichols D;28730757;Yes;n/a;2018;13;No;AU;AU;Optimising Patient Outcomes in Australian Rheumatology ;AU;High-income economies
Can diffusion- and perfusion-weighted imaging alone accurately triage anterior circulation acute ischemic stroke patients to endovascular therapy?;Wolman DN and Iv M and Wintermark M and Zaharchuk G and Marks MP and Do HM and Dodd RL and Albers GW and Lansberg MG and Heit JJ;29555872;No (excluded in title and abstract screening);No tabular data;2018;;;;;;;
Influence of the residential environment on undergraduate students' health.;Cedeno Laurent JG and Allen JG and McNeely E and Dominici F and Spengler JD;31796873;Yes;n/a;2020;;No;US;US;Not precisely specified;US;High-income economies
Generating Real-World Tumor Burden Endpoints from Electronic Health Record Data: Comparison of RECIST, Radiology-Anchored, and Clinician-Anchored Approaches for Abstracting Real-World Progression in Non-Small Cell Lung Cancer.;Griffith SD and Tucker M and Bowser B and Calkins G and Chang CJ and Guardino E and Khozin S and Kraut J and You P and Schrag D and Miksad RA;31140124;Yes;n/a;2019;2;No;US;US;Flatiron Health;US;High-income economies
Place of death in a small island state: a death certificate population study.;Jennings N and Chambaere K and Deliens L and Cohen J;30659046;Yes;n/a;2020;;No;BE;BE;Central Statistical Office of Trinidad and Tobago;TT;High-income economies
HLA-A*32:01 is strongly associated with vancomycin-induced drug reaction with eosinophilia and systemic symptoms.;Konvinse KC and Trubiano JA and Pavlos R and James I and Shaffer CM and Bejan CA and Schutte RJ and Ostrov DA and Pilkinton MA and Rosenbach M and Zwerner JP and Williams KB and Bourke J and Martinez P and Rwandamuriye F and Chopra A and Watson M and Redwood AJ and White KD and Mallal SA and Phillips EJ;30776417;Yes;n/a;2019;3;No;US;US;Vanderbilt University Medical Center;US;High-income economies
Association of Nonsteroidal Anti-inflammatory Drug Prescriptions With Kidney Disease Among Active Young and Middle-aged Adults.;Nelson DA and Marks ES and Deuster PA and O'Connor FG and Kurina LM;30768191;Yes;n/a;2019;14;No;US;US;U.S. Department of Defense;US;High-income economies
The side effect profile of Clozapine in real world data of three large mental health hospitals.;Iqbal E and Govind R and Romero A and Dzahini O and Broadbent M and Stewart R and Smith T and Kim CH and Werbeloff N and MacCabe JH and Dobson RJB and Ibrahim ZM;33290433;Yes;n/a;2020;5;No;UK;UK;Camden and Islington NHS Foundation Trust, Oxford Health NHS Foundation Trust, South London and Maudsley NHS Foundation Trust;UK;High-income economies
SemEHR: A general-purpose semantic search system to surface semantic data from clinical notes for tailored care, trial recruitment, and clinical research.;Wu H and Toti G and Morley KI and Ibrahim ZM and Folarin A and Jackson R and Kartoglu I and Agrawal A and Stringer C and Gale D and Gorrell G and Roberts A and Broadbent M and Stewart R and Dobson RJB;29361077;No (excluded in title and abstract screening);No medical research (focus on data provision);2018;;;;;;;
Patterning in Patient Referral to and Uptake of a National Exercise Referral Scheme (NERS) in Wales From 2008 to 2017: A Data Linkage Study.;Morgan K and Rahman M and Moore G;32498367;Yes;n/a;2020;;No;UK;UK;SAIL Databank;UK;High-income economies
Trazodone use and risk of dementia: A population-based cohort study.;Brauer R and Lau WCY and Hayes JF and Man KKC and Osborn DPJ and Howard R and Kim J and Wong ICK;30721226;Yes;n/a;2019;5;No;UK;UK;The Health Improvement Network;UK;High-income economies
The electronic frailty index as an indicator of community healthcare service utilisation in the older population.;Boyd PJ and Nevard M and Ford JA and Khondoker M and Cross JL and Fox C;30590413;Yes;n/a;2019;18;No;UK;UK;Multiple;UK;High-income economies
Ensemble-based Methods to Improve De-identification of Electronic Health Record Narratives.;Kim Y and Heider P and Meystre S;30815108;No (excluded in title and abstract screening);No medical research (focus on anonymization);2018;;;;;;;
Neuropathy and Other Risk Factors for Lower Extremity Amputation in People with Diabetes Using a Clinical Data Repository System.;Alothman S and Alenazi A and Waitman LR and LeMaster J and Kluding P;30194829;No (not retrieved);Not retrieved;2018;;;;;;;
De-identification of Clinical Text via Bi-LSTM-CRF with Neural Language Models.;Tang B and Jiang D and Chen Q and Wang X and Yan J and Shen Y;32308882;No (excluded in title and abstract screening);No medical research (focus on anonymization);2019;;;;;;;
deidentify.;Burckhardt P and Padman R;29854113;No (excluded before screening);Outside the search period;2017;;;;;;;
Challenges in the Analysis of Outcomes for Surgical Compared to Radiotherapy Treatment of Prostate Cancer.;Glaser SM and Kalash R and Bongiorni DR and Roberts MS and Balasubramani GK and Jacobs BL and Beriwal S and Heron DE and Greenberger JS;29275307;Yes;n/a;2018;2;No;US;US;University of Pittsburgh Medical Center;US;High-income economies
Using big data from real-world Australian rheumatology encounters to enhance clinical care and research.;Littlejohn GO and Tymms KE and Smith T and Griffiths HT;31820719;No (excluded in title and abstract screening);No medical research (focus on data provision);2020;;;;;;;
Impact of Air Pollution and Trans-Boundary Haze on Nation-Wide Emergency Department Visits and Hospital Admissions in Singapore.;Chan SL and Ho AF and Ding H and Liu N and Earnest A and Koh MS and Chuah JS and Lau ZY and Tan KB and Zheng H and Morgan GG and Ong ME;32246709;Yes;n/a;2020;;No;SG;SG;Multiple healthcare facilities, Ministry of Health Singapore;SG;High-income economies
Exploring Older Adults' Strengths, Problems, and Wellbeing Using De-identified Electronic Health Record Data.;Gao G and Pieczkiewicz D and Kerr M and Lindquist R and Chi CL and Maganti S and Austin R and Kreitzer MJ and Todd K and Monsen KA;30815168;Yes;n/a;2018;;No;US;US;Not precisely specified;US;High-income economies
Enhancing medical data quality through data curation: a case study in primary Sjögren's syndrome.;Pezoulas VC and Kourou KD and Kalatzis F and Exarchos TP and Venetsanopoulou AI and Zampeli E and Gandolfo S and Skopouli FN and De Vita S and Tzioufas AG and Fotiadis DI;31287405;No (excluded in title and abstract screening);No medical research (no new insights with direct relevance to health);2019;;;;;;;
The Effects of Ultraviolet C Irradiation in the Treatment of Chronic Wounds: A Retrospective, Descriptive Study.;Yarboro D and Millar A and Smith R;31373559;Yes;n/a;2019;12;No;US;US;Northern Hospital of Surry County;US;High-income economies
Bleeding Entity Recognition in Electronic Health Records: A Comprehensive Analysis of End-to-End Systems.;Mitra A and Rawat BPS and McManus D and Kapoor A and Yu H;33936461;No (excluded in title and abstract screening);No tabular data;2020;;;;;;;
A Computable Phenotype Model for Classification of Men Who Have Sex With Men Within a Large Linked Database of Laboratory, Surveillance, and Administrative Healthcare Records.;Salway T and Butt ZA and Wong S and Abdia Y and Balshaw R and Rich AJ and Ablona A and Wong J and Grennan T and Yu A and Alvarez M and Rossi C and Gilbert M and Krajden M and Janjua NZ;34713035;Yes;n/a;2020;;No;CA;CA;University of British Columbia;CA;High-income economies
Data Resource: population level family justice administrative data with opportunities for data linkage.;Johnson RD and Ford DV and Broadhurst K and Cusworth L and Jones KH and Akbari A and Bedston S and Alrouh B and Doebler S and Lee A and Smart J and Thompson S and Trinder L and Griffiths LJ;34233348;Yes;n/a;2020;;No;UK;UK;SAIL Databank;UK;High-income economies
How effective are population health surveys for estimating prevalence of chronic conditions compared to anonymised clinical data?;Whiffen T and Akbari A and Paget T and Lowe S and Lyons R;34232969;Yes;n/a;2020;;No;UK;UK;SAIL Databank;UK;High-income economies
A cloud-based bioinformatic analytic infrastructure and Data Management Core for the Expanded Program on Immunization Consortium.;Vignolo SM and Diray-Arce J and McEnaney K and Rao S and Shannon CP and Idoko OT and Cole F and Darboe A and Cessay F and Ben-Othman R and Tebbutt SJ and Kampmann B and Levy O and Ozonoff A;33948273;No (excluded in title and abstract screening);No medical research (no new insights with direct relevance to health);2020;;;;;;;
Interrogating an ICD-coded electronic health records database to characterize the epidemiology of prosopagnosia.;Pressl C and Jiang CS and Correa da Rosa J and Friedrich M and Vaughan R and Freiwald WA and Tobin JN;33948237;Yes;n/a;2020;18;No;US;US;Multiple;US;High-income economies
Identifying children with Cystic Fibrosis in population-scale routinely collected data in Wales: A Retrospective Review.;Griffiths R and Schlüter DK and Akbari A and Cosgriff R and Tucker D and Taylor-Robinson D;33644411;Yes;n/a;2020;4;No;UK;UK;SAIL Databank;UK;High-income economies
A Simulation Paradigm for Evaluation of Subtle Liver Lesions at Pediatric CT: Performance and Confidence.;Ngo JS and Solomon JB and Samei E and Richards T and Ngo L and Erkanli A and Zhang B and Allen BC and Davis JT and Devalapalli A and Groller R and Marin D and Maxfield CM and Pamarthi V and Patel BN and Schooler GR and Frush DP;33778672;No (excluded in title and abstract screening);No tabular data;2019;;;;;;;
Data Resource: Vascular Risk in Adult New Zealanders (VARIANZ) datasets.;Mehta S and Jackson R and Exeter DJ and Wu BP and Wells S and Kerr AJ;34095534;No (excluded in title and abstract screening);No medical research (focus on data provision);2019;;;;;;;
Prognostic value of plasma circulating tumor DNA fraction across four common cancer types: a real-world outcomes study.;Reichert ZR and Morgan TM and Li G and Castellanos E and Snow T and Dall'Olio FG and Madison RW and Fine AD and Oxnard GR and Graf RP and Stover DG;36208697;No (excluded before screening);Outside the search period;2023;;;;;;;
Real-world effectiveness of CPX-351 vs venetoclax and azacitidine in acute myeloid leukemia.;Matthews AH and Perl AE and Luger SM and Loren AW and Gill SI and Porter DL and Babushok DV and Maillard IP and Carroll MP and Frey NV and Hexner EO and Martin ME and McCurdy SR and Stadtmauer EA and Paralkar VR and Bruno XJ and Hwang WT and Margolis D and Pratz KW;35507945;Yes;n/a;2022;2;No;US;US;Flatiron Health;US;High-income economies
Evaluating real-world treatment patterns and outcomes of mantle cell lymphoma.;Narkhede M and Goyal G and Shea L and Mehta A and Giri S;35561314;Yes;n/a;2022;2;No;US;US;Flatiron Health;US;High-income economies
The Effects of HER2 Alterations in EGFR Mutant Non-small Cell Lung Cancer.;Nagasaka M and Singh V and Baca Y and Sukari A and Kim C and Mamdani H and Spira AI and Uprety D and Bepler G and Kim ES and Raez LE and Pai SG and Ikpeazu C and Oberley M and Feldman R and Xiu J and Korn WM and Wozniak AJ and Borghaei H and Liu SV;34801409;Yes;n/a;2022;2;No;US;US;Caris Life Sciences;US;High-income economies
Systemic Therapies Following Progression on First-line CDK4/6-inhibitor Treatment: Analysis of Real-world Data.;Martin JM and Handorf EA and Montero AJ and Goldstein LJ;35552450;Yes;n/a;2022;2;No;US;US;Flatiron Health;US;High-income economies
Dermatologic Research Potential of the Observational Health Data Sciences and Informatics (OHDSI) Network.;Sivesind TE and Runion T and Branda M and Schilling LM and Dellavalle RP;33735862;No (excluded in title and abstract screening);No real-world application (findings not based on real-world data);2022;;;;;;;
Data Ingestion for AI in Prostate Cancer.;Kondylakis H and Sfakianakis S and Kalokyri V and Tachos N and Fotiadis D and Marias K and Tsiknakis M;35612065;No (excluded in title and abstract screening);No real-world application (findings not based on real-world data);2022;;;;;;;
Venetoclax and Hypomethylating Agents as First-line Treatment in Newly Diagnosed Patients with AML in a Predominately Community Setting in the US.;Vachhani P and Flahavan EM and Xu T and Ma E and Montez M and Gershon A and Onishi M and Jin H and Ku G and Flores B and Bui CN and Abbas JA and Donnellan W;35925602;Yes;n/a;2022;2;No;US;US;Flatiron Health;US;High-income economies
Data Pseudonymization in a Range That Does Not Affect Data Quality: Correlation with the Degree of Participation of Clinicians.;Shin SY and Kim HS;34783216;No (excluded in title and abstract screening);No medical research (focus on anonymization);2021;;;;;;;
Improving Data Quality in Clinical Research Informatics Tools.;AbuHalimeh A;35574572;No (excluded in title and abstract screening);No real-world application (findings not based on real-world data);2022;;;;;;;
Benchmarking Modern Named Entity Recognition Techniques for Free-text Health Record Deidentification.;Ahmed A and Abbasi A and Eickhoff C;34457124;No (excluded in title and abstract screening);No medical research (focus on anonymization);2021;;;;;;;
Achalasia Quality Indicator Adherence.;Romanoff E and Zhuo J and Huang AC and Amador D and Otaki F and Kamal AN and Kathpalia P and Leiman DA;36459295;No (excluded before screening);Outside the search period;2023;11;No;US;US;Multiple;US;High-income economies
Risk of Myocarditis from COVID-19 Infection in People Under Age 20: A Population-Based Analysis.;Singer ME and Taub IB and Kaelber DC;34341797;No (excluded before screening);preprint;2022;;;;;;;
Cerner real-world data (CRWD) - A de-identified multicenter electronic health records database.;Ehwerhemuepha L and Carlson K and Moog R and Bondurant B and Akridge C and Moreno T and Gasperino G and Feaster W;35434225;No (excluded in title and abstract screening);No medical research (focus on data provision);2022;;;;;;;
Research Goal-Driven Data Model and Harmonization for De-Identifying Patient Data in Radiomics.;Kundu S and Chakraborty S and Mukhopadhyay J and Das S and Chatterjee S and Basu Achari R and Mallick I and Pratim Das P and Arunsingh M and Bhattacharyya T and Ray S;34241789;No (excluded in title and abstract screening);No medical research (focus on anonymization);2021;;;;;;;
Improving domain adaptation in de-identification of electronic health records through self-training.;Liao S and Kiros J and Chen J and Zhang Z and Chen T;34363664;No (excluded in title and abstract screening);No medical research (focus on anonymization);2021;;;;;;;
Building trust in real-world data: lessons from INSIGHT, the UK's health data research hub for eye health and oculomics.;Denniston AK and Kale AU and Lee WH and Mollan SP and Keane PA;35916569;No (excluded in title and abstract screening);No real-world application (findings not based on real-world data);2022;;;;;;;
E-Infrastructures and the divergent assetization of public health data: Expectations, uncertainties, and asymmetries.;Vezyridis P and Timmons S;33499771;No (excluded in title and abstract screening);No real-world application (findings not based on real-world data);2021;;;;;;;
Integrating real world data and clinical trial results using survival data reconstruction and marginal moment-balancing weights.;Getz K and Mamtani R and Hubbard RA;34756156;Yes;n/a;2022;2;No;US;US;Flatiron Health;US;High-income economies
The Serious Illness Population: Ascertainment via Electronic Health Record or Claims Data.;Kelley AS and Hanson LC and Ast K and Ciemins EL and Dunning SC and Meskow C and Ritchie CS;33933617;Yes;n/a;2021;;No;US;US;Optum;US;High-income economies
Deriving household composition using population-scale electronic health record data-A reproducible methodology.;Johnson RD and Griffiths LJ and Hollinghurst JP and Akbari A and Lee A and Thompson DA and Lyons RA and Fry R;33780469;Yes;n/a;2021;;No;UK;UK;SAIL Databank;UK;High-income economies
Data resource: Children receiving care and support and children in need, administrative records in Wales.;Lee A and Elliott M and Scourfield J and Bedston S and Broadhust K and Ford DV and Griffiths LJ;35719716;No (excluded in title and abstract screening);No medical research (focus on data provision);2022;;;;;;;
Standardized Health data and Research Exchange (SHaRE): promoting a learning health system.;Davis S and Ehwerhemuepha L and Feaster W and Hackman J and Morizono H and Kanakasabai S and Mosa ASM and Parker J and Iwamoto G and Patel N and Gasparino G and Kane N and Hoffman MA;35047761;No (excluded in title and abstract screening);No medical research (focus on data provision);2022;;;;;;;
Clozapine treatment and risk of COVID-19.;Osimo EF and Lewis J and Cardinal RN and Khandaker GM;35815763;Yes;n/a;2022;5;Yes;UK;UK;Cambridgeshire and Peterborough NHS Foundation Trust, Cambridge University Hospitals NHS Foundation Trust;UK;High-income economies
Computerized cardiotocography analysis during labor - A state-of-the-art review.;Ben M'Barek I and Jauvion G and Ceccaldi PF;36541016;No (excluded before screening);Outside the search period;2023;;;;;;;
[Artificial intelligence in neurocritical care].;Schweingruber N and Gerloff C;33491152;No (excluded before screening);not English;2021;;;;;;;
Building a best-in-class automated de-identification tool for electronic health records through ensemble learning.;Murugadoss K and Rajasekharan A and Malin B and Agarwal V and Bade S and Anderson JR and Ross JL and Faubion WA Jr and Halamka JD and Soundararajan V and Ardhanari S;34179842;No (excluded in title and abstract screening);No medical research (focus on anonymization);2021;;;;;;;
Quantitating and assessing interoperability between electronic health records.;Bernstam EV and Warner JL and Krauss JC and Ambinder E and Rubinstein WS and Komatsoulis G and Miller RS and Chen JL;35015861;Yes;n/a;2022;;No;US;US;CancerLinQ;US;High-income economies
Public opinion on sharing data from health services for clinical and research purposes without explicit consent: an anonymous online survey in the UK.;Jones LA and Nelder JR and Fryer JM and Alsop PH and Geary MR and Prince M and Cardinal RN;35477868;No (excluded in title and abstract screening);Anonymous survey;2022;;;;;;;
A large language model for electronic health records.;Yang X and Chen A and PourNejatian N and Shin HC and Smith KE and Parisien C and Compas C and Martin C and Costa AB and Flores MG and Zhang Y and Magoc T and Harle CA and Lipori G and Mitchell DA and Hogan WR and Shenkman EA and Bian J and Wu Y;36572766;No (excluded in title and abstract screening);No tabular data;2022;;;;;;;
Algorithms to anonymize structured medical and healthcare data: A systematic review.;Sepas A and Bangash AH and Alraoui O and El Emam K and El-Hussuna A;36619476;No (excluded in title and abstract screening);No medical research (focus on anonymization);2022;;;;;;;
Using Large Aggregated De-Identified Electronic Health Record Data to Determine the Prevalence of Common Chronic Diseases in Pediatric Patients Who Visited Primary Care Clinics.;Ullah F and Kaelber DC;34022428;Yes;n/a;2021;;No;US;US;IBM;US;High-income economies
Comparing Electronic Health Record Domains' Utility to Identify Transgender Patients.;Dubin S and Cook T and Liss A and Doty G and Moore K and Greene R and Radix A and Janssen A;36644028;Yes;n/a;2022;;No;US;US;Not precisely specified;US;High-income economies
STAR sleep recording export software for automatic export and anonymization of sleep studies.;Nikkonen S and Korkalainen H and Töyräs J and Leppänen T;36151239;No (excluded in title and abstract screening);No real-world application (findings not based on real-world data);2022;;;;;;;
Preconception health service provision among women with and without substance use disorders.;Bello JK and Salas J and Grucza R;34871977;No (not retrieved);Not retrieved;2022;;;;;;;
Careful: An administrative child welfare and electronic health records linked dataset.;Beal SJ and Nause K and Ammerman RT and Hall ES and Mara CA and Greiner MV;35966947;No (excluded in title and abstract screening);No medical research (focus on data provision);2022;;;;;;;
Development of an Open-Source Annotated Glaucoma Medication Dataset From Clinical Notes in the Electronic Health Record.;Chen JS and Lin WC and Yang S and Chiang MF and Hribar MR;36441131;No (excluded in title and abstract screening);No medical research (focus on data provision);2022;;;;;;;
Protected Health Information Recognition of Unstructured Code-Mixed Electronic Health Records in Taiwan.;Lee YQ and Wang BH and Su CH and Chen PT and Lin WQ and Wu CS and Dai HJ;35673092;No (excluded in title and abstract screening);No medical research (focus on anonymization);2022;;;;;;;
Design and Development of a Medical Image Databank for Assisting Studies in Radiomics.;Kundu S and Chakraborty S and Mukhopadhyay J and Das S and Chatterjee S and Achari RB and Mallick I and Das PP and Arunsingh M and Bhattacharyyaa T and Ray S;35166968;No (excluded in title and abstract screening);No tabular data;2022;;;;;;;
Use of Dental Related ICD Coding to Determine Comorbidities in Mississippi.;Nordan P and Daneshvari Berry S and Morton ME;35440920;Yes;n/a;2022;11;No;US;US;Multiple;US;High-income economies
Treatment patterns and clinical outcomes for patients with melanoma and central nervous system metastases: A real-world study.;Tawbi H and To TM and Bartley K and Sadetsky N and Burton E and Haydu L and McKenna E;34874127;Yes;n/a;2022;2;No;US;US;Flatiron Health;US;High-income economies
How to Optimize Connection Between PACS and Clinical Data Warehouse: A Web Service Approach Based on Full Metadata Integration.;Lemordant P and Bouzille G and Mathieu R and Thenault R and Gibaud B and Garde C and Campillo-Gimenez B and Goudet D and Delarche S and Roland Y and Cuggia M;35672964;No (excluded in title and abstract screening);No real-world application (findings not based on real-world data);2022;;;;;;;
Updating Urinary Microbiome Analyses to Enhance Biologic Interpretation.;Siddiqui NY and Ma L and Brubaker L and Mao J and Hoffman C and Dahl EM and Wang Z and Karstens L;35899056;No (excluded in title and abstract screening);No tabular data;2022;;;;;;;
Validation pipeline for machine learning algorithm assessment for multiple vendors.;Bizzo BC and Ebrahimian S and Walters ME and Michalski MH and Andriole KP and Dreyer KJ and Kalra MK and Alkasab T and Digumarthy SR;35486572;No (excluded in title and abstract screening);No tabular data;2022;;;;;;;
Gender disparity in telehealth usage in Bangladesh during COVID-19.;Rahman S and Amit S and Kafy AA;35036972;Yes;n/a;2022;;Yes;BD;BD;Institute for Health Metrics and Evaluation;BD;Lower-middle-income economies
Ensemble Approaches to Recognize Protected Health Information in Radiology Reports.;Horng H and Steinkamp J and Kahn CE Jr and Cook TS;35715655;No (excluded in title and abstract screening);No tabular data;2022;;;;;;;
Systemic Lupus Erythematosus Delivery Outcomes Are Unchanged Across Three Decades.;Barnado A and Hubbard J and Green S and Camai A and Wheless L and Osmundson S;35670028;Yes;n/a;2022;13;No;US;US;Vanderbilt University Medical Center;US;High-income economies
Predictive modeling of morbidity and mortality in COVID-19 hospitalized patients and its clinical implications.;Wang JM and Liu W and Chen X and McRae MP and McDevitt JT and Fenyö D;33300013;No (excluded before screening);preprint;2021;;;;;;;
Cost Analysis of Routine Vitrectomy Surgery.;Berkowitz ST and Sternberg P Jr and Patel S;33588067;No (not retrieved);Not retrieved;2021;;;;;;;
Sexual Orientation Demographic Data in a Clinical Cohort of Transgender Patients.;Dubin S and Cook TE and Radix A and Greene RE;33730758;Yes;n/a;2021;;No;US;US;New York University Langone Health;US;High-income economies
Student perceptions of a teaching electronic medical record in Health Administration education.;Taylor H and Brumitt G and Harle CA and Johnston A and Williams K and Vest JR;36474597;No (excluded in title and abstract screening);No real-world application (findings not based on real-world data);2022;;;;;;;
Emulating Control Arms for Cancer Clinical Trials Using External Cohorts Created From Electronic Health Record-Derived Real-World Data.;Tan K and Bryan J and Segal B and Bellomo L and Nussbaum N and Tucker M and Torres AZ and Bennette C and Capra W and Curtis M and Miksad RA;34197637;Yes;n/a;2022;2;No;US;US;Flatiron Health;US;High-income economies
The SHOnet learning health system: Infrastructure for continuous learning in pediatric rehabilitation.;Koscielniak N and Jenkins D and Hassani S and Buckon C and Tucker JS and Sienko S and Tucker CA;35860324;No (excluded in title and abstract screening);No medical research (focus on data provision);2022;;;;;;;
Identifying Determinants of Disparities in Lung Cancer Survival Rates from Electronic Health Record Data.;Cui W and Finkelstein J;35612188;Yes;n/a;2022;2;No;US;US;Mount Sinai Health System;US;High-income economies
Compilation of longitudinal gut microbiome, serum metabolome, and clinical data in acute myeloid leukemia.;Rashidi A and Ebadi M and Rehman TU and Elhusseini H and Halaweish H and Kaiser T and Holtan SG and Khoruts A and Weisdorf DJ and Staley C;35918343;No (excluded in title and abstract screening);No medical research (focus on data provision);2022;;;;;;;
I2b2-etl: Python application for importing electronic health data into the informatics for integrating biology and the bedside platform.;Wagholikar KB and Ainsworth L and Zelle D and Chaney K and Mendis M and Klann J and Blood AJ and Miller A and Chulyadyo R and Oates M and Gordon WJ and Aronson SJ and Scirica BM and Murphy SN;36053173;No (excluded in title and abstract screening);No medical research (no new insights with direct relevance to health);2022;;;;;;;
Data Quality Check in Cancer Imaging Research: Deploying and Evaluating the DIQCT Tool.;Kosvyra A and Filos D and Fotopoulos D and Tsave O and Chouvarda I;36085798;No (excluded in title and abstract screening);No medical research (no new insights with direct relevance to health);2022;;;;;;;
Combinatorial Analysis of Phenotypic and Clinical Risk Factors Associated With Hospitalized COVID-19 Patients.;Das S and Pearson M and Taylor K and Bouchet V and Møller GL and Hall TO and Strivens M and Tzeng KTH and Gardner S;34713134;Yes;n/a;2021;22;Yes;UK;UK;UnitedHealth Group;US;High-income economies
Aligning EHR Data for Pediatric Leukemia With Standard Protocol Therapy.;Wood NM and Davis S and Lewing K and Noel-MacDonnell J and Glynn EF and Caragea D and Hoffman MA;33656914;Yes;n/a;2021;2;No;US;US;Cerner Corporation;US;High-income economies
Identifying developmental stuttering and associated comorbidities in electronic health records and creating a phenome risk classifier.;Pruett DG and Shaw DM and Chen HH and Petty LE and Polikowsky HG and Kraft SJ and Jones RM and Below JE;33894541;Yes;n/a;2021;5;No;US;US;Vanderbilt University Medical Center;US;High-income economies
Factors Associated with Thoughts of Self-Harm or Suicide among Aboriginal and Torres Strait Islander People Presenting to Urban Primary Care: An Analysis of De-Identified Clinical Data.;Pandeya NA and Schluter PJ and Spurling GK and Tyson C and Hayman NE and Askew DA;35010413;Yes;n/a;2021;5;No;AU;AU;Southern Queensland Centre of Excellence in Aboriginal and Torres Strait Islander Primary Health Care;AU;High-income economies
Recurrent neural network models (CovRNN) for predicting outcomes of patients with COVID-19 on admission to hospital: model development and validation using electronic health record data.;Rasmy L and Nigo M and Kannadath BS and Xie Z and Mao B and Patel K and Zhou Y and Zhang W and Ross A and Xu H and Zhi D;35466079;Yes;n/a;2022;22;Yes;US;US;Cerner Corporation, Optum;US;High-income economies
The US Department of Veterans Affairs Science and Health Initiative to Combat Infectious and Emerging Life-Threatening Diseases (VA SHIELD): A Biorepository Addressing National Health Threats.;Harley JB and Pyarajan S and Partan ES and Epstein L and Wertheim JA and Diwan A and Woods CW and Davey V and Blair S and Clark DH and Kaufman KM and Khan S and Chepelev I and Devine A and Cameron P and McCann MF and Ammons MCB and Bolz DD and Battles JK and Curtis JL and Holodniy M and Marconi VC and Searles CD and Beenhouwer DO and Brown ST and Moorman JP and Yao ZQ and Rodriguez-Barradas MC and Mohapatra S and Molina De Rodriguez OY and Padiernos EB and McIndoo ER and Price E and Burgoyne HM and Robey I and Schwenke DC and Shive CL and Przygodzki RM and Ramoni RB and Krull HK and Bonomo RA;36601554;No (excluded in title and abstract screening);No medical research (focus on data provision);2022;;;;;;;
Development and Implementation of a Multisite Registry Using Structured Templates for Actionable Findings in the Kidney.;Cook TS and Paulus R and Gillis LB and Chambers C and Nair SS and Deshmukh S and Sarwani NI and Zafar HM;35346619;No (excluded in title and abstract screening);No medical research (focus on data provision);2022;;;;;;;
Increased healthcare costs by later stage cancer diagnosis.;McGarvey N and Gitlin M and Fadli E and Chung KC;36096813;Yes;n/a;2022;2;No;US;US;Optum;US;High-income economies
Weather variables as important clinical predictors of bacterial diarrhoea among international travellers.;Pender MA and Smith T and Brintz BJ and Pandey P and Shrestha SK and Anuras S and Demons S and Sornsakrin S and Bodhidatta L and Platts-Mills JA and Leung DT;35134202;Yes;n/a;2022;1;No;US;US;Bumrungrad International Hospital, CIWEC Travel Medicine Center;TH, NP;
De-identifying Socioeconomic Data at the Census Tract Level for Medical Research Through Constraint-based Clustering.;Liu Y and Conway D and Wan Z and Kantarcioglu M and Vorobeychik Y and Malin BA;35309009;No (excluded in title and abstract screening);No medical research (focus on anonymization);2021;;;;;;;
Physician variation in the de-adoption of ineffective statin and fibrate therapy.;Everhart A and Desai NR and Dowd B and Herrin J and Higuera L and Jeffery MM and Jena AB and Ross JS and Shah ND and Smith LB and Karaca-Mandic P;33569804;Yes;n/a;2021;4;No;US;US;Optum;US;High-income economies
The diagnostic certainty levels of junior clinicians: A retrospective cohort study.;Chen Y and Nagendran M and Kilic Y and Cavlan D and Feather A and Westwood M and Rowland E and Gutteridge C and Lambiase PD;34112021;Yes;n/a;2022;;No;UK;UK;Royal London Hospital;UK;High-income economies
Leveraging genomic diversity for discovery in an electronic health record linked biobank: the UCLA ATLAS Community Health Initiative.;Johnson R and Ding Y and Venkateswaran V and Bhattacharya A and Boulier K and Chiu A and Knyazev S and Schwarz T and Freund M and Zhan L and Burch KS and Caggiano C and Hill B and Rakocz N and Balliu B and Denny CT and Sul JH and Zaitlen N and Arboleda VA and Halperin E and Sankararaman S and Butte MJ and Lajonchere C and Geschwind DH and Pasaniuc B;36085083;Yes;n/a;2022;;No;US;US;University of California Los Angeles;US;High-income economies
Mining the Data: Exploring Rural Patients' Attitudes about the Use of Their Personal Information in Research.;McCormick JB and Hopkins M and Lehman EB and Green MJ;35271430;No (excluded in title and abstract screening);No real-world application (findings not based on real-world data);2022;;;;;;;
Investigation of the Utility of Features in a Clinical De-identification Model: A Demonstration Using EHR Pathology Reports for Advanced NSCLC Patients.;Paul T and Rana MKZ and Tautam PA and Kotapati TVP and Jampani Y and Singh N and Islam H and Mandhadi V and Sharma V and Barnes M and Hammer RD and Mosa ASM;35252956;No (excluded in title and abstract screening);No medical research (focus on anonymization);2022;;;;;;;
Concept and Proof of the Lifelog Bigdata Platform for Digital Healthcare and Precision Medicine on the Cloud.;Lee KH and Urtnasan E and Hwang S and Lee HY and Lee JH and Koh SB and Youk H;35040609;No (excluded in title and abstract screening);No medical research (focus on data provision);2022;;;;;;;
Mortality and readmission in the year following hospitalization for pneumonia among US adults.;Averin A and Shaff M and Weycker D and Lonshteyn A and Sato R and Pelton SI;34087608;Yes;n/a;2021;10;No;US;US;Optum;US;High-income economies
Takotsubo cardiomyopathy in orthotopic liver transplant recipients: A cohort study using multi-center pooled electronic health record data.;Zmaili M and Alzubi J and Alkhayyat M and Cohen J and Alkharabsheh S and Rana M and Alvarez PA and Mansoor E and Xu B;35317180;Yes;n/a;2022;9;No;US;US;IBM;US;High-income economies
Trust and Trade-Offs in Sharing Data for Precision Medicine: A National Survey of Singapore.;Lysaght T and Ballantyne A and Toh HJ and Lau A and Ong S and Schaefer O and Shiraishi M and van den Boom W and Xafis V and Tai ES;34575698;No (excluded in title and abstract screening);No real-world application (findings not based on real-world data);2021;;;;;;;
Text mining occupations from the mental health electronic health record: a natural language processing approach using records from the Clinical Record Interactive Search (CRIS) platform in south London, UK.;Chilman N and Song X and Roberts A and Tolani E and Stewart R and Chui Z and Birnie K and Harber-Aschan L and Gazard B and Chandran D and Sanyal J and Hatch S and Kolliakou A and Das-Munshi J;33766838;Yes;n/a;2021;5;No;UK;UK;South London and Maudsley NHS Foundation Trust;UK;High-income economies
The quest for better clinical word vectors: Ontology based and lexical vector augmentation versus clinical contextual embeddings.;Nath N and Lee SH and McDonnell MD and Lee I;34004575;No (not retrieved);Not retrieved;2021;;;;;;;
Barriers and facilitators to qualitative data sharing in the United States: A survey of qualitative researchers.;Mozersky J and McIntosh T and Walsh HA and Parsons MV and Goodman M and DuBois JM;34972126;No (excluded in title and abstract screening);No real-world application (findings not based on real-world data);2021;;;;;;;
A Novel Imputation Approach for Sharing Protected Public Health Data.;Erdman EA and Young LD and Bernson DL and Bauer C and Chui K and Stopka TJ;34529494;No (not retrieved);Not retrieved;2021;;;;;;;
Clinical Impact of Adherence to NCCN Guidelines for Biomarker Testing and First-Line Treatment in Advanced Non-Small Cell Lung Cancer (aNSCLC) Using Real-World Electronic Health Record Data.;John A and Yang B and Shah R;33537872;Yes;n/a;2021;2;No;US;US;Flatiron Health;US;High-income economies
Clinical Burden of Concomitant Joint Disease in Psoriasis: A US-Linked Claims and Electronic Health Records Database Analysis.;Skornicki M and Prince P and Suruki R and Lee E and Louder A;33818686;Yes;n/a;2021;12;No;US;US;Optum;US;High-income economies
Real-world treatment patterns and clinical outcomes among patients with advanced urothelial carcinoma in the United States.;Geynisman DM and Broughton E and Hao Y and Zhang Y and Le T and Huo S;34906410;Yes;n/a;2022;2;No;US;US;Flatiron Health;US;High-income economies
Rates of Pneumocystis jirovecii pneumonia and prophylaxis prescribing patterns in a large electronic health record cohort of patients with systemic lupus erythematosus.;Boone B and Lazaroff SM and Wheless L and Wolfe RM and Barnado A;36279805;Yes;n/a;2022;10;No;US;US;Vanderbilt University Medical Center;US;High-income economies
Advancing data science in drug development through an innovative computational framework for data sharing and statistical analysis.;Mallon AM and Häring DA and Dahlke F and Aarden P and Afyouni S and Delbarre D and El Emam K and Ganjgahi H and Gardiner S and Kwok CH and West DM and Straiton E and Haemmerle S and Huffman A and Hofmann T and Kelly LJ and Krusche P and Laramee MC and Lheritier K and Ligozio G and Readie A and Santos L and Nichols TE and Branson J and Holmes C;34773974;No (excluded in title and abstract screening);No medical research (focus on data provision);2021;;;;;;;
Understanding Women's Cardiovascular Health Using MyStrengths+MyHealth: A Patient-Generated Data Visualization Study of Strengths, Challenges, and Needs Differences.;Austin RR and Mathiason MA and Lindquist RA and McMahon SK and Pieczkiewicz DS and Monsen KA;33998130;Yes;n/a;2021;9;No;US;US;University of Minnesota;US;High-income economies
Validation of rule-based algorithms to determine colorectal, breast, and cervical cancer screening status using electronic health record data from an urban healthcare system in New York City.;Leder Macek AJ and Kirschenbaum JD and Ricklan SJ and Schreiber-Stainthorp W and Omene BC and Conderino S;34976656;Yes;n/a;2021;2;No;US;US;New York University Langone Health;US;High-income economies
Pediatric CYP2D6 metabolizer status and post-tonsillectomy nausea and vomiting after ondansetron.;Black K and Brenn BR and Gaedigk A and Wanderer JP and Van Driest SL;36350309;No (excluded before screening);Outside the search period;2023;;No;US;US;Vanderbilt University Medical Center;US;High-income economies
CYP2D6 genotype and reduced codeine analgesic effect in real-world clinical practice.;Carranza-Leon D and Dickson AL and Gaedigk A and Stein CM and Chung CP;33750887;Yes;n/a;2021;;No;US;US;Vanderbilt University Medical Center;US;High-income economies
History of Endometriosis Is Independently Associated with an Increased Risk of Ovarian Cancer.;Sarría-Santamera A and Khamitova Z and Gusmanov A and Terzic M and Polo-Santos M and Ortega MA and Asúnsolo A;36013285;Yes;n/a;2022;14;No;KZ;ES;Spanish National Health System;ES;High-income economies
Real-World Analysis of Thromboembolic Events and Mortality of COVID-19 Outpatients in the United States.;Peacock WF and Crawford JM and Chen YC and Ashton V and Campbell AK and Milentijevic D and Spyropoulos AC;35996822;Yes;n/a;2022;9;Yes;US;US;Optum;US;High-income economies
Predicting Discharge Destination of Critically Ill Patients Using Machine Learning.;Abad ZSH and Maslove DM and Lee J;32750906;No (not retrieved);Not retrieved;2021;;;;;;;
Early-onset eating disorders in Australian children: A national surveillance study showing increased incidence.;Morris A and Elliott E and Madden S;35979631;Yes;n/a;2022;5;No;AU;AU;Australian Paediatric Surveillance Unit;AU;High-income economies
The ReIMAGINE Multimodal Warehouse: Using Artificial Intelligence for Accurate Risk Stratification of Prostate Cancer.;Santaolalla A and Hulsen T and Davis J and Ahmed HU and Moore CM and Punwani S and Attard G and McCartan N and Emberton M and Coolen A and Van Hemelrijck M;34870187;No (excluded in title and abstract screening);No real-world application (findings not based on real-world data);2021;;;;;;;
COVID Symptoms, Symptom Clusters, and Predictors for Becoming a Long-Hauler Looking for Clarity in the Haze of the Pandemic.;Huang Y and Pinto MD and Borelli JL and Asgari Mehrabadi M and Abrahim HL and Dutt N and Lambert N and Nurmi EL and Chakraborty R and Rahmani AM and Downs CA;36154716;Yes;n/a;2022;22;Yes;US;US;University of California;US;High-income economies
Real-world treatment patterns of maintenance therapy in platinum-sensitive recurrent ovarian cancer.;Moss HA and Perhanidis JA and Havrilesky LJ and Secord AA;34301411;No (not retrieved);Not retrieved;2021;;;;;;;
Characterizing cancer and COVID-19 outcomes using electronic health records.;Kim Y and Zhu L and Zhu H and Li X and Huang Y and Gu C and Bush H and Chung C and Zhang GQ;35507598;Yes;n/a;2022;22;Yes;US;US;Optum;US;High-income economies
Estimating the prevalence of neurosurgical interventions in adults with spina bifida using the Health Facts data set: implications for transition planning and the development of adult clinics.;Domino JS and Lundy P and Glynn EF and Partington M;34952525;Yes;n/a;2022;17;No;US;US;Cerner Corporation;US;High-income economies
A deep attention model to forecast the Length Of Stay and the in-hospital mortality right on admission from ICD codes and demographic data.;Harerimana G and Kim JW and Jang B;33872817;Yes;n/a;2021;;No;KR;KR;Massachusetts Institute of Technology;US;High-income economies
Physician decision support system for idiopathic sudden sensorineural hearing loss patients.;Liao WH and Cheng YF and Chen YC and Lai YH and Lai F and Chu YC;33177402;Yes;n/a;2021;8;No;TW;TW;Taipei Veterans General Hospital;TW;High-income economies
Kidney, limb and ophthalmic complications, and death in patients with nonvalvular atrial fibrillation and type 2 diabetes prescribed rivaroxaban or warfarin: an electronic health record analysis.;Costa OS and O'Donnell B and Vardar B and Abdelgawwad K and Brescia CW and Sood N and Coleman CI;34166150;Yes;n/a;2021;9;No;US;US;Optum;US;High-income economies
Assessing Real-World Racial Differences Among Patients With Metastatic Triple-Negative Breast Cancer in US Community Practices.;Tan R and Cassoli L and Yan Y and Shen V and Day BM and Mitchell EP;35685754;Yes;n/a;2022;2;No;US;US;Flatiron Health;US;High-income economies
Describing characteristics and treatment patterns of patients hospitalized with COVID-19 by race and ethnicity in a national RWD during the early months of the pandemic.;Vititoe SE and Easthausen IJ and Lasky T and Chakravarty A and Bradley MC and Roe LM and Gatto NM and Weckstein AR and Garry EM;36155644;Yes;n/a;2022;22;Yes;US;US;Optum;US;High-income economies
Efficacy of immune checkpoint inhibitor therapy in patients with RET fusion-positive non-small-cell lung cancer.;Bhandari NR and Hess LM and Han Y and Zhu YE and Sireci AN;34139897;Yes;n/a;2021;2;No;US;US;Flatiron Health, Guardant Health;US;High-income economies
Early Prediction of Cardiogenic Shock Using Machine Learning.;Chang Y and Antonescu C and Ravindranath S and Dong J and Lu M and Vicario F and Wondrely L and Thompson P and Swearingen D and Acharya D;35911549;Yes;n/a;2022;18;No;US;US;Banner Health;US;High-income economies
QTc Prolongation with the Use of Hydroxychloroquine and Concomitant Arrhythmogenic Medications: A Retrospective Study Using Electronic Health Records Data.;Villa Zapata L and Boyce RD and Chou E and Hansten PD and Horn JR and Gephart SM and Subbian V and Romero A and Malone DC;35665910;Yes;n/a;2022;9;No;US;US;Cerner Corporation;US;High-income economies
Development of a novel machine learning model to predict presence of nonalcoholic steatohepatitis.;Docherty M and Regnier SA and Capkun G and Balp MM and Ye Q and Janssens N and Tietz A and Löffler J and Cai J and Pedrosa MC and Schattenberg JM;33684933;Yes;n/a;2021;11;No;US;DE;Optum, National Institute of Diabetes and Digestive and Kidney Diseases;US;High-income economies
Predicting the immediate impact of national lockdown on neovascular age-related macular degeneration and associated visual morbidity: an INSIGHT Health Data Research Hub for Eye Health report.;Mollan SP and Fu DJ and Chuo CY and Gannon JG and Lee WH and Hopkins JJ and Hughes C and Denniston AK and Keane PA and Cantrell R;34518162;No (excluded before screening);Outside the search period;2023;7;Yes;UK;US;INSIGHT;UK;High-income economies
Complement-mediated hemolysis persists year round in patients with cold agglutinin disease.;Röth A and Fryzek J and Jiang X and Reichert H and Patel P and Su J and Morales Arias J and Broome CM;34813663;Yes;n/a;2022;3;No;DE;US;Optum;US;High-income economies
Using business intelligence and data visualization to understand the characteristics of failed appointments in dental school clinics.;Weber K and DaSilva AF and Dault JT and Eber R and Huner K and Jones D and Kornman K and Ramaswamy V and Snyder M and Ward BB and Nalliah RP;33508149;Yes;n/a;2021;;No;US;US;University of Michigan;US;High-income economies
Sociodemographic and clinical factors associated with receipt of biomarker testing in patients with metastatic colorectal cancer.;Markt SC and Booker BD and Bensken W and Schiltz NK and Schumacher FR and Rose J and Cooper G and Selfridge JE and Koroukian SM;35837788;No (excluded before screening);Outside the search period;2023;2;No;US;US;Flatiron Health;US;High-income economies
Upper Gastrointestinal Bleeding Due to a Left Gastric Artery Pseudoaneurysm: A Case Series.;Kang S and Choi KD and Kim Y and Na HK and Lee JH and Ahn JY and Jung KW and Kim DH and Song HJ and Lee GH and Jung HY;36478315;No (excluded before screening);Outside the search period;2023;11;No;KR;KR;Asan Medical Center;KR;High-income economies
Identifying community chronic kidney disease risk profile utilising general practice clinical records and spatial analysis: approach to inform policy and practice.;Bagheri N and Pearce S and Mazumdar S and Sturgiss E and Haxhimolla H and Harley D;32449982;Yes;n/a;2021;14;No;AU;AU;Multiple;AU;High-income economies
Women with Rheumatoid Arthritis have similar rates of postpartum maternal outcomes compared to women without autoimmune disease.;Tarplin S and Hubbard J and Green S and Whitney R and Wheless L and Barnado A;35152084;Yes;n/a;2022;13;No;US;US;Vanderbilt University Medical Center;US;High-income economies
Real-World Data of Palbociclib in Combination With Endocrine Therapy for the Treatment of Metastatic Breast Cancer in Men.;Kraus AL and Yu-Kite M and Mardekian J and Cotter MJ and Kim S and Decembrino J and Snow T and Carson KR and Motyl Rockland J and Gossai A and Wilner K and Wang DD and Huang Bartlett C and Oharu N and Schnell P and VanArsdale T and Lu DR and Tursi JM;34668577;Yes;n/a;2022;2;No;US;IT;Flatiron Health, Pfizer;US;High-income economies
Validity of algorithms for identifying five chronic conditions in MedicineInsight, an Australian national general practice database.;Havard A and Manski-Nankervis JA and Thistlethwaite J and Daniels B and Myton R and Tu K and Chidwick K;34090424;Yes;n/a;2021;;No;AU;AU;NPS MedicineWise;AU;High-income economies
Exploring public concerns for sharing and governance of personal health information: a focus group study.;McCormick JB and Hopkins MA;34926998;No (excluded in title and abstract screening);No real-world application (findings not based on real-world data);2021;;;;;;;
Real World Long-term Assessment of The Efficacy of Tocilizumab in Patients with COVID-19: Results From A Large De-identified Multicenter Electronic Health Record Dataset in the United States.;Nigo M and Rasmy L and May SB and Rao A and Karimaghaei S and Kannadath BS and De la Hoz A and Arias CA and Li L and Zhi D;34597766;Yes;n/a;2021;22;Yes;US;US;Cerner Corporation;US;High-income economies
Are adults with autism receiving regular preventive dental services?;McNeil R and Bray KK and Mitchell TV and Pendleton C and Marchini L;35636432;No (excluded before screening);Outside the search period;2023;5;No;US;US;University of Iowa;US;High-income economies
Phenotypic prevalence of obesity and metabolic syndrome among an underdiagnosed and underscreened population of over 50 million children and adults.;Kim EG and Kaelber DC;36147487;Yes;n/a;2022;4;No;US;US;Epic Systems Corporation;US;High-income economies
Comparative All-Cause Mortality Among a Large Population of Patients with Spinal Muscular Atrophy Versus Matched Controls.;Viscidi E and Juneja M and Wang J and Wang N and Li L and Farwell W and Bhan I and Makepeace C and Laird K and Kupelian V and Eaton S and Dilley A and Hall S;34936050;Yes;n/a;2022;6;No;US;US;Optum;US;High-income economies
Metabolic Acidosis and Cardiovascular Disease in CKD.;Collister D and Ferguson TW and Funk SE and Reaven NL and Mathur V and Tangri N;34746740;Yes;n/a;2021;14;No;CA;CA;Optum;US;High-income economies
Hydrops fetalis-trends in associated diagnoses and mortality from 1997-2018.;Tolia VN and Hunter Clark R Jr and Perelmuter B and Frankfurt JA and Ahmad KA and Abrams ME and Cohen JL and Clark RH;34385586;Yes;n/a;2021;16;No;US;US;Pediatrix Medical Group;US;High-income economies
Factors associated with COVID-19 viral and antibody test positivity and assessment of test concordance: a retrospective cohort study using electronic health records from the USA.;Lindsay L and Secrest MH and Rizzo S and Keebler DS and Yang F and Tsai L;34598988;Yes;n/a;2021;22;Yes;US;US;Optum;US;High-income economies
Impact of communication modality on caregiver ratings for deaf and hard of hearing children.;Fisher EL and Thibodaux LK and Previ D and Reesman J;34024209;Yes;n/a;2022;8;No;US;US;Not precisely specified;US;High-income economies
"Artificial Intelligence for Inflammatory Bowel Diseases (IBD); Accurately Predicting Adverse Outcomes Using Machine Learning.";Zand A and Stokes Z and Sharma A and van Deen WK and Hommes D;35476181;Yes;n/a;2022;11;No;US;US;Optum;US;High-income economies
Clinical efficacy, timing, and outcomes of ERCP for management of bile duct leaks: a nationwide cohort study.;Desai A and Twohig P and Trujillo S and Dalal S and Kochhar GS and Sandhu DS;33553588;Yes;n/a;2021;11;No;US;US;IBM;US;High-income economies
A practical approach to identifying autistic adults within the electronic health record.;Malow BA and Veatch OJ and Niu X and Fitzpatrick KA and Hucks D and Maxwell-Horn A and Davis LK;36377765;No (excluded before screening);Outside the search period;2023;5;No;US;US;Vanderbilt University Medical Center;US;High-income economies
Hospital admissions for dental disorders in patients with severe mental illness in Southeast London: A register-based cohort study.;Chaturvedi J and Sabbah W and Gallagher JE and Turner J and Curl C and Stewart R;33538014;Yes;n/a;2021;11;No;UK;UK;South London and Maudsley NHS Foundation Trust;UK;High-income economies
Building External Control Arms From Patient-Level Electronic Health Record Data to Replicate the Randomized IMblaze370 Control Arm in Metastatic Colorectal Cancer.;Schröder C and Lawrance M and Li C and Lenain C and Mhatre SK and Fakih M and Reyes-Rivera I and Bretscher MT;33891473;Yes;n/a;2021;2;No;CH;CH;Flatiron Health, Foundation Medicine;US;High-income economies
Artificial Intelligence for Prognostic Scores in Oncology: a Benchmarking Study.;Loureiro H and Becker T and Bauer-Mehren A and Ahmidi N and Weberpals J;33937744;Yes;n/a;2021;2;No;DE;DE;Flatiron Health;US;High-income economies
Mortality Prediction Analysis among COVID-19 Inpatients Using Clinical Variables and Deep Learning Chest Radiography Imaging Features.;Nguyen XV and Dikici E and Candemir S and Ball RL and Prevedello LM;35894016;Yes;n/a;2022;22;Yes;US;US;Stony Brook University;US;High-income economies
Clinico-Genomic Characterization of Patients with Metastatic Urothelial Carcinoma in Real-World Practice Identifies a Novel Bladder Immune Performance Index (BIPI).;Szabados B and Ponz-Sarvisé M and Machado R and Saldana D and Kadel EE and Banchereau R and Bouquet F and Garmhausen M and Powles T and Schröder C;35877091;Yes;n/a;2022;2;No;UK;CH;Flatiron Health;US;High-income economies
Predicting In-hospital Mortality Using D-Dimer in COVID-19 Patients With Acute Ischemic Stroke.;Kim Y and Khose S and Abdelkhaleq R and Salazar-Marioni S and Zhang GQ and Sheth SA;34335456;Yes;n/a;2021;9;Yes;US;US;Optum;US;High-income economies
Left truncation in linked data: A practical guide to understanding left truncation and applying it using SAS and R.;Jin Y and Ton TGN and Incerti D and Hu S;35843723;No (excluded before screening);Outside the search period;2023;;;;;;;
Does real-time artificial intelligence-based visual pathology enhancement of three-dimensional optical coherence tomography scans optimise treatment decision in patients with nAMD? Rationale and design of the RAZORBILL study.;Holz FG and Abreu-Gonzalez R and Bandello F and Duval R and O'Toole L and Pauleikhoff D and Staurenghi G and Wolf A and Lorand D and Clemens A and Gmeiner B;34362776;No (excluded before screening);Outside the search period;2023;;;;;;;
Real-world treatment patterns and outcomes of abemaciclib for the treatment of HR+, HER2- metastatic breast cancer.;Cuyun Carter G and Sheffield KM and Gossai A and Huang YJ and Zhu YE and Bowman L and Nash Smyth E and Mathur R and Cohen AB and Rasmussen E and Balakrishna S and Morato Guimaraes C and Rybowski S and Seidman AD;33970738;Yes;n/a;2021;2;No;US;US;Flatiron Health;US;High-income economies
Development and external validation of prediction models for adverse health outcomes in rheumatoid arthritis: A multinational real-world cohort analysis.;Yang C and Williams RD and Swerdel JN and Almeida JR and Brouwer ES and Burn E and Carmona L and Chatzidionysiou K and Duarte-Salles T and Fakhouri W and Hottgenroth A and Jani M and Kolde R and Kors JA and Kullamaa L and Lane J and Marinier K and Michel A and Stewart HM and Prats-Uribe A and Reisberg S and Sena AG and Torre CO and Verhamme K and Vizcaya D and Weaver J and Ryan P and Prieto-Alhambra D and Rijnbeek PR;35728447;Yes;n/a;2022;13;No;NL;NL;Optum, Multiple;US, ES, EE, NL, DE, FR, UK, AU, JP;
Development of a screening algorithm for borderline personality disorder using electronic health records.;Zang C and Goodman M and Zhu Z and Yang L and Yin Z and Tamas Z and Sharma VM and Wang F and Shao N;35831356;Yes;n/a;2022;5;No;US;US;Cerner Corporation;US;High-income economies
Can natural language processing models extract and classify instances of interpersonal violence in mental healthcare electronic records: an applied evaluative study.;Botelle R and Bhavsar V and Kadra-Scalzo G and Mascio A and Williams MV and Roberts A and Velupillai S and Stewart R;35172999;No (excluded in title and abstract screening);No tabular data;2022;;;;;;;
Community-acquired pneumonia in infants: Not simply an acute event with complete recovery.;Lapidot R and Vietri J and Shaff M and Averin A and Lonshteyn A and Weycker D and Wasserman M and Farkouh R and Pelton SI;34864372;Yes;n/a;2022;10;No;US;US;Optum;US;High-income economies
Prevalence of non-communicable diseases and associated medication use among Syrian refugees in Lebanon: an analysis of country-wide data from the Sijilli electronic health records database.;Saleh S and Abdouni L and Dimassi H and Nabulsi D and Harb R and Jammoul Z and Hachach N and El Arnaout N;34663406;Yes;n/a;2021;;No;LB;LB;American University of Beirut;LB;Upper-middle-income economies
Accuracy of emergency physicians' self-estimates of CT scan utilization and its potential effect on an audit and feedback intervention: a randomized trial.;Larkin C and Sanseverino AM and Joseph J and Eisenhauer L and Reznek MA;34315533;No (excluded in title and abstract screening);No medical research (no new insights with direct relevance to health);2021;;;;;;;
Real-World Trends in Characteristics of Patients with Migraine Newly Initiated on Erenumab in the USA: A Retrospective Analysis.;Fang J and Korrer S and Johnson JC and Cheadle MA and Shah R and Ferraris ML and Lopez-Lopez C;33763828;Yes;n/a;2021;6;No;US;CH;Optum;US;High-income economies
Targeted Program in an Academic Rheumatology Practice to Improve Compliance With Opioid Prescribing Guidelines for the Treatment of Chronic Pain.;Wang EJ and Helgesen R and Johr CR and Lacko HS and Ashburn MA and Merkel PA;32558375;No (excluded in full-paper screening);4a (no patient data);2021;13;No;US;US;;?;
Identifying vulnerable populations at a university during the COVID-19 pandemic.;Tanabe KO and Hayden ME and Zunder B and Holstege CP;33577412;No (excluded before screening);Outside the search period;2023;22;Yes;US;US;Not precisely specified;US;High-income economies
Association Between Parental Type 1 and Type 2 Diabetes Diagnosis and Major Osteoporotic Fracture Risk in Adult Offspring: A Population-Based Cohort Study.;Hamad AF and Yan L and Leslie WD and Morin SN and Walld R and Roos LL and Yang S and Lix LM;34053878;No (not retrieved);Not retrieved;2022;;;;;;;
Adverse childhood experiences and adult self-harm in a female forensic population.;Holden R and Stables I and Brown P and Fotiadou M;33958018;Yes;n/a;2022;5;No;UK;UK;South London and Maudsley NHS Foundation Trust;UK;High-income economies
Validation analysis of a composite real-world mortality endpoint for patients with cancer in the United States.;Zhang Q and Gossai A and Monroe S and Nussbaum NC and Parrinello CM;33998685;Yes;n/a;2021;5;No;US;US;Flatiron Health;US;High-income economies
Word embeddings trained on published case reports are lightweight, effective for clinical tasks, and free of protected health information.;Flamholz ZN and Crane-Droesch A and Ungar LH and Weissman GE;34920127;No (excluded in title and abstract screening);No tabular data;2022;;;;;;;
Influence of sex on survival rates of HPV-positive oropharyngeal cancers.;Preissner SH and Nahles S and Preissner S and Heiland M and Koerdt S;36119465;Yes;n/a;2022;2;No;DE;DE;TriNetX;various;
Use of large scale EHR data to evaluate A1c utilization among sickle cell disease patients.;Sivasankar S and Cheng AL and Lubin IM and Lankachandra K and Hoffman MA;34537047;Yes;n/a;2021;3;No;US;US;Cerner Corporation;US;High-income economies
Timely orchiopexy by 18 months of age: Are we meeting the standards defined by the 2014 AUA guidelines?;Williamson SH and Davis-Dao CA and Huen KH and Ehwerhemuepha L and Chuang KW and Stephany HA and Wehbi EJ and Kain ZN;35981940;Yes;n/a;2022;17;No;US;US;Cerner Corporation;US;High-income economies
Variability in 30-day major amputation rates following endovascular peripheral vascular intervention for critical limb ischemia.;Provance JB and Spertus JA and Jones PG and Hoffman MA and Bunte MC and Vogel TR and Mena-Hurtado C and Smolderen KG;35603755;Yes;n/a;2022;9;No;US;US;Cerner Corporation;US;High-income economies
Psychiatric healthcare resource utilization following initiation of aripiprazole once-monthly: a retrospective real-world study.;Waters HC and Touya M and Wee SN and Ng M and Thadani S and Surendran S and Rentería M and Rush AJ and Patel R and Sarkar J and Fitzgerald HM and Han X;36380678;No (excluded before screening);Outside the search period;2023;5;No;US;US;Holmusk Technologies;US;High-income economies
Development and validation of an automated basal cell carcinoma histopathology information extraction system using natural language processing.;Ali SR and Strafford H and Dobbs TD and Fonferko-Shadrach B and Lacey AS and Pickrell WO and Hutchings HA and Whitaker IS;36439548;No (excluded in title and abstract screening);No tabular data;2022;;;;;;;
A new approach to identifying patients with elevated risk for Fabry disease using a machine learning algorithm.;Jefferies JL and Spencer AK and Lau HA and Nelson MW and Giuliano JD and Zabinski JW and Boussios C and Curhan G and Gliklich RE and Warnock DG;34930374;Yes;n/a;2021;4;No;US;US;OM1;US;High-income economies
Emergency Department Drug Surveillance (EDDS) hospital's urinalysis results compared with expanded re-testing by an independent laboratory, a pilot study.;Schwartz BE and Dezman Z and Billing AS and Heine K and Massey E and Artigiani EE and Motavalli M and Burch G and Gandhi P and Wish ED;34871979;No (not retrieved);Not retrieved;2022;;;;;;;
The impact of COVID-19 on adjusted mortality risk in care homes for older adults in Wales, UK: a retrospective population-based cohort study for mortality in 2016-2020.;Hollinghurst J and Lyons J and Fry R and Akbari A and Gravenor M and Watkins A and Verity F and Lyons RA;32951042;Yes;n/a;2021;22;Yes;UK;UK;SAIL Databank;UK;High-income economies
Development and Validation of Algorithms to Identify COVID-19 Patients Using a US Electronic Health Records Database: A Retrospective Cohort Study.;Brown CA and Londhe AA and He F and Cheng A and Ma J and Zhang J and Brooks CG and Sprafka JM and Roehl KA and Carlson KB and Page JH;35633659;Yes;n/a;2022;22;Yes;US;US;Optum;US;High-income economies
Academic-industry partnership advancing cannabis science: A Complementary Care Practice-Based Research Network.;Ennis N and Vance C and Bradbury R;35247600;No (excluded in title and abstract screening);No medical research (focus on data provision);2022;;;;;;;
Evaluation for clinical benefit of metformin in patients with idiopathic pulmonary fibrosis and type 2 diabetes mellitus: a national claims-based cohort analysis.;Teague TT and Payne SR and Kelly BT and Dempsey TM and McCoy RG and Sangaralingham LR and Limper AH;35410255;Yes;n/a;2022;10;No;US;US;Optum;US;High-income economies
Epidemiology of Eustachian tube dysfunction and related otologic diagnoses among children with achondroplasia.;Dorney I and Otteson T and Kaelber DC;36257169;No (not retrieved);Not retrieved;2022;;;;;;;
Ranking Methodology to Evaluate the Severity of a Quality Gap Using a National EHR Database.;Sivasankar S and Cheng AL and Hoffman M;34457172;Yes;n/a;2021;3;No;US;US;Cerner Corporation;US;High-income economies
Antidepressant treatment and blood pressure control in patients with comorbid depression and treatment resistant hypertension.;Breeden M and Gillis A and Salas J and Scherrer JF;34906849;No (not retrieved);Not retrieved;2022;;;;;;;
Irritable bowel syndrome is strongly associated with the primary and idiopathic mast cell disorders.;Kurin M and Elangovan A and Alikhan MM and Al Dulaijan B and Silver E and Kaelber DC and Cooper G;34535952;Yes;n/a;2022;11;No;US;US;IBM;US;High-income economies
Middle ear cholesteatoma prevalence in over 3,600 children with Turner Syndrome.;Dorney I and Otteson T and Kaelber DC;35987131;No (not retrieved);Not retrieved;2022;;;;;;;
Provider specialty and odds of a new codeine, hydrocodone, oxycodone and tramadol prescription before and after the CDC opioid prescribing guideline publication.;Tucker J and Salas J and Zhang Z and Grucza R and Scherrer JF;33636196;No (not retrieved);Not retrieved;2021;;;;;;;
Performance of Multiple Imputation Using Modern Machine Learning Methods in Electronic Health Records Data.;Getz K and Hubbard RA and Linn KA;36722803;No (excluded before screening);Outside the search period;2023;;;;;;;
Underutilization of prophylactic rectal indomethacin and pancreatic duct stent for prevention of post-ERCP Pancreatitis.;Issak A and Elangovan A and Ferguson RD and Waghray N and Sandhu DS;34222616;Yes;n/a;2021;11;No;US;US;IBM;US;High-income economies
Impact of diabetes status and related factors on COVID-19-associated hospitalization: A nationwide retrospective cohort study of 116,370 adults with SARS-CoV-2 infection.;Tallon EM and Ebekozien O and Sanchez J and Staggs VS and Ferro D and McDonough R and Demeterco-Berggren C and Polsky S and Gomez P and Patel N and Prahalad P and Odugbesan O and Mathias P and Lee JM and Smith C and Shyu CR and Clements MA;36400172;Yes;n/a;2022;4;Yes;US;US;Cerner Corporation;US;High-income economies
Differential frequency in imaging-based outcome measurement: Bias in real-world oncology comparative-effectiveness studies.;Adamson BJS and Ma X and Griffith SD and Sweeney EM and Sarkar S and Bourla AB;34227170;Yes;n/a;2022;2;No;US;US;Flatiron Health;US;High-income economies
Early Albumin Infusion Is Associated With Greater Survival to Discharge Among Patients With Sepsis/Septic Shock Who Develop Severe Acute Kidney Injury Among Patients With Sepsis/Septic Shock Who Develop Severe Acute Kidney Injury.;Raghunathan K and Kempker JA and Davis EA and Sindhwani NS and Telang S and Lodaya K and Martin GS;36583206;Yes;n/a;2022;18;No;US;US;Cerner Corporation;US;High-income economies
Achievement of glycemic control and antidepressant medication use in comorbid depression and type 2 diabetes.;Brieler JA and Salas J and Keegan-Garrett E and Scherrer JF;36566931;No (excluded before screening);Outside the search period;2023;;;;;;;
Incidence of COVID-19 Vaccination-Related Uveitis and Effects of Booster Dose in a Tertiary Uveitis Referral Center.;Chew MC and Wiryasaputra S and Wu M and Khor WB and Chan ASY;35814745;Yes;n/a;2022;22;Yes;SG;SG;Singapore National Eye Center;SG;High-income economies
Associations with baseline visual acuity in 12,414 eyes starting treatment for neovascular AMD.;Relton SD and Chi GC and Lotery AJ and West RM and McKibbin M;36028762;No (excluded before screening);Outside the search period;2023;7;No;UK;UK;Multiple;UK;High-income economies
De-identifying Spanish medical texts - named entity recognition applied to radiology reports.;Pérez-Díez I and Pérez-Moraga R and López-Cerdán A and Salinas-Serrano JM and la Iglesia-Vayá M;33781334;No (excluded in title and abstract screening);No medical research (focus on anonymization);2021;;;;;;;
Using machine learning to model older adult inpatient trajectories from electronic health records data.;Herrero-Zazo M and Fitzgerald T and Taylor V and Street H and Chaudhry AN and Bradley JR and Birney E and Keevil VL;36691609;No (excluded before screening);Outside the search period;2023;;No;UK;UK;Not precisely specified;UK;High-income economies
Measuring continuity of care in general practice: a comparison of two methods using routinely collected data.;Hull SA and Williams C and Schofield P and Boomla K and Ashworth M;35995578;Yes;n/a;2022;;No;UK;UK;Multiple;UK;High-income economies
Assessing Oncologists' Adoption of Biomarker Testing in Metastatic Colorectal Cancer Using Real-World Data.;Iyer P and Deng M and Handorf EA and Nakhoda S and Dotan E;36149298;Yes;n/a;2022;2;No;US;US;Flatiron Health;US;High-income economies
Racial inequities in second-line treatment and overall survival among patients with metastatic breast cancer.;Whitaker KD and Wang X and Ascha M and Showalter TN and Lewin HG and Calip GS and Goldstein LJ;36028783;Yes;n/a;2022;2;No;US;US;Flatiron Health;US;High-income economies
Long-term benzodiazepines and z-drug prescribing in Australian general practice between 2011 and 2018: A national study.;Woods A and Begum M and Gonzalez-Chica D and Bernardo C and Hoon E and Stocks N;34918876;Yes;n/a;2022;;No;AU;AU;NPS MedicineWise;AU;High-income economies
Evaluation of Electronic Health Records to Monitor Illness From Harmful Algal Bloom Exposure in the United States.;Lavery A and Backer L and Daniel J;36060209;Yes;n/a;2021;20;No;US;US;IBM;US;High-income economies
The incidence of hydrocephalus among patients with and without spinal muscular atrophy (SMA): Results from a US electronic health records study.;Viscidi E and Wang N and Juneja M and Bhan I and Prada C and James D and Lallier S and Makepeace C and Laird K and Eaton S and Dilley A and Hall S;33962637;Yes;n/a;2021;6;No;US;US;Optum;US;High-income economies
A machine learning approach to identifying patients with pulmonary hypertension using real-world electronic health records.;Kogan E and Didden EM and Lee E and Nnewihe A and Stamatiadis D and Mataraso S and Quinn D and Rosenberg D and Chehoud C and Bridges C;36528138;No (excluded before screening);Outside the search period;2023;9;No;US;US;Optum;US;High-income economies
A Hybrid System of Braden Scale and Machine Learning to Predict Hospital-Acquired Pressure Injuries (Bedsores): A Retrospective Observational Cohort Study.;Dweekat OY and Lam SS and McGrath L;36611323;Yes;n/a;2022;12;No;US;US;ChristianaCare hospital;US;High-income economies
Pancreatic adenocarcinoma in liver transplant recipients: a case series.;Rauf MA and Ziogas IA and Sealock JM and Davis LK and Izzy M and Alexopoulos SP and Matsuoka LK;34825179;Yes;n/a;2021;2;No;US;US;Vanderbilt University Medical Center;US;High-income economies
Preoperative vitamin D deficiency is associated with increased risk of postoperative hypocalcemia after total thyroidectomy.;Choi EHE and Qeadan F and Alkhalili E and Lovato C and Burge MR;33789986;Yes;n/a;2021;4;No;US;US;Cerner Corporation;US;High-income economies
Characterizing Thrombotic Complication Risk Factors Associated With COVID-19 via Heterogeneous Patient Data: Retrospective Observational Study.;Rosario B and Zhang A and Patel M and Rajmane A and Xie N and Weeraratne D and Alterovitz G;36044652;Yes;n/a;2022;22;Yes;US;US;IBM, Mass General Brigham;US;High-income economies
Characterizing sleep disorders in an autism-specific collection of electronic health records.;Singer EV and Niarchou M and Maxwell-Horn A and Hucks D and Johnston R and Sutcliffe JS and Davis LK and Malow BA;35367909;No (excluded in title and abstract screening);No real-world application (findings not based on real-world data);2022;;;;;;;
Real world evidence of the use of metamizole (dipyrone) by the Brazilian population. A retrospective cohort with over 380,000 patients.;Sznejder H and Amand C and Stewart A and Salazar R and Scala WAR;35584441;Yes;n/a;2022;;No;BR;BR;Amil;BR;Upper-middle-income economies
Characterization of a Real-World Response Variable and Comparison with RECIST-Based Response Rates from Clinical Trials in Advanced NSCLC.;Ma X and Bellomo L and Magee K and Bennette CS and Tymejczyk O and Samant M and Tucker M and Nussbaum N and Bowser BE and Kraut JS and Bourla AB;33674928;Yes;n/a;2021;2;No;US;US;Flatiron Health;US;High-income economies
Are Social Determinants of Health Associated With Onset of Rehabilitation Services in Patients Hospitalized for Traumatic Brain Injury?;Bukhari RA and Graham JE and Kinney AR and Hoffman A and Malcolm MP;36730956;No (excluded before screening);Outside the search period;2023;;;;;;;
COVID-19 severity and outcome in multiple sclerosis: Results of a national, registry-based, matched cohort study.;Pérez CA and Zhang GQ and Li X and Huang Y and Lincoln JA and Samudralwar RD and Gupta RK and Lindsey JW;34418735;Yes;n/a;2021;6;Yes;US;US;Optum;US;High-income economies
Performance of diagnostic coding and laboratory testing results to measure COVID-19 during pregnancy and associations with pregnancy outcomes.;Regan AK and Arah OA and Sullivan SG;35077581;Yes;n/a;2022;15;Yes;US;US;Optum;US;High-income economies
Transporting observational study results to a target population of interest using inverse odds of participation weighting.;Ling AY and Jreich R and Montez-Rath ME and Meng Z and Kapphahn K and Chandross KJ and Desai M;36520950;Yes;n/a;2022;2;No;US;US;Flatiron Health;US;High-income economies
Beyond Frontline Therapy with Abiraterone and Enzalutamide in Metastatic Castration-Resistant Prostate Cancer: A Real-World US Study.;Shore ND and Ionescu-Ittu R and Laliberté F and Yang L and Lejeune D and Yu L and Duh MS and Mahendran M and Kim J and Ghate SR;34373223;Yes;n/a;2021;2;No;US;US;Flatiron Health;US;High-income economies
Measuring text similarity and its associated factors in electronic nursing progress notes: A retrospective review.;Shala DR and Sheppard-Law S;35581712;No (excluded before screening);Outside the search period;2023;;;;;;;
Disorder predispositions and protections of Labrador Retrievers in the UK.;Pegram C and Woolley C and Brodbelt DC and Church DB and O'Neill DG;34262062;No (excluded in title and abstract screening);No medical research (no new insights with direct relevance to health);2021;;;;;;;
CHA(2)DS(2)VASc score as a predictor of ablation success defined by continuous long-term monitoring.;Lohrmann G and Liu A and Ziegler P and Monteiro J and Varberg N and Passman R;35917047;Yes;n/a;2022;9;No;US;US;Optum;US;High-income economies
Thromboembolism, bleeding and vascular death in nonvalvular atrial fibrillation patients with type 2 diabetes receiving rivaroxaban or warfarin.;Coleman CI and Costa OS and Brescia CW and Vardar B and Abdelgawwad K and Sood N;33637082;Yes;n/a;2021;9;No;US;US;Optum;US;High-income economies
The correlations among racial/ethnic groups, hypertriglyceridemia, thrombosis, and mortality in hospitalized patients with COVID-19.;Rodriguez M and Dai W and Lund H and Osinski K and Zhang Z and Silverstein R and Zheng Z;36494155;Yes;n/a;2022;22;Yes;US;US;Not precisely specified;US;High-income economies
Genomic testing among patients with newly diagnosed advanced non-small cell lung cancer in the United States: A contemporary clinical practice patterns study.;Paz-Ares L and Gondos A and Saldana D and Thomas M and Mascaux C and Bubendorf L and Barlesi F;35397297;Yes;n/a;2022;2;No;ES;FR;Flatiron Health;US;High-income economies
Front-line treatment patterns in multiple myeloma: An analysis of U.S.-based electronic health records from 2011 to 2019.;Kumar S and Williamson M and Ogbu U and Surinach A and Arndorfer S and Hong WJ;34402201;Yes;n/a;2021;2;No;US;US;Flatiron Health;US;High-income economies
A Case Report of Secondary Syphilis Co-Infected with Measles: A Diagnostic Dilemma with Fever and Rash.;Imad HA and Lakanavisid P and Pisutsan P and Trerattanavong K and Ngamprasertchai T and Matsee W and Piyaphanee W and Leaungwutiwong P and Nguitragool W and Nakayama EE and Shioda T;35622697;Yes;n/a;2022;1;No;TH;JP;Hospital for Tropical Diseases;TH;Upper-middle-income economies
Use of the PROMIS-10 global health in patients with chronic low back pain in outpatient physical therapy: a retrospective cohort study.;Pak SS and Miller MJ and Cheuy VA;34487270;Yes;n/a;2021;13;No;US;US;University of California;US;High-income economies
Collection of cancer Patient Reported Outcome Measures (PROMS) to link with primary and secondary electronic care records to understand and improve long term cancer outcomes: A protocol paper.;Stamp E and Clarke G and Wright P and Velikova G and Crossfield SSR and Zucker K and McInerney C and Bojke C and Martin A and Baxter P and Woroncow B and Wilson D and Warrington L and Absolom K and Burke D and Stables GI and Mitra A and Hutson R and Glaser AW and Hall G;35427401;No (excluded in title and abstract screening);No medical research (no new insights with direct relevance to health);2022;;;;;;;
Inequity in access to continuous glucose monitoring and health outcomes in paediatric diabetes, a case for national continuous glucose monitoring funding: A cross-sectional population study of children with type 1 diabetes in New Zealand.;Burnside MJ and Williman JA and Davies HM and Jefferies CA and Paul RG and Wheeler BJ and Wiltshire EJ and Anderson YC and de Bock MI;36419466;No (excluded before screening);Outside the search period;2023;4;No;NZ;NZ;Multiple;NZ;High-income economies
Breed and conformational predispositions for prolapsed nictitating membrane gland (PNMG) in dogs in the UK: A VetCompass study.;O'Neill DG and Yin Y and Tetas Pont R and Brodbelt DC and Church DB and Pegram C and Mustikka M;35081121;No (excluded in title and abstract screening);No medical research (no new insights with direct relevance to health);2022;;;;;;;
Long-term prescription opioid users' risk for new-onset depression increases with frequency of use.;Scherrer JF and Salas J and Miller-Matero LR and Sullivan MD and Ballantyne JC and Debar L and Grucza RA and Lustman PJ and Ahmedani B;34855645;Yes;n/a;2022;5;No;US;US;Optum;US;High-income economies
Trends and patterns of benzodiazepines and Z-drugs prescriptions in Australian general practice: A national study (2011-2018).;Gonzalez-Chica D and Begum M and Bernardo C and Hoon E and Sweetman A and Stocks N;36217261;No (excluded before screening);Outside the search period;2023;;No;AU;AU;NPS MedicineWise;AU;High-income economies
Effectiveness of the Recombinant Zoster Vaccine for Herpes Zoster Ophthalmicus in the United States.;Lu A and Sun Y and Porco TC and Arnold BF and Acharya NR;33892049;Yes;n/a;2021;1;No;US;US;Optum;US;High-income economies
Performance assessment of different machine learning approaches in predicting diabetic ketoacidosis in adults with type 1 diabetes using electronic health records data.;Li L and Lee CC and Zhou FL and Molony C and Doder Z and Zalmover E and Sharma K and Juhaeri J and Wu C;33480091;Yes;n/a;2021;4;No;US;US;Optum;US;High-income economies
Loss of function of lysosomal acid lipase (LAL) profoundly impacts osteoblastogenesis and increases fracture risk in humans.;Helderman RC and Whitney DG and Duta-Mare M and Akhmetshina A and Vujic N and Jayapalan S and Nyman JS and Misra BB and Rosen CJ and Czech MP and Kratky D and Rendina-Ruedy E;33838322;Yes;n/a;2021;4;No;US;US;Optum;US;High-income economies
Treatment Patterns in US Patients Receiving First-Line and Second-Line Therapy for Metastatic Pancreatic Ductal Adenocarcinoma in the Real World.;King G and Ittershagen S and He L and Shen Y and Li F and Villacorta R;36197644;Yes;n/a;2022;2;No;US;US;Flatiron Health;US;High-income economies
Investigation of dual antiplatelet therapy after coronary stenting in patients with chronic kidney disease.;Kao CC and Wu MS and Chuang MT and Lin YC and Huang CY and Chang WC and Chen CW and Chang TH;34347826;Yes;n/a;2021;14;No;TW;TW;Taipei Medical University Hospital;TW;High-income economies
Prevalence of New-Onset Tinnitus after COVID-19 Vaccination with Comparison to Other Vaccinations.;Dorney I and Bobak L and Otteson T and Kaelber DC;36098476;No (excluded before screening);Outside the search period;2023;8;Yes;US;US;TriNetX;US;High-income economies
Opioid dosing among patients with 3 or more years of continuous prescription opioid use before and after the CDC opioid prescribing guideline.;Salas J and Li X and Xian H and Sullivan MD and Ballantyne JC and Lustman PJ and Grucza R and Scherrer JF;34098282;No (not retrieved);Not retrieved;2021;;;;;;;
The Role of Cytoreductive Nephrectomy in Metastatic Renal Cell Carcinoma: A Real-World Multi-Institutional Analysis.;Ghatalia P and Handorf EA and Geynisman DM and Deng M and Zibelman MR and Abbosh P and Anari F and Greenberg RE and Viterbo R and Chen D and Smaldone MC and Kutikov A and Uzzo RG;35212574;Yes;n/a;2022;2;No;US;US;Flatiron Health;US;High-income economies
Demographic factors, psychiatric and physical comorbidities associated with starting preexposure prophylaxis in a nationally distributed cohort.;Drallmeier T and Garrett EK and Meyr A and Salas J and Scherrer JF;36368340;No (not retrieved);Not retrieved;2022;;;;;;;
Impact of COVID-19 Pandemic on Use of Telemedicine Services in an Academic Medical Center.;Cui W and Finkelstein J;34042775;Yes;n/a;2021;22;Yes;US;US;Mount Sinai Health System;US;High-income economies
Cardiovascular outcomes with sodium-glucose cotransporter-2 inhibitors vs other glucose-lowering drugs in 13 countries across three continents: analysis of CVD-REAL data.;Khunti K and Kosiborod M and Kim DJ and Kohsaka S and Lam CSP and Goh SY and Chiang CE and Shaw JE and Cavender MA and Tangri N and Franch-Nadal J and Holl RW and Jørgensen ME and Norhammar A and Eriksson JG and Zaccardi F and Karasik A and Magliano DJ and Thuresson M and Chen H and Wittbrodt E and Bodegård J and Surmont F and Fenici P;34332558;Yes;n/a;2021;9;No;UK;UK;Multiple;AU, CA, DK, FI, DE, IL, JP, NO, SG, KR, ES, SE, TW, US;
Leveraging Large-Scale Genetics of PTSD and Cardiovascular Disease to Demonstrate Robust Shared Risk and Improve Risk Prediction Accuracy.;Seligowski AV and Misganaw B and Duffy LA and Ressler KJ and Guffanti G;36069022;Yes;n/a;2022;5;No;US;US;Mass General Brigham;US;High-income economies
Real-World Treatment Patterns and Outcomes Among Multiple Myeloma Patients with Asthma and COPD in the United States.;Rice MS and Naeger S and Singh E;33728584;Yes;n/a;2021;2;No;US;US;Optum;US;High-income economies
Prognostic model to identify and quantify risk factors for mortality among hospitalised patients with COVID-19 in the USA.;Incerti D and Rizzo S and Li X and Lindsay L and Yau V and Keebler D and Chia J and Tsai L;33827848;Yes;n/a;2021;22;Yes;US;US;Optum;US;High-income economies
COVID-19 Outcomes in Myasthenia Gravis Patients: Analysis From Electronic Health Records in the United States.;Kim Y and Li X and Huang Y and Kim M and Shaibani A and Sheikh K and Zhang GQ and Nguyen TP;35418937;Yes;n/a;2022;6;Yes;US;US;Optum;US;High-income economies
Outcomes for continuous subcutaneous insulin infusion users in young adults from lower socioeconomic backgrounds.;McKee AM and Albert SG and Al-Hammadi N and Hinyard LJ;34277976;Yes;n/a;2021;4;No;US;US;Optum;US;High-income economies
Life expectancy and risk of death in 6791 communities in England from 2002 to 2019: high-resolution spatiotemporal analysis of civil registration data.;Rashid T and Bennett JE and Paciorek CJ and Doyle Y and Pearson-Stuttard J and Flaxman S and Fecht D and Toledano MB and Li G and Daby HI and Johnson E and Davies B and Ezzati M;34653419;Yes;n/a;2021;;No;UK;UK;Imperial Colllege London;UK;High-income economies
Real-world retrospective analysis of outcomes in patients undergoing bariatric surgery with class 1 obesity.;Altieri MS and DeMaria E and Lensing C and Derecho J and Fallorina R and Mehrotra S and Pories W and Irish WD;35241377;No (not retrieved);Not retrieved;2022;;;;;;;
Accuracy of Cone-Beam Computed Tomography Versus Periapical Radiography Measurements When Planning Placement of Implants in the Posterior Maxilla: A Retrospective Study.;Kakumoto T and Barsoum A and Froum SJ;34270273;No (not retrieved);Not retrieved;2021;;;;;;;
Biologic use in psoriatic arthritis and ankylosing spondylitis patients: a descriptive epidemiological study using linked, routine data in Wales, UK.;Cooksey R and Rahman MA and Kennedy J and Brophy S and Choy E;34632260;Yes;n/a;2021;13;No;UK;UK;SAIL Databank;UK;High-income economies
Real-World Treatment Patterns and Overall Survival of Patients with Metastatic Castration-Resistant Prostate Cancer in the US Prior to PARP Inhibitors.;Shore ND and Laliberté F and Ionescu-Ittu R and Yang L and Mahendran M and Lejeune D and Yu LH and Burgents J and Duh MS and Ghate SR;34282527;Yes;n/a;2021;2;No;US;US;Flatiron Health;US;High-income economies
Each patient is a research biorepository: informatics-enabled research on surplus clinical specimens via the living BioBank.;Alekseyenko AV and Hamidi B and Faith TD and Crandall KA and Powers JG and Metts CL and Madory JE and Carroll SL and Obeid JS and Lenert LA;33166379;No (excluded in title and abstract screening);No medical research (focus on data provision);2021;;;;;;;
The Association of Real-World CA 19-9 Level Monitoring Patterns and Clinical Outcomes Among Patients With Metastatic Pancreatic Ductal Adenocarcinoma.;George B and Kent M and Surinach A and Lamarre N and Cockrum P;34671563;Yes;n/a;2021;2;No;US;US;Flatiron Health;US;High-income economies
Real-world Use of Radiation for Newly Diagnosed Brain Metastases in Patients With ALK-positive Lung Cancer Receiving First-line ALK Inhibitor.;Kumar S and Wang X and Pittell H and Calip GS and Weiss SE and Meyer JE and Royce TJ;35870711;Yes;n/a;2022;2;No;US;US;Flatiron Health;US;High-income economies
Multisystem Inflammatory Syndrome Associated with SARS-CoV-2 Infection in an Adult: A Case Report from the Maldives.;Miqdhaadh A and Imad HA and Fazeena A and Ngamprasertchai T and Nguitragool W and Nakayama EE and Shioda T;34698279;Yes;n/a;2021;22;Yes;MV;JP;Indira Gandhi Memorial Hospital;MV;Upper-middle-income economies
Medication prescribing in face-to-face versus telehealth consultations during the COVID-19 pandemic in Australian general practice: a retrospective observational study.;Wabe N and Thomas J and Sezgin G and Sheikh MK and Gault E and Georgiou A;34819296;Yes;n/a;2022;;Yes;AU;AU;Outcome Health;AU;High-income economies
Unmasking Fracture Risk in Type 2 Diabetes: The Association of Longitudinal Glycemic Hemoglobin Level and Medications.;Wang B and Wang Z and Poundarik AA and Zaki MJ and Bockman RS and Glicksberg BS and Nadkarni GN and Vashishth D;34888676;Yes;n/a;2022;4;No;US;US;Optum;US;High-income economies
Study of patient characteristics, treatment patterns, EGFR testing patterns and outcomes in real-world patients with EGFRm(+) non-small cell lung cancer.;Winfree KB and Sheffield KM and Cui ZL and Sugihara T and Feliciano J;34544302;Yes;n/a;2022;2;No;US;US;Flatiron Health;US;High-income economies
Identifying the Risk of Sepsis in Patients With Cancer Using Digital Health Care Records: Machine Learning-Based Approach.;Yang D and Kim J and Yoo J and Cha WC and Paik H;35704364;Yes;n/a;2022;1;No;KR;KR;Samsung Medical Center;KR;High-income economies
Predictors of Sudden Cardiac Arrest Among Patients With Post-Myocardial Infarction Ejection Fraction Greater Than 35.;Adabag S and Zimmerman P and Lexcen D and Cheng A;34259015;Yes;n/a;2021;9;No;US;US;Optum;US;High-income economies
Cost-minimization analysis of biweekly dosing of cetuximab and FOLFIRI compared with panitumumab and FOLFOX for first-line treatment of patients with KRAS wild-type metastatic colorectal cancer in the United States.;Gathirua-Mwangi WG and Sethi H and Afable MG and Bhattacharyya D and Khan T;34529522;Yes;n/a;2021;2;No;US;US;Flatiron Health;US;High-income economies
Obstetric near misses among women with serious mental illness: data linkage cohort study.;Easter A and Sandall J and Howard LM;33427147;Yes;n/a;2021;5;No;UK;UK;South London and Maudsley NHS Foundation Trust;UK;High-income economies
Understanding Factors Associated With Anaplastic Lymphoma Kinase Testing Delays in Patients With Non-Small Cell Lung Cancer in a Large Real-World Oncology Database.;Bernicker EH and Xiao Y and Croix DA and Yang B and Abraham A and Redpath S and Engstrom-Melnyk J and Shah R and Allen TC;34752598;Yes;n/a;2022;2;No;US;US;Flatiron Health;US;High-income economies
PerFECT 2.0: A Web-Based Platform Designed to Facilitate and Support the Diagnosis of Patients with Idiopathic Pulmonary Fibrosis in Italy.;Vancheri C and Bengus M and Bianchino L and Cagnazzo MG and Ghirardini A and Lacedonia D and Pasquali M and Rea G and Rohner SA and Sanduzzi A and Torrisi SE and Pesci A;33974238;No (excluded in title and abstract screening);No medical research (focus on data provision);2021;;;;;;;
Comorbidity clusters associated with newly treated type 2 diabetes mellitus: a Bayesian nonparametric analysis.;Martinez-De la Torre A and Perez-Cruz F and Weiler S and Burden AM;36450743;Yes;n/a;2022;4;No;CH;CH;The Health Improvement Network;UK;High-income economies
Prolonged PR interval and incidence of atrial fibrillation, heart failure admissions, and mortality in patients with implanted cardiac devices: A real-world survey.;Yarmohammadi H and Wan EY and Biviano A and Garan H and Koehler JL and Stadler RW;36993911;No (excluded before screening);Outside the search period;2023;9;No;US;US;Optum, Medtronic;US;High-income economies
[The first data challenge of the french society of pathology: An international competition in 2020, a research tool in A.I. for the future?].;Delaune A and Valmary-Degano S and Loménie N and Zryouil K and Benyahia N and Trassard O and Eraville V and Bergeron C and Devouassoux-Shisheboran M and Glaser C and Bataillon G and Bacry E and Combes S and Prevot S and Bertheau P;35012784;No (excluded in title and abstract screening);No tabular data;2022;;;;;;;
Effectiveness of the recombinant zoster vaccine among Kaiser Permanente Hawaii enrollees aged 50 and older: A retrospective cohort study.;Sun Y and Jackson K and Dalmon CA and Shapiro BL and Nie S and Wong C and Arnold BF and Porco TC and Acharya NR;34116874;Yes;n/a;2021;1;No;US;US;Kaiser Permanente Hawaii;US;High-income economies
Outcomes for Patients With Chronic Lymphocytic Leukemia (CLL) Previously Treated With Both a Covalent BTK and BCL2 Inhibitor in the United States: A Real-World Database Study.;Mato AR and Hess LM and Chen Y and Abada PB and Konig H and Pagel JM and Walgren RA;36335022;No (excluded before screening);Outside the search period;2023;2;No;US;US;ConcertAI;US;High-income economies
Adherence to guidelines-recommended diagnostic testing was associated with overall survival in patients with diffuse large B-cell lymphoma after rituximab-based treatment: an observational cohort study.;Yang F and Zhang J and Abraham A and Yan JT and Hammer RD and Prime MS;35974175;No (excluded before screening);Outside the search period;2023;2;No;CH;CH;Flatiron Health;US;High-income economies
Spatial N-glycomics of the human aortic valve in development and pediatric endstage congenital aortic valve stenosis.;Angel PM and Drake RR and Park Y and Clift CL and West C and Berkhiser S and Hardiman G and Mehta AS and Bichell DP and Su YR;33516683;Yes;n/a;2021;9;No;US;US;Vanderbilt University Medical Center;US;High-income economies
Temporal trends in primary care-recorded self-harm during and beyond the first year of the COVID-19 pandemic: Time series analysis of electronic healthcare records for 2.8 million patients in the Greater Manchester Care Record.;Steeg S and Bojanić L and Tilston G and Williams R and Jenkins DA and Carr MJ and Peek N and Ashcroft DM and Kapur N and Voorhees J and Webb RT;34746726;Yes;n/a;2021;5;Yes;UK;UK;NHS Greater Manchester;UK;High-income economies
Metabolic acidosis is associated with increased risk of adverse kidney outcomes and mortality in patients with non-dialysis dependent chronic kidney disease: an observational cohort study.;Tangri N and Reaven NL and Funk SE and Ferguson TW and Collister D and Mathur V;34011303;Yes;n/a;2021;14;No;CA;US;Optum;US;High-income economies
Effect of prior treatments on post-CDK 4/6 inhibitor survival in hormone receptor-positive breast cancer.;Franks J and Caston NE and Elkhanany A and Gerke T and Azuero A and Rocque GB;36539670;No (excluded before screening);Outside the search period;2023;2;No;US;US;Flatiron Health;US;High-income economies
Association of metabolic acidosis with fractures, falls, protein-calorie malnutrition and failure to thrive in patients with chronic kidney disease.;Mathur V and Reaven NL and Funk SE and Whitlock R and Ferguson TW and Collister D and Tangri N;35756750;Yes;n/a;2022;14;No;US;CA;Optum;US;High-income economies
Hospitalization Rates in Patients with Heart Failure and Reduced Ejection Fraction Initiating Sacubitril/Valsartan or Angiotensin-Converting Enzyme Inhibitors/Angiotensin Receptor Blockers: A Retrospective Cohort Study.;Houchen E and Loefroth E and Schlienger R and Proudfoot C and Corda S and Saha S and Satwase SK and Studer R;35094306;Yes;n/a;2022;9;No;IE;CH;Optum;US;High-income economies
Association of depression symptom severity with short-term risk of an initial hospital encounter in adults with major depressive disorder.;Voelker J and Wang K and Tang W and He J and Daly E and Pericone CD and Sheehan JJ;34001045;Yes;n/a;2021;5;No;US;US;Optum;US;High-income economies
Effectiveness and safety of rivaroxaban versus warfarin in obese patients with acute venous thromboembolism: analysis of electronic health record data.;Costa OS and Beyer-Westendorf J and Ashton V and Milentijevic D and Moore KT and Bunz TJ and Coleman CI;32588288;Yes;n/a;2021;9;No;US;US;Optum;US;High-income economies
Why Test study protocol: a UK-wide audit using the Primary Care Academic CollaboraTive (PACT) to explore the reasons for primary care testing.;Burrell A and Duncan P and Bennett-Britton I and Hodgson S and Merriel SW and Waqar S and Whiting P and Watson J;35508322;No (excluded in title and abstract screening);No real-world application (findings not based on real-world data);2022;;;;;;;
A Retrospective Study of COVID-19-Related Urgent Medical Visits and Hospitalizations After Outpatient COVID-19 Diagnosis in the US.;Wei W and Sivapalasingam S and Mellis S and Geba GP and Jalbert JJ;33961213;Yes;n/a;2021;22;Yes;US;US;Optum;US;High-income economies
Temperature and place associations with Inuit mental health in the context of climate change.;Middleton J and Cunsolo A and Pollock N and Jones-Bitton A and Wood M and Shiwak I and Flowers C and Harper SL;33857460;Yes;n/a;2021;5;No;CA;CA;Multiple;CA;High-income economies
Disparities in Prehospital Non-Traumatic Pain Management.;Aceves A and Crowe RP and Zaidi HQ and Gill J and Johnson R and Vithalani V and Fairbrother H and Huebinger R;35939557;No (excluded before screening);Outside the search period;2023;;No;US;US;ESO Solutions;US;High-income economies
Indirect acute effects of the COVID-19 pandemic on physical and mental health in the UK: a population-based study.;Mansfield KE and Mathur R and Tazare J and Henderson AD and Mulick AR and Carreira H and Matthews AA and Bidulka P and Gayle A and Forbes H and Cook S and Wong AYS and Strongman H and Wing K and Warren-Gash C and Cadogan SL and Smeeth L and Hayes JF and Quint JK and McKee M and Langan SM;33612430;Yes;n/a;2021;5;Yes;UK;UK;Clinical Practice Research Datalink;UK;High-income economies
Machine Learning Based Prediction of Gamma Passing Rate for VMAT Radiotherapy Plans.;Sadowski B and Milewska K and Ginter J;36556291;Yes;n/a;2022;2;No;PL;PL;Maria Sklodowska-Curie National Research Institute of Oncology;PL;High-income economies
Early detection of COVID-19 outbreaks using human mobility data.;Guan G and Dery Y and Yechezkel M and Ben-Gal I and Yamin D and Brandeau ML;34283839;No (excluded in title and abstract screening);No medical research (no new insights with direct relevance to health);2021;;;;;;;
Development and Evaluation of a Point-of-Care Test in a Low-Resource Setting with High Rates of Chlamydia trachomatis Urogenital Infections in Fiji.;Dean D and Swaminathan S and Kama M and Goemans S and Faktaufon D and Alnabelseya N and Spelke D and Kahrizi K and Black M and Mitra D;33910964;Yes;n/a;2021;1;No;US;US;Fijian Ministry of Health and Medical Services health centers and outreach locations;FJ;Upper-middle-income economies
Opioid use disorder and health service utilization among COVID-19 patients in the US: A nationwide cohort from the Cerner Real-World Data.;Qeadan F and Tingey B and Bern R and Porucznik CA and English K and Saeed AI and Madden EF;34109308;Yes;n/a;2021;5;Yes;US;US;Cerner Corporation;US;High-income economies
FIMED: Flexible management of biomedical data.;Hurtado S and García-Nieto J and Navas-Delgado I and Aldana-Montes JF;34740063;No (excluded in title and abstract screening);No medical research (focus on data provision);2021;;;;;;;
Real-World Outcomes and Prognostic Factors Among Patients with Advanced Non-Small Cell Lung Cancer and High PD-L1 Expression Treated with Immune Checkpoint Inhibitors as First-Line Therapy.;Ge W and Wu N and Jalbert JJ and Quek RGW and Liu J and Rietschel P and Pouliot JF and Harnett J and Hsu ML and Feliciano JL;36415537;Yes;n/a;2022;2;No;US;US;Flatiron Health;US;High-income economies
Defining clinical subtypes of adult asthma using electronic health records: Analysis of a large UK primary care database with external validation.;Horne EMF and McLean S and Alsallakh MA and Davies GA and Price DB and Sheikh A and Tsanas A;36529028;No (excluded before screening);Outside the search period;2023;10;No;UK;UK;SAIL Databank, Optimum Patient Care;UK;High-income economies
Quantifying Variation in Treatment Utilization for Type 2 Diabetes Across Five Major University of California Health Systems.;Peterson TA and Fontil V and Koliwad SK and Patel A and Butte AJ;33531419;Yes;n/a;2021;4;No;US;US;University of California;US;High-income economies
Immunolab: Combining targeted real-world data with advanced analytics to generate evidence at scale in immunology.;Hamelin B and Rowe P and Molony C and Kruger M and LoCasale R and Khan AH and Jacob-Nara J and Jacob D;36407087;No (excluded in title and abstract screening);No medical research (focus on data provision);2022;;;;;;;
A reporting and analysis framework for structured evaluation of COVID-19 clinical and imaging data.;Salg GA and Ganten MK and Bucher AM and Kenngott HG and Fink MA and Seibold C and Fischbach RE and Schlamp K and Velandia CA and Fervers P and Doellinger F and Luger A and Afat S and Merle U and Diener MK and Pereira PL and Penzkofer T and Persigehl T and Othman A and Heußel CP and Baumhauer M and Widmann G and Stathopoulos K and Hamm B and Vogl TJ and Nikolaou K and Kauczor HU and Kleesiek J;33846548;No (excluded in title and abstract screening);No medical research (no new insights with direct relevance to health);2021;;;;;;;
Feasibility and accuracy of linking a heart failure registry to the national claims database using indirect identifiers.;Logeart D and Damy T and Doublet M and Salvat M and Tribouilloy C and Bauer F and Eicher JC and Picard F and Roul G and Trochu JN and De Groote P and Bihry N and Berthelot E and Jondeau G and Seronde MF and Roubille F and Isnard R;36549971;No (excluded before screening);Outside the search period;2023;;;;;;;
Ethnic inequalities in mental and physical multimorbidity in women of reproductive age: a data linkage cohort study.;Catalao R and Dorrington S and Pritchard M and Jewell A and Broadbent M and Ashworth M and Hatch S and Howard L;35840295;Yes;n/a;2022;5;No;UK;UK;South London and Maudsley NHS Foundation Trust;UK;High-income economies
Quantifying the Value of Multigene Testing in Resected Early Stage Lung Adenocarcinoma.;Muthusamy B and Raskina K and Lofgren KT and Li G and Tolba K and Schwed K and Castellanos E and Huang RSP and Oxnard GR and Schrock AB and Pennell N;36494074;No (excluded before screening);Outside the search period;2023;2;No;US;US;Flatiron Health;US;High-income economies
Adoption and Deadoption of Medications to Treat Hospitalized Patients With COVID-19.;Barbash IJ and Davis BS and Minturn JS and Kahn JM;35923589;Yes;n/a;2022;22;Yes;US;US;Optum;US;High-income economies
Increased risk for COVID-19 breakthrough infection in fully vaccinated patients with substance use disorders in the United States between December 2020 and August 2021.;Wang L and Wang Q and Davis PB and Volkow ND and Xu R;34612005;Yes;n/a;2022;22;Yes;US;US;TriNetX;US;High-income economies
Provider Teams Outperform Solo Providers In Managing Chronic Diseases And Could Improve The Value Of Care.;Pany MJ and Chen L and Sheridan B and Huckman RS;33646870;Yes;n/a;2021;;No;US;US;Athenahealth;US;High-income economies
Creating an e-cohort of individuals with lived experience of homelessness and subsequent mortality in Wales, UK.;Song J and Grey CNB and Davies AR;34121112;Yes;n/a;2022;;Yes;UK;UK;SAIL Databank;UK;High-income economies
Impact of the temporary suspension of the Bowel Screening Wales programme on inequalities during the COVID-19 pandemic: a retrospective register-based study.;Bright D and Song J and Hillier S and Huws DW and Greene G and Hodgson K and Akbari A and Griffiths R and Davies AR and Gjini A;36929968;No (excluded in full-paper screening);abstract only;2022;?;Yes;UK;UK;SAIL;UK;High-income economies
Artificial Intelligence in Dermatology: A Threat or an Opportunity?;Martorell A and Martin-Gorgojo A and Ríos-Viñuela E and Rueda-Carnero JM and Alfageme F and Taberner R;35249709;No (excluded in title and abstract screening);No real-world application (findings not based on real-world data);2022;;;;;;;
Can AI predict epithelial lesion categories via automated analysis of cervical biopsies: The TissueNet challenge?;Loménie N and Bertrand C and Fick RHJ and Ben Hadj S and Tayart B and Tilmant C and Farré I and Azdad SZ and Dahmani S and Dequen G and Feng M and Xu K and Li Z and Prevot S and Bergeron C and Bataillon G and Devouassoux-Shisheboran M and Glaser C and Delaune A and Valmary-Degano S and Bertheau P;36605109;No (excluded in title and abstract screening);No tabular data;2022;;;;;;;
CHAIMELEON Project: Creation of a Pan-European Repository of Health Imaging Data for the Development of AI-Powered Cancer Management Tools.;Bonmatí LM and Miguel A and Suárez A and Aznar M and Beregi JP and Fournier L and Neri E and Laghi A and França M and Sardanelli F and Penzkofer T and Lambin P and Blanquer I and Menzel MI and Seymour K and Figueiras S and Krischak K and Martínez R and Mirsky Y and Yang G and Alberich-Bayarri Á;35280732;No (excluded in title and abstract screening);No real-world application (findings not based on real-world data);2022;;;;;;;
Economic burden of joint analysis in psoriasis: US claims analysis.;Prince P and Skornicki M and Suruki R and Lee E and Louder A;34889582;Yes;n/a;2021;12;No;US;US;Optum;US;High-income economies
Clinical Data Prediction Model to Identify Patients With Early-Stage Pancreatic Cancer.;Chen Q and Cherry DR and Nalawade V and Qiao EM and Kumar A and Lowy AM and Simpson DR and Murphy JD;33739856;Yes;n/a;2021;2;No;US;US;Optum;US;High-income economies
The Effect of Nonsteroidal Anti-inflammatory Drugs and Selective COX-2 Inhibitors on Bone Healing.;White AE and Henry JK and Dziadosz D;34421436;No (excluded in title and abstract screening);No real-world application (findings not based on real-world data);2021;;;;;;;
Classification of clinically relevant intravascular volume status using point of care ultrasound and machine learning.;Wshah S and Xu B and Steinharter J and Reilly C and Morrissette K;36186002;No (excluded in title and abstract screening);No tabular data;2022;;;;;;;
Relation Classification for Bleeding Events From Electronic Health Records Using Deep Learning Systems: An Empirical Study.;Mitra A and Rawat BPS and McManus DD and Yu H;34255697;No (excluded in title and abstract screening);No tabular data;2021;;;;;;;
Herpes zoster vaccine effectiveness against herpes zoster and postherpetic neuralgia in New Zealand: a retrospective cohort study.;Mbinta JF and Wang AX and Nguyen BP and Paynter J and Awuni PMA and Pine R and Sporle AA and Simpson CR;36879782;No (excluded before screening);Outside the search period;2023;1;No;NZ;NZ;New Zeeland Ministry of Health;NZ;High-income economies
Evaluation of COVID-19 Mortality and Adverse Outcomes in US Patients With or Without Cancer.;Chavez-MacGregor M and Lei X and Zhao H and Scheet P and Giordano SH;34709356;Yes;n/a;2022;22;Yes;US;US;Optum;US;High-income economies
Listening to Mental Health Crisis Needs at Scale: Using Natural Language Processing to Understand and Evaluate a Mental Health Crisis Text Messaging Service.;Liu Z and Peach RL and Lawrance EL and Noble A and Ungless MA and Barahona M;34939068;No (excluded in title and abstract screening);No tabular data;2021;;;;;;;
A Visualization and Benchmarking Simulator for Clinical Data.;Morgen M and Begic Fazlic L and Peine A and Martin L and Schmeink A and Hallawa A and Dartmann G;36325867;No (excluded in title and abstract screening);No medical research (no new insights with direct relevance to health);2022;;;;;;;
Discovery of Knowledge in the Incidence of a Type of Lung Cancer for Patients through Data Mining Models.;Saleh Ibrahim Y and Muhammed Y and Al-Douri AT and Faisal MS and Mohamad AAH and Al-Husban A and Birhan M;35685154;Yes;n/a;2022;2;No;IQ;ET;Not precisely specified;IQ;Upper-middle-income economies
Training a machine learning classifier to identify ADHD based on real-world clinical data from medical records.;Mikolas P and Vahid A and Bernardoni F and Süß M and Martini J and Beste C and Bluschke A;35902654;Yes;n/a;2022;5;No;DE;DE;Technical University Dresden;DE;High-income economies
An Unsupervised Cluster Analysis of Post-COVID-19 Mental Health Outcomes and Associated Comorbidities.;Brown KA and Sarkar IN and Crowley KM and Aluthge DP and Chen ES;37128434;Yes;n/a;2022;5;Yes;US;US;Rhode Island Quality Institute;US;High-income economies
Factors Associated With COVID-19 Death in the United States: Cohort Study.;Chen UI and Xu H and Krause TM and Greenberg R and Dong X and Jiang X;35377319;Yes;n/a;2022;22;Yes;US;US;Optum;US;High-income economies
Studying patterns and predictors of HIV viral suppression using A Big Data approach: a research protocol.;Zhang J and Olatosi B and Yang X and Weissman S and Li Z and Hu J and Li X;35120435;No (excluded in title and abstract screening);No real-world application (findings not based on real-world data);2022;;;;;;;
Ethnic inequalities in COVID-19 vaccine uptake and comparison to seasonal influenza vaccine uptake in Greater Manchester, UK: A cohort study.;Watkinson RE and Williams R and Gillibrand S and Sanders C and Sutton M;35239661;Yes;n/a;2022;22;Yes;UK;UK;NHS Greater Manchester;UK;High-income economies
Characteristics of available studies and dissemination of research using major clinical data sharing platforms.;Vazquez E and Gouraud H and Naudet F and Gross CP and Krumholz HM and Ross JS and Wallach JD;34407656;No (excluded in title and abstract screening);No medical research (no new insights with direct relevance to health);2021;;;;;;;
Cartilage debris and osteoarthritis risk factors influence gene expression in the synovium in end stage osteoarthritis.;Roebuck MM and Jamal J and Lane B and Wood A and Santini A and Wong PF and Bou-Gharios G and Frostick SP;35679783;No (not retrieved);Not retrieved;2022;;;;;;;
Cardiovascular disease preventive medication dispensing for almost every New Zealander 65 years and over: a preventive treatment paradox?;Wells S and Choi Y and Jackson R and Parwaiz M and Mehta S and Selak V and Harwood M and Grey C and Kerse N and Poppe K;35077560;Yes;n/a;2022;9;No;NZ;NZ;New Zeeland Ministry of Health;NZ;High-income economies
Approaches for Enhanced Extrapolation of Long-Term Survival Outcomes Using Electronic Health Records of Patients With Cancer.;Wang X and Adamson BJ and Briggs A and Tan K and Bargo D and Ghosh S and Baxi S and Ramsey S;35094796;Yes;n/a;2022;2;No;US;US;Flatiron Health;US;High-income economies
ERBB2 Copy Number as a Quantitative Biomarker for Real-World Outcomes to Anti-Human Epidermal Growth Factor Receptor 2 Therapy in Advanced Gastroesophageal Adenocarcinoma.;Zhang L and Hamdani O and Gjoerup O and Cho-Phan C and Snider J and Castellanos E and Nimeiri H and Frampton G and Venstrom JM and Oxnard G and Klempner SJ and Schrock AB;35050711;Yes;n/a;2022;2;No;US;US;Flatiron Health;US;High-income economies
Death from cancer: frequent unscheduled care.;Mills SEE and Buchanan D and Donnan PT and Smith BH;35351803;Yes;n/a;2022;2;No;UK;UK;Multiple;UK;High-income economies
Antidepressant and antipsychotic treatment of Psychotic Major Depression in a British mental healthcare setting.;Jami ES and Pritchard M and Shetty H and Stewart R and Young AH and Heslin M;33961752;No (excluded before screening);Outside the search period;2023;5;No;UK;UK;South London and Maudsley NHS Foundation Trust;UK;High-income economies
Shielding reduced incidence of COVID-19 in patients with inflammatory arthritis but vulnerability is associated with increased mortality.;Cooksey R and Underwood J and Brophy S and Atkinson M and Kennedy J and Choy E;35567479;Yes;n/a;2022;13;Yes;UK;UK;SAIL Databank;UK;High-income economies
Societal Cost of Ischemic Stroke in Romania: Results from a Retrospective County-Level Study.;Strilciuc S and Grad DA and Mixich V and Stan A and Buzoianu AD and Vladescu C and Vintan MA;34073732;Yes;n/a;2021;9;No;RO;RO;Iuliu Hatieganu University of Medicine and Pharmacy;RO;High-income economies
An open repository of real-time COVID-19 indicators.;Reinhart A and Brooks L and Jahja M and Rumack A and Tang J and Agrawal S and Al Saeed W and Arnold T and Basu A and Bien J and Cabrera ÁA and Chin A and Chua EJ and Clark B and Colquhoun S and DeFries N and Farrow DC and Forlizzi J and Grabman J and Gratzl S and Green A and Haff G and Han R and Harwood K and Hu AJ and Hyde R and Hyun S and Joshi A and Kim J and Kuznetsov A and La Motte-Kerr W and Lee YJ and Lee K and Lipton ZC and Liu MX and Mackey L and Mazaitis K and McDonald DJ and McGuinness P and Narasimhan B and O'Brien MP and Oliveira NL and Patil P and Perer A and Politsch CA and Rajanala S and Rucker D and Scott C and Shah NH and Shankar V and Sharpnack J and Shemetov D and Simon N and Smith BY and Srivastava V and Tan S and Tibshirani R and Tuzhilina E and Van Nortwick AK and Ventura V and Wasserman L and Weaver B and Weiss JC and Whitman S and Williams K and Rosenfeld R and Tibshirani RJ;34903654;No (excluded in title and abstract screening);No medical research (focus on data provision);2021;;;;;;;
Missing diagnoses of congenital cytomegalovirus infection in electronic health records for infants with laboratory-confirmed infection.;Campione A and Lanzieri TM and Ricotta E and Grosse SD and Kadri SS and Nussenblatt V and Prevots DR;34775876;Yes;n/a;2022;16;No;US;US;Cerner Corporation;US;High-income economies
Characterizing patients with rare mucormycosis infections using real-world data.;Zhang Y and Sung AH and Rubinstein E and Benigno M and Chambers R and Patino N and Aram JA;35164701;Yes;n/a;2022;1;No;CN;US;Optum;US;High-income economies
Artificial intelligence system for training diagnosis and differentiation with molar incisor hypomineralization (MIH) and similar pathologies.;Alevizakos V and Bekes K and Steffen R and von See C;36065023;No (excluded in title and abstract screening);No tabular data;2022;;;;;;;
Computational Approaches for Supporting Combination Therapy in the Post-Aducanumab Era in Alzheimer's Disease.;Geerts H and van der Graaf P;34966890;No (excluded in title and abstract screening);No medical research (no new insights with direct relevance to health);2021;;;;;;;
Elevation of C-reactive protein in adolescent bipolar disorder vs. anxiety disorders.;Whitney MS and Scott SL and Perez JA and Barnes S and McVoy MK;36306709;No (not retrieved);Not retrieved;2022;;;;;;;
DDIWAS: High-throughput electronic health record-based screening of drug-drug interactions.;Wu P and Nelson SD and Zhao J and Stone CA Jr and Feng Q and Chen Q and Larson EA and Li B and Cox NJ and Stein CM and Phillips EJ and Roden DM and Denny JC and Wei WQ;33712848;Yes;n/a;2021;;No;US;US;Vanderbilt University Medical Center;US;High-income economies
Quantifying the Risk of Drug-Induced Pancreatitis With Angiotensin-Converting Enzyme Inhibitors and Statins Using a Large Electronic Medical Record Database.;Twohig PA and de-Madaria E and Thakkar S and Dulai P and Gardner TB and Kochhar G and Sandhu DS;34714286;No (not retrieved);Not retrieved;2021;;;;;;;
One year of psychiatric presentations to a hospital emergency department during COVID-19.;Hartnett Y and Alshurafa K and McAndrew J and Daly D and Alsaffar M and Cotter D and Cannon M and MacHale S and Murphy KC and Barry H;35285434;Yes;n/a;2022;5;Yes;IE;IE;Beaumont Hospital ;IE;High-income economies
Disparities in Utilization and Outcomes With Continuous Subcutaneous Insulin Infusion in Young Adults With Type 1 Diabetes.;McKee AM and Al-Hammadi N and Hinyard LJ;33991655;No (not retrieved);Not retrieved;2021;;;;;;;
Obesity Pharmacotherapy is Effective in the Veterans Affairs Patient Population: A Local and Virtual Cohort Study.;Pendse J and Vallejo-García F and Parziale A and Callanan M and Tenner C and Alemán JO;33491308;Yes;n/a;2021;4;No;US;US;VA New York Harbor Health Care;US;High-income economies
Comparing antibiotic prescribing between clinicians in UK primary care: an analysis in a cohort study of eight different measures of antibiotic prescribing.;Van Staa T and Li Y and Gold N and Chadborn T and Welfare W and Palin V and Ashcroft DM and Bircher J;35241573;Yes;n/a;2022;1;No;UK;UK;Clinical Practice Research Datalink;UK;High-income economies
A comparison of routine and case-managed pathways for recovery from musculoskeletal disorders in people in employment.;Bergman BP and Demou E and Lewsey J and Macdonald E;33896322;Yes;n/a;2022;13;No;UK;UK;NHS Scotland;UK;High-income economies
A comparison of two national frailty scoring systems.;Hollinghurst J and Housley G and Watkins A and Clegg A and Gilbert T and Conroy SP;33252680;Yes;n/a;2021;18;No;UK;UK;SAIL Databank;UK;High-income economies
Real-world use of an etanercept biosimilar including selective versus automatic substitution in inflammatory arthritis patients: a UK-based electronic health records study.;Cooksey R and Brophy S and Kennedy J and Seaborne M and Choy E;35910710;Yes;n/a;2022;13;No;UK;UK;SAIL Databank;UK;High-income economies
Using set visualisation to find and explain patterns of missing values: a case study with NHS hospital episode statistics data.;Ruddle RA and Adnan M and Hall M;36410820;No (excluded in title and abstract screening);No medical research (no new insights with direct relevance to health);2022;;;;;;;
Antipsychotic polypharmacy and adverse drug reactions among adults in a London mental health service, 2008-2018.;Yang JC and Thygesen JH and Werbeloff N and Hayes JF and Osborn DPJ;35485715;Yes;n/a;2022;5;No;UK;UK;Camden and Islington NHS Foundation Trust;UK;High-income economies
Using topic modelling for unsupervised annotation of electronic health records to identify an outbreak of disease in UK dogs.;Noble PM and Appleton C and Radford AD and Nenadic G;34882714;No (excluded in title and abstract screening);No medical research (no new insights with direct relevance to health);2021;;;;;;;
Assessment of Electronic Health Record Use Between US and Non-US Health Systems.;Holmgren AJ and Downing NL and Bates DW and Shanafelt TD and Milstein A and Sharp CD and Cutler DM and Huckman RS and Schulman KA;33315048;No (excluded in full-paper screening);"A: This is about usage of EHR systems by clinicans. Consider excluding?
Provided PDF is supplementary material only
B: Supplementary Material not available";2021;;?;?;?;?;?;
Prevalence and risk factors for delirium in critically ill patients with COVID-19 (COVID-D): a multicentre cohort study.;Pun BT and Badenes R and Heras La Calle G and Orun OM and Chen W and Raman R and Simpson BK and Wilson-Linville S and Hinojal Olmedillo B and Vallejo de la Cueva A and van der Jagt M and Navarro Casado R and Leal Sanz P and Orhun G and Ferrer Gómez C and Núñez Vázquez K and Piñeiro Otero P and Taccone FS and Gallego Curto E and Caricato A and Woien H and Lacave G and O'Neal HR Jr and Peterson SJ and Brummel NE and Girard TD and Ely EW and Pandharipande PP;33428871;Yes;n/a;2021;5;Yes;US;US;Multiple;various;
Differences in Temporal Relapse Characteristics Between Affective and Non-affective Psychotic Disorders: Longitudinal Analysis.;Immanuel SA and Schrader G and Bidargaddi N;33692704;Yes;n/a;2021;5;No;AU;AU;Multiple;AU;High-income economies
Risk Factors Associated With Pressure Injuries in Surgical Patients: A Retrospective Case-Control Study.;Kim JY and Lee HH;36417372;Yes;n/a;2022;12;No;KR;KR;Bundang Hospital;KR;High-income economies
Comparison of Titer and Signal to Noise (S/N) for Determination of Anti-drug Antibody Magnitude Using Clinical Data from an Industry Consortium.;Starcevic Manning M and Hassanein M and Partridge MA and Jawa V and Mora J and Ryman J and Barker B and Braithwaite C and Carleton K and Hay L and Hottenstein C and Kubiak RJ and Devanarayan V;35821280;Yes;n/a;2022;;No;US;US;Multiple;US;High-income economies
Integrated digital pathology at scale: A solution for clinical diagnostics and cancer research at a large academic medical center.;Schüffler PJ and Geneslaw L and Yarlagadda DVK and Hanna MG and Samboy J and Stamelos E and Vanderbilt C and Philip J and Jean MH and Corsale L and Manzo A and Paramasivam NHG and Ziegler JS and Gao J and Perin JC and Kim YS and Bhanot UK and Roehrl MHA and Ardon O and Chiang S and Giri DD and Sigel CS and Tan LK and Murray M and Virgo C and England C and Yagi Y and Sirintrapun SJ and Klimstra D and Hameed M and Reuter VE and Fuchs TJ;34260720;No (excluded in title and abstract screening);No tabular data;2021;;;;;;;
Using data visualization to detect patterns in whole-person health data.;Austin RR and Mathiason MA and Monsen KA;35717597;Yes;n/a;2022;;No;US;US;University of Minnesota;US;High-income economies
Budget constrained machine learning for early prediction of adverse outcomes for COVID-19 patients.;Nguyen S and Chan R and Cadena J and Soper B and Kiszka P and Womack L and Work M and Duggan JM and Haller ST and Hanrahan JA and Kennedy DJ and Mukundan D and Ray P;34599200;Yes;n/a;2021;22;Yes;US;US;ProMedica;US;High-income economies
Implementation of a Mandatory Influenza Vaccine Policy: A 10-Year Experience.;Kitt E and Burt S and Price SM and Satchell L and Offit PA and Sammons JS and Coffin SE;33372217;Yes;n/a;2021;1;No;US;US;Children’s Hospital of Philadelphia;US;High-income economies
Neurological and psychiatric disorders among autistic adults: a population healthcare record study.;Underwood JFG and DelPozo-Banos M and Frizzati A and Rai D and John A and Hall J;36189783;Yes;n/a;2022;5;No;UK;UK;SAIL Databank;UK;High-income economies
Childhood Factors and Dental Caries in the Permanent Dentition: Findings of an 8-Year Study Under a Nationwide School Dental Service.;Tan SHX and Teo YY and Tan MHX and Gao X;33743991;Yes;n/a;2021;11;No;SG;SG;Health Promotion Board (Singapore);SG;High-income economies
Associations with visual acuity outcomes after 12 months of treatment in 9401 eyes with neovascular AMD.;Relton SD and Chi GC and Lotery A and West RM and McKibbin M;36161843;Yes;n/a;2022;7;No;UK;UK;Multiple;UK;High-income economies
A population level study into health vulnerabilities of mothers and fathers involved in public law care proceedings in Wales, UK between 2011 and 2019.;Johnson RD and North L and Alrouh B and John A and Jones K and Akbari A and Smart J and Thompson S and Hargreaves C and Doebler S and Cusworth L and Broadhurst K and Ford DV and Griffiths LJ;35520100;Yes;n/a;2022;;No;UK;UK;SAIL Databank;UK;High-income economies
Prevalence of commonly diagnosed disorders in UK dogs under primary veterinary care: results and applications.;O'Neill DG and James H and Brodbelt DC and Church DB and Pegram C;33593363;No (excluded in title and abstract screening);No medical research (no new insights with direct relevance to health);2021;;;;;;;
New EHR certification requirements and their association with duplicate tests and images.;Pylypchuk Y and Johnson C;35640013;Yes;n/a;2022;;No;US;US;FAIR Health;US;High-income economies
Embedding electronic health records onto a knowledge network recognizes prodromal features of multiple sclerosis and predicts diagnosis.;Nelson CA and Bove R and Butte AJ and Baranzini SE;34915552;Yes;n/a;2022;6;No;US;US;University of California San Francisco;US;High-income economies
Comparing Clinical Characteristics of Influenza and Common Coronavirus Infections Using Electronic Health Records.;Li D and Wolk DM and Cantor MN;33011809;Yes;n/a;2021;10;Yes;US;US;Geisinger Health System;US;High-income economies
The burden associated with, and management of, difficult-to-treat depression in patients under specialist psychiatric care in the United Kingdom.;Costa T and Menzat B and Engelthaler T and Fell B and Franarin T and Roque G and Wei Y and Zhang X and McAllister-Williams RH;35506640;Yes;n/a;2022;5;No;UK;UK;Oxford Health NHS Foundation Trust, Cumbria Northumberland Tyne and Wear NHS Foundation Trust, Southern Health NHS Foundation Trust, South West London & St George’s Mental Health NHS Trust, West London NHS Trust;UK;High-income economies
Accounting for Delayed Entry in Analyses of Overall Survival in Clinico-Genomic Databases.;Backenroth D and Snider J and Shen R and Seshan V and Castellanos E and McCusker M and Feuchtbaum D and Gönen M and Sarkar S;35027431;Yes;n/a;2022;;No;US;US;Flatiron Health;US;High-income economies
Multi-institutional Experience with Patient Image Access Through Electronic Health Record Patient Portals.;Choi HH and Kotsenas AL and Chen JV and Bronsky C and Roth CJ and Kohli MD;35022926;No (excluded in title and abstract screening);Anonymous survey;2022;;;;;;;
CardioNet: a manually curated database for artificial intelligence-based research on cardiovascular diseases.;Ahn I and Na W and Kwon O and Yang DH and Park GM and Gwon H and Kang HJ and Jeong YU and Yoo J and Kim Y and Jun TJ and Kim YH;33509180;No (excluded in title and abstract screening);No medical research (focus on data provision);2021;;;;;;;
Defining renal remission in an international cohort of 248 children and adolescents with lupus nephritis.;De Mutiis C and Wenderfer SE and Orjuela A and Bagga A and Basu B and Sar T and Aggarwal A and Jain A and Yap HK and Ito S and Ohnishi A and Iwata N and Kasapcopur O and Laurent A and Mastrangelo A and Ogura M and Shima Y and Rianthavorn P and Silva CA and Trindade V and Dormi A and Tullus K;34626102;Yes;n/a;2022;13;No;IT;UK;Multiple;US, IN, TH, SG, JP, BR, FR, IT, TR, UK;
Pediatric sepsis phenotypes for enhanced therapeutics: An application of clustering to electronic health records.;Koutroulis I and Velez T and Wang T and Yohannes S and Galarraga JE and Morales JA and Freishtat RJ and Chamberlain JM;35112102;Yes;n/a;2022;16;No;US;US;MedStar Washington Hospital Center;US;High-income economies
Predicting healthcare-seeking behavior based on stated readiness to act: development and validation of a prediction model.;Green EP and Pradheep S and Heinzelman J and Nyanchoka A and Achieng D and Goyal S and Cusson L and Kurz AS and Bellows B;34283889;No (excluded in title and abstract screening);No tabular data;2022;;;;;;;
The Challenges of Predicting Drug-Induced QTc Prolongation in Humans.;Valentin JP and Hoffmann P and Ortemann-Renon C and Koerner J and Pierson J and Gintant G and Willard J and Garnett C and Skinner M and Vargas HM and Wisialowski T and Pugsley MK;35148401;No (excluded in title and abstract screening);No medical research (no new insights with direct relevance to health);2022;;;;;;;
Accessing HIV care may lead to earlier ascertainment of comorbidities in health care clients in Khayelitsha, Cape Town.;Osei-Yeboah R and Tamuhla T and Ngwenya O and Tiffin N;36962101;Yes;n/a;2021;1;No;ZA;ZA;Provincial Health Data Centre;ZA;Upper-middle-income economies
Quality improvement in juvenile idiopathic arthritis: a mixed-methods implementation pilot of the CAPTURE-JIA dataset.;McErlane F and Anderson C and Lawson-Tovey S and Lee B and Lee C and Lunt L and McDonagh JE and Smith AD and Smith N and Cleary G;35717328;No (excluded in title and abstract screening);No medical research (focus on data provision);2022;;;;;;;
Susceptibility to COVID-19 Diagnosis in People with Down Syndrome Compared to the General Population: Matched-Cohort Study Using Primary Care Electronic Records in the UK.;Baksh RA and Strydom A and Pape SE and Chan LF and Gulliford MC;35386043;Yes;n/a;2022;17;Yes;UK;UK;Clinical Practice Research Datalink;UK;High-income economies
Early experience with an opt-in research register - Scottish Health Research Register (SHARE): a multi-method evaluation of participant recruitment performance.;Shi W and Vasishta S and Dow L and Cavellini D and Palmer C and McKinstry B and Sullivan F;34930144;No (excluded in title and abstract screening);No medical research (focus on data provision);2021;;;;;;;
Generating real-world data from health records: design of a patient-centric study in multiple sclerosis using a commercial health records platform.;Hanson G and Chitnis T and Williams MJ and Gan RW and Julian L and Mace K and Chia J and Wormser D and Martinec M and Astorino T and Leviner N and Maung P and Jan A and Belendiuk K;35155999;No (excluded in title and abstract screening);No medical research (focus on data provision);2022;;;;;;;
Genome-Wide Association Study Identifies Genetic Risk Factors for Spastic Cerebral Palsy.;Hale AT and Akinnusotu O and He J and Wang J and Hibshman N and Shannon CN and Naftel RP;34098570;Yes;n/a;2021;6;No;US;US;Vanderbilt University Medical Center;US;High-income economies
Modeling the Ex Post Real Option Value in Metastatic Melanoma Using Real-World Data.;Lee W and Li M and Wong WB and To TM and Garrison LP and Veenstra DL;34838272;Yes;n/a;2021;2;No;US;US;Flatiron Health;US;High-income economies
A likelihood-based convolution approach to estimate major health events in longitudinal health records data: an external validation study.;Pruinelli L and Zhou J and Stai B and Schold JD and Pruett T and Ma S and Simon G;34151985;Yes;n/a;2021;;No;US;US;Optum;US;High-income economies
Association between mirtazapine use and serious self-harm in people with depression: an active comparator cohort study using UK electronic health records.;Joseph RM and Jack RH and Morriss R and Knaggs RD and Butler D and Hollis C and Hippisley-Cox J and Coupland C;35246454;Yes;n/a;2022;5;No;UK;UK;Clinical Practice Research Datalink;UK;High-income economies
Inequalities in coverage of COVID-19 vaccination: A population register based cross-sectional study in Wales, UK.;Perry M and Akbari A and Cottrell S and Gravenor MB and Roberts R and Lyons RA and Bedston S and Torabi F and Griffiths L;34544601;Yes;n/a;2021;22;Yes;UK;UK;SAIL Databank;UK;High-income economies
Is it possible to implement a rare disease case-finding tool in primary care? A UK-based pilot study.;Buendia O and Shankar S and Mahon H and Toal C and Menzies L and Ravichandran P and Roper J and Takhar J and Benfredj R and Evans W;35172857;No (excluded in title and abstract screening);No medical research (focus on data provision);2022;;;;;;;
COVID-19 infection risk amongst 14,104 vaccinated care home residents: a national observational longitudinal cohort study in Wales, UK, December 2020-March 2021.;Hollinghurst J and North L and Perry M and Akbari A and Gravenor MB and Lyons RA and Fry R;34850818;Yes;n/a;2022;22;Yes;UK;UK;SAIL Databank;UK;High-income economies
Identifying Dysphagia and Demographic Associations in Older Adults Using Electronic Health Records: A National Longitudinal Observational Study in Wales (United Kingdom) 2008-2018.;Hollinghurst J and Smithard DG;35212847;Yes;n/a;2022;18;No;UK;UK;SAIL Databank;UK;High-income economies
Epilepsy mortality in Wales during COVID-19.;Daniels H and Lacey AS and Mikadze D and Akbari A and Fonferko-Shadrach B and Hollinghurst J and Lyons RA and Rees MI and Sawhney IM and Powell RH and Kerr MP and Pickrell WO;34864250;Yes;n/a;2022;6;Yes;UK;UK;SAIL Databank;UK;High-income economies
Social determinants of pertussis and influenza vaccine uptake in pregnancy: a national cohort study in England using electronic health records.;Walker JL and Rentsch CT and McDonald HI and Bak J and Minassian C and Amirthalingam G and Edelstein M and Thomas S;34155074;Yes;n/a;2021;10;No;UK;UK;Clinical Practice Research Datalink;UK;High-income economies
Health condition at first fit note and number of fit notes: a longitudinal study of primary care records in south London.;Dorrington S and Carr E and Polling C and Stevelink S and Ashworth M and Roberts E and Broadbent M and Hatch S and Madan I and Hotopf M;33771823;Yes;n/a;2021;;No;UK;UK;Lambeth Together;UK;High-income economies
Associations of weight loss with obesity-related comorbidities in a large integrated health system.;Mariam A and Miller-Atkins G and Pantalone KM and Iyer N and Misra-Hebert AD and Milinovich A and Bauman J and Mocarski M and Ramasamy A and Smolarz BG and Hobbs TM and Zimmerman RS and Burguera B and Kattan MW and Rotroff DM;34472680;Yes;n/a;2021;4;No;US;US;Cleveland Clinic;US;High-income economies
Treatment Sequencing Patterns and Associated Direct Medical Costs of Metastatic Breast Cancer Care in the United States, 2011 to 2021.;Jaber Chehayeb R and Hood A and Wang X and Miksad R and Schellhorn Mougalian S and Lustberg MB and Wang SY and Greenup RA and Pusztai L and Kunst N;36445704;Yes;n/a;2022;2;No;US;US;Flatiron Health;US;High-income economies
An observational study of international normalized ratio control according to NICE criteria in patients with non-valvular atrial fibrillation: the SAIL Warfarin Out of Range Descriptors Study (SWORDS).;Harris DE and Thayer D and Wang T and Brooks C and Murley G and Gravenor M and Hill NR and Lister S and Halcox J;31774502;Yes;n/a;2021;9;No;UK;UK;SAIL Databank;UK;High-income economies
Diabetic retinopathy as a predictor of cardiovascular morbidity and mortality in subjects with type 2 diabetes.;Barrot J and Real J and Vlacho B and Romero-Aroca P and Simó R and Mauricio D and Mata-Cases M and Castelblanco E and Mundet-Tuduri X and Franch-Nadal J;36052329;Yes;n/a;2022;9;No;ES;ES;SIDIAP;ES;High-income economies
Preoperative Computed Tomography Morphological Features Indicative of Incisional Hernia Formation After Abdominal Surgery.;McAuliffe PB and Desai AA and Talwar AA and Broach RB and Hsu JY and Serletti JM and Liu T and Tong Y and Udupa JK and Torigian DA and Fischer JP;35837959;No (excluded in title and abstract screening);No tabular data;2022;;;;;;;
[University emergency departments in the corona pandemic-Results from the ReCovER registry].;Suárez V and Koehler FC and Hackl MJ and Möckel M and Slagman A and Pudasaini S and Risse J and Schunk D and Blaschke S and Kümpers P and Burst V;34468772;No (excluded before screening);not English;2022;;;;;;;
Avoidable hospitalizations and access to primary care: comparisons among Italians, resident immigrants and undocumented immigrants in administrative hospital discharge records.;Allegri C and Banks H and Devillanova C;35295899;Yes;n/a;2022;;No;IT;IT;Ministry of Health (Italy);IT;High-income economies
Intra-database validation of case-identifying algorithms using reconstituted electronic health records from healthcare claims data.;Thurin NH and Bosco-Levy P and Blin P and Rouyer M and Jové J and Lamarque S and Lignot S and Lassalle R and Abouelfath A and Bignon E and Diez P and Gross-Goupil M and Soulié M and Roumiguié M and Le Moulec S and Debouverie M and Brochet B and Guillemin F and Louapre C and Maillart E and Heinzlef O and Moore N and Droz-Perroteau C;33933001;No (excluded in title and abstract screening);No real-world application (findings not based on real-world data);2021;;;;;;;
The Safety of Delayed Versus Immediate Antibiotic Prescribing for Upper Respiratory Tract Infections.;van Staa TP and Palin V and Brown B and Welfare W and Li Y and Ashcroft DM;32594104;Yes;n/a;2021;10;No;UK;UK;SAIL Databank, Clinical Practice Research Datalink;UK;High-income economies
Adaptation of colorectal cancer screening tailored navigation content for American Indian communities and early results using the intervention.;Menon U and Lance P and Szalacha LA and Candito D and Bobyock EP and Yellowhair M and Hatcher J;35090575;No (excluded in title and abstract screening);No real-world application (findings not based on real-world data);2022;;;;;;;
Molecular medicine tumor board: whole-genome sequencing to inform on personalized medicine for a man with advanced prostate cancer.;Armstrong AJ and Li X and Tucker M and Li S and Mu XJ and Eng KW and Sboner A and Rubin M and Gerstein M;33568750;Yes;n/a;2021;2;No;US;US;Not precisely specified;US;High-income economies
Biomarker Testing for Patients With Advanced/Metastatic Nonsquamous NSCLC in the United States of America, 2015 to 2021.;Hess LM and Krein PM and Haldane D and Han Y and Sireci AN;35677681;Yes;n/a;2022;2;No;US;US;Flatiron Health;US;High-income economies
"The effects of patient out-of-pocket costs for insulin on medication adherence and health care utilization in patients with commercial insurance; 2007-2018.";McAdam-Marx C and Ruiz-Negron N and Sullivan JM and Tucker JM;35392659;Yes;n/a;2022;4;No;US;US;Optum;US;High-income economies
Evaluation of Preanalytical Point-of-Care Testing Errors and Their Impact on Productivity in the Emergency Department in the United States.;Kazmierczak SC and Morosyuk S and Rajkumar R;35015866;Yes;n/a;2022;;No;US;US;Oregon Health and Science University;US;High-income economies
Associations Between Diabetic Retinopathy and Parkinson's Disease: Results From the Catalonian Primary Care Cohort Study.;Mauricio D and Vlacho B and Barrot de la Puente J and Mundet-Tudurí X and Real J and Kulisevsky J and Ortega E and Castelblanco E and Julve J and Franch-Nadal J;35118094;Yes;n/a;2021;4;No;ES;ES;SIDIAP;ES;High-income economies
Evaluating a Novel Hemodialysis Central Venous Catheter Cap in Reducing Bloodstream Infections: A Quality Improvement Initiative.;Weiss S and Qureshi M;33953599;Yes;n/a;2021;19;No;US;US;Multiple;US;High-income economies
How do cancer clinicians perceive real-world data and the evidence derived therefrom? Findings from an international survey of the European Organisation for Research and Treatment of Cancer.;Saesen R and Kantidakis G and Marinus A and Lacombe D and Huys I;36091761;No (excluded in title and abstract screening);No real-world application (findings not based on real-world data);2022;;;;;;;
Retrospective Analysis of Treatment Pathways in Patients With BRAF(V600E)-mutant Metastatic Colorectal Carcinoma - MORSE(CRC).;Gerger A and Eisterer W and Fuxius S and Bastian S and Koeberle D and Welslau M and Sanoyan DA and Maas C and Uhlig J and Fenchel K and Greil R and VON DER Heyde E and Agocs GR and Weide R and Schwager M and Reichenbach F and Modest DP and Fritsch R;36191968;Yes;n/a;2022;2;No;AT;CH;Multiple;DE, AT, CH;
Ramucirumab in Indian Patients with Advanced Gastric Cancer-Does Borderline Performance Status and Heavy Burden of Disease in Real World Practice Impact Clinical Benefit?;Ramaswamy A and Bajaj K and Talwar V and Prabhash K and Batra U and Dhabhar B and Sharma M and Ghadyalpatil N and Ct S and Goyal G and Muzamil J and Bhatt A and Jain P and Ranade A and Kamath M and Gawande JP and Thippeswamy R and Mirani J and Reddy N and Ganguly S and Mishra SK and Madabhavi I and Hp S and Panda SS and Patil S and Bhargava P and Ostwal V;35833042;Yes;n/a;2022;2;No;IN;IN;Multiple;IN;Lower-middle-income economies
Cardiovascular preventive pharmacotherapy stratified by predicted cardiovascular risk: a national data linkage study.;Mehta S and Zhao J and Poppe K and Kerr AJ and Wells S and Exeter DJ and Selak V and Grey C and Jackson R;33580793;Yes;n/a;2022;9;No;NZ;NZ;Statistics New Zealand;NZ;High-income economies
Clinical Relevance of Drug-Drug Interactions With Antibiotics as Listed in a National Medication Formulary: Results From Two Large Population-Based Case-Control Studies in Patients Aged 65-100 Years Using Linked English Primary Care and Hospital Data.;van Staa TP and Pirmohamed M and Sharma A and Buchan I and Ashcroft DM;36448824;No (excluded before screening);Outside the search period;2023;;No;UK;UK;Clinical Practice Research Datalink;UK;High-income economies
Epidemiology, healthcare resource utilization and healthcare costs for spinal muscular atrophy in Alberta, Canada.;Chen G and Sharif B and Gerber B and Farris MS and Cowling T and Cabalteja C and Wu JW and Maturi B and Klein-Panneton K and Jean K Mah;34906030;Yes;n/a;2021;6;No;CA;CA;Alberta Health Services;CA;High-income economies
Are competing-risk models superior to standard Cox models for predicting cardiovascular risk in older adults? Analysis of a whole-of-country primary prevention cohort aged ≥65 years.;Cooper H and Wells S and Mehta S;34109395;Yes;n/a;2022;9;No;NZ;NZ;New Zeeland Ministry of Health;NZ;High-income economies
Predicting asthma-related crisis events using routine electronic healthcare data: a quantitative database analysis study.;Noble M and Burden A and Stirling S and Clark AB and Musgrave S and Alsallakh MA and Price D and Davies GA and Pinnock H and Pond M and Sheikh A and Sims EJ and Walker S and Wilson AM;34133316;Yes;n/a;2021;10;No;UK;UK;SAIL Databank, Clinical Practice Research Datalink;UK;High-income economies
The weekend effect on the provision of Emergency Surgery before and during the COVID-19 pandemic: case-control analysis of a retrospective multicentre database.;Tebala GD and Milani MS and Cirocchi R and Bignell M and Bond-Smith G and Lewis C and Agnoletti V and Catarci M and Di Saverio S and Luridiana G and Catena F and Scatizzi M and Marini P;35488247;Yes;n/a;2022;22;Yes;UK;IT;Multiple;FR, IT, PT, ES, UK;
Effectiveness of the BNT162b2 (Pfizer-BioNTech) and the ChAdOx1 nCoV-19 (Oxford-AstraZeneca) vaccines for reducing susceptibility to infection with the Delta variant (B.1.617.2) of SARS-CoV-2.;Pattni K and Hungerford D and Adams S and Buchan I and Cheyne CP and García-Fiñana M and Hall I and Hughes DM and Overton CE and Zhang X and Sharkey KJ;35307024;Yes;n/a;2022;22;Yes;UK;UK;Multiple;UK;High-income economies
Cohort profile: the South African National Health Laboratory Service (NHLS) National HIV Cohort.;MacLeod WB and Bor J and Candy S and Maskew M and Fox MP and Bulekova K and Brennan AT and Potter J and Nattey C and Onoya D and Mlisana K and Stevens W and Carmona S;36261238;No (excluded in title and abstract screening);No medical research (focus on data provision);2022;;;;;;;
Friedreich's ataxia-associated childhood hypertrophic cardiomyopathy: a national cohort study.;Norrish G and Rance T and Montanes E and Field E and Brown E and Bhole V and Stuart G and Uzun O and McLeod KA and Ilina M and Adwani S and Daubeney P and Delle Donne G and Linter K and Jones CB and Bharucha T and Cervi E and Kaski JP;34610949;Yes;n/a;2022;9;No;UK;UK;Multiple;UK;High-income economies
Quantified electronic health record (EHR) use by academic surgeons.;Cox ML and Risoli T Jr and Peskoe SB and Turner DA and Migaly J;33483138;No (not retrieved);Not retrieved;2021;;;;;;;
English Bulldogs in the UK: a VetCompass study of their disorder predispositions and protections.;O'Neill DG and Skipper A and Packer RMA and Lacey C and Brodbelt DC and Church DB and Pegram C;35701824;No (excluded in title and abstract screening);No medical research (no new insights with direct relevance to health);2022;;;;;;;
Trastuzumab-based regimens beyond progression: A crucial treatment option for HER2+ advanced/metastatic breast cancer.;Sanglier T and Ross R and Shi T and Mouta J and Swain S and Cardoso F;36375387;Yes;n/a;2022;2;No;CH;PT;Flatiron Health;US;High-income economies
Predicting Clinical Remission of Chronic Urticaria Using Random Survival Forests: Machine Learning Applied to Real-World Data.;Pivneva I and Balp MM and Geissbühler Y and Severin T and Smeets S and Signorovitch J and Royer J and Liang Y and Cornwall T and Pan J and Danyliv A and McKenna SJ and Marsland AM and Soong W;36301485;Yes;n/a;2022;12;No;CA;UK;Optum;US;High-income economies
Promoting Children's Health Equity With Medical-Dental Integration.;Zea A and Henshaw M;35133726;Yes;n/a;2022;11;No;US;US;Not precisely specified;US;High-income economies
The contribution of early adverse stress to complex and severe depression in depressed outpatients.;Gloger S and Vöhringer PA and Martínez P and Chacón MV and Cáceres C and Diez de Medina D and Cottin M and Behn A;33621410;Yes;n/a;2021;5;No;CL;CL;Not precisely specified;CL;High-income economies
Prevalence of young-onset dementia: nationwide analysis of routinely collected data.;Ryan B and To E and Ma'u E and Chan AHY and Rivera-Rodriguez C and Curtis MA and Cullum S and Cheung G;35995550;Yes;n/a;2022;5;No;NZ;NZ;Statistics New Zealand;NZ;High-income economies
Root Canal Treatment Survival Analysis in National Dental PBRN Practices.;Thyvalikakath T and LaPradd M and Siddiqui Z and Duncan WD and Eckert G and Medam JK and Rindal DB and Jurkovich M and Gilbert GH;35549468;Yes;n/a;2022;11;No;US;US;Multiple;US;High-income economies
Exploration of an alternative to body mass index to characterize the relationship between height and weight for prediction of metabolic phenotypes and cardiovascular outcomes.;Shuey MM and Huang S and Levinson RT and Farber-Eger E and Cahill KN and Beckman JA and Koethe JR and Silver HJ and Niswender KD and Cox NJ and Harrell FE Jr and Wells QS;35127128;Yes;n/a;2022;4;No;US;US;Vanderbilt University Medical Center;US;High-income economies
ACA Medicaid expansion association with racial disparity reductions in timely cancer treatment.;Adamson BJS and Cohen AB and Gross CP and Estévez M and Magee K and Williams E and Meropol NJ and Davidoff AJ;34314116;Yes;n/a;2021;2;No;US;US;Flatiron Health;US;High-income economies
Association Between Medicare's National Coverage Determination and Utilization of Next-Generation Sequencing.;Sheinson DM and Wong WB and Flores C and Ogale S and Gross CP;34043456;Yes;n/a;2021;;No;US;US;Flatiron Health;US;High-income economies
Real-world comparative effectiveness of triplets containing bortezomib (B), carfilzomib (C), daratumumab (D), or ixazomib (I) in relapsed/refractory multiple myeloma (RRMM) in the US.;Davies F and Rifkin R and Costello C and Morgan G and Usmani S and Abonour R and Palumbo A and Romanus D and Hajek R and Terpos E and Cherepanov D and Stull DM and Huang H and Leleu X and Berdeja J and Lee HC and Weisel K and Thompson M and Boccadoro M and Zonder J and Cook G and Puig N and Vela-Ojeda J and Farrelly E and Raju A and Blazer M and Chari A;33970288;Yes;n/a;2021;2;No;US;US;Optum;US;High-income economies
Accuracy of an Artificial Intelligence System for Cancer Clinical Trial Eligibility Screening: Retrospective Pilot Study.;Haddad T and Helgeson JM and Pomerleau KE and Preininger AM and Roebuck MC and Dankwa-Mullan I and Jackson GP and Goetz MP;33769304;Yes;n/a;2021;2;No;US;US;Mayo Clinic;US;High-income economies
Occurrence of Thromboembolic Events and Mortality Among Hospitalized Coronavirus 2019 Patients: Large Observational Cohort Study of Electronic Health Records.;Spyropoulos AC and Crawford JM and Chen YC and Ashton V and Campbell AK and Milentijevic D and Peacock WF;36452205;Yes;n/a;2022;9;Yes;US;US;Optum;US;High-income economies
Leveraging electronic health records to inform genetic counseling practice surrounding psychiatric disorders.;Richter LD and Morley TJ and Hooker GW and Peay HL and Cox NJ and Ruderfer DM;35191121;Yes;n/a;2022;5;No;US;US;Vanderbilt University Medical Center;US;High-income economies
Detection of Atrial Fibrillation After Central Retinal Artery Occlusion.;Mac Grory B and Landman SR and Ziegler PD and Boisvert CJ and Flood SP and Stretz C and Madsen TE and Reznik ME and Cutting S and Moore EE and Hewitt H and Closser JB and Torres J and Lavin PJ and Furie KL and Xian Y and Feng W and Biousse V and Schrag M and Yaghi S;34092124;Yes;n/a;2021;9;No;US;US;Vanderbilt University Medical Center;US;High-income economies
Electronic Health Records-Based Cardio-Oncology Registry for Care Gap Identification and Pragmatic Research: Procedure and Observational Study.;Chandra A and Philips ST and Pandey A and Basit M and Kannan V and Sara EJ and Das SR and Lee SJC and Haley B and Willett DL and Zaha VG;33797396;Yes;n/a;2021;2;No;US;US;University of Texas Southwestern Medical Center;US;High-income economies
Comparison of Medication Alerts from Two Commercial Applications in the USA.;Shah SN and Seger DL and Fiskio JM and Horn JR and Bates DW;33616888;Yes;n/a;2021;;No;US;US;Brigham and Women’s Hospital;US;High-income economies
Real-world ALK Testing Trends in Patients With Advanced Non-Small-Cell Lung Cancer in the United States.;Lin HM and Wu Y and Yin Y and Niu H and Curran EA and Lovly CM and Humphries MJ;36376172;No (excluded before screening);Outside the search period;2023;2;No;US;US;Flatiron Health;US;High-income economies
Disparities in Tumor Mutational Burden, Immunotherapy Use, and Outcomes Based on Genomic Ancestry in Non-Small-Cell Lung Cancer.;Brawley OW and Luhn P and Reese-White D and Ogbu UC and Madhavan S and Wilson G and Cox M and Ewing A and Hammer C and Richie N;34752134;Yes;n/a;2021;2;No;US;US;Flatiron Health;US;High-income economies
Investigating the relationship between thought interference, somatic passivity and outcomes in patients with psychosis: a natural language processing approach using a clinical records search platform in south London.;Magrangeas TT and Kolliakou A and Sanyal J and Patel R and Stewart R;35918110;Yes;n/a;2022;5;No;UK;UK;South London and Maudsley NHS Foundation Trust;UK;High-income economies
Association of Rosuvastatin Use with Risk of Hematuria and Proteinuria.;Shin JI and Fine DM and Sang Y and Surapaneni A and Dunning SC and Inker LA and Nolin TD and Chang AR and Grams ME;35853713;Yes;n/a;2022;18;No;US;US;Optum;US;High-income economies
Utilisation of pre-exposure prophylaxis (PrEP) for HIV prevention in the Australian general practice setting: a longitudinal observational study.;Chidwick K and Pollack A and Busingye D and Norman S and Grulich A and Bavinton B and Guy R and Medland N;35469591;Yes;n/a;2022;1;No;AU;AU;NPS MedicineWise;AU;High-income economies
Association between timely targeted treatment and outcomes in patients with metastatic HER2-overexpressing gastroesophageal adenocarcinoma.;Lau-Min KS and Li Y and Eads JR and Mamtani R and Getz KD;35119688;Yes;n/a;2022;2;No;US;US;Flatiron Health;US;High-income economies
Impact of the COVID-19 pandemic on remote mental healthcare and prescribing in psychiatry: an electronic health record study.;Patel R and Irving J and Brinn A and Broadbent M and Shetty H and Pritchard M and Downs J and Stewart R and Harland R and McGuire P;33785494;Yes;n/a;2021;5;Yes;UK;UK;South London and Maudsley NHS Foundation Trust;UK;High-income economies
EGFR Testing Patterns and Detection of EGFR Exon 20 Insertions in the United States.;Lin HM and Yin Y and Crossland V and Wu Y and Ou SI;35199057;Yes;n/a;2022;2;No;US;US;Flatiron Health;US;High-income economies
Clozapine-Associated Leukopenia and Agranulocytosis in Western Cape, South Africa: A 3-Year Retrospective Cohort Study.;Geldenhuys C and Zunza M and Tiffin N and Koen L and Decloedt EH;33843819;No (not retrieved);Not retrieved;2021;;;;;;;
Performance of an electronic health record-based predictive model to identify patients with atrial fibrillation across countries.;Mokgokong R and Schnabel R and Witt H and Miller R and Lee TC;35802569;Yes;n/a;2022;9;No;UK;US;IQVIA;DE, UK, FR, AU, BE;
Dental Extractions under General Anesthesia: New Insights from Process Mining.;Fox F and Whelton H and Johnson OA and Aggarwal VR;35403470;No (excluded before screening);Outside the search period;2023;11;No;UK;UK;Health Service Executive (South);IE;High-income economies
Epidemiology, Comorbidities, and Prescription Patterns of Korean Prurigo Nodularis Patients: A Multi-Institution Study.;Woo YR and Wang S and Sohn KA and Kim HS;35011837;Yes;n/a;2021;12;No;KR;KR;The Catholic University of Korea;KR;High-income economies
Impact of coronavirus disease 2019 epidemics on prevention and care for HIV and other sexually transmitted infections.;de Lazzari E and Martínez-Mimbrero A and Chivite I and González-Cordón A and Mosquera MM and Laguno M and Costa J and Bosch J and Blanco JL and Álvarez-Martinez M and Ugarte A and Inciarte A and de la Mora L and Torres B and Martínez-Rebollar M and Ambrosioni J and Fernaández E and Hurtado JC and Mallolas J and Miró JM and Marcos MA and Martínez E;35013084;Yes;n/a;2022;1;Yes;ES;ES;Not precisely specified;ES;High-income economies
The impact of the first UK COVID-19 lockdown on presentations with psychosis to mental health services for older adults: An electronic health records study in South London.;Simkin L and Yung P and Greig F and Perera G and Tsamakis K and Rizos E and Stewart R and Velayudhan L and Mueller C;36333839;Yes;n/a;2022;5;Yes;UK;UK;South London and Maudsley NHS Foundation Trust;UK;High-income economies
A retrospective epidemiological study of type 1 diabetes mellitus in wales, UK between 2008 and 2018.;Rafferty J and Stephens JW and Atkinson MD and Luzio SD and Akbari A and Gregory JW and Bain S and Owens DR and Thomas RL;34007896;Yes;n/a;2021;4;No;UK;UK;SAIL Databank;UK;High-income economies
Using routinely recorded data in a UK RCT: a comparison to standard prospective data collection methods.;Powell GA and Bonnett LJ and Smith CT and Hughes DA and Williamson PR and Marson AG;34225782;Yes;n/a;2021;6;No;UK;UK;SAIL Databank;UK;High-income economies
Long term miscarriage-related hypertension and diabetes mellitus. Evidence from a United Kingdom population-based cohort study.;Okoth K and Subramanian A and Chandan JS and Adderley NJ and Thomas GN and Nirantharakumar K and Antza C;35061706;Yes;n/a;2022;15;No;UK;UK;IQVIA;UK;High-income economies
Neurological and psychiatric risk trajectories after SARS-CoV-2 infection: an analysis of 2-year retrospective cohort studies including 1 284 437 patients.;Taquet M and Sillett R and Zhu L and Mendel J and Camplisson I and Dercon Q and Harrison PJ;35987197;Yes;n/a;2022;22;Yes;UK;UK;TriNetX;US, AU, UK, ES, IN, MY, TW, BG;
Disparities Exist in Physical Therapy Utilization and Time to Utilization Between Black and White Patients With Musculoskeletal Pain.;Richter RR and Chrusciel T and Salsich G and Austin T and Scherrer JF;35871435;Yes;n/a;2022;13;No;US;US;Optum;US;High-income economies
Trends in characteristics and outcomes among US adults hospitalised with COVID-19 throughout 2020: an observational cohort study.;Page JH and Londhe AA and Brooks C and Zhang J and Sprafka JM and Bennett C and Braunlin M and Brown CA and Charuworn P and Cheng A and Gill K and He F and Ma J and Petersen J and Ayodele O and Bao Y and Carlson KB and Chang SC and Devercelli G and Jonsson-Funk M and Jiang J and Keenan HA and Ren K and Roehl KA and Sanders L and Wang L and Wei Z and Xia Q and Yu P and Zhou L and Zhu J and Gondek K and Critchlow CW and Bradbury BD;35228287;Yes;n/a;2022;22;Yes;US;US;Optum;US;High-income economies
Annual Costs Incurred in Managing Adverse Drug Reactions Attributable to Fixed-Dose Combination Highly Active Antiretroviral Therapy in an Outpatient Antiretroviral Clinic in Gauteng: A Budget Impact Analysis.;Chikeya G and Oosthuizen F and Bangalee V;34130039;Yes;n/a;2021;1;No;ZA;ZA;Not precisely specified;ZA;Upper-middle-income economies
Exploring Large Community- and Clinically-Generated Datasets to Understand Resilience Before and During the COVID-19 Pandemic.;Monsen KA and Austin RR and Goparaju B and Clarence Jones R and Mathiason MA and Pirsch A and Eder M;33811723;Yes;n/a;2021;22;Yes;US;US;University of Minnesota;US;High-income economies
Submaximal Angiotensin-Converting Enzyme Inhibitor and Angiotensin Receptor Blocker Dosing Among Persons With Proteinuria.;Chu CD and Powe NR and Estrella MM and Shlipak MG and McCoy IE and Tuot DS;36210196;Yes;n/a;2022;18;No;US;US;Optum;US;High-income economies
Treatment Trends and Clinical Outcomes of Left-Sided RAS/RAF Wild-Type Metastatic Colorectal Cancer in the United States.;Nevala-Plagemann C and Iyengar S and Trunk AD and Pappas L and Haaland B and Garrido-Laguna I;35120306;Yes;n/a;2022;2;No;US;US;Flatiron Health;US;High-income economies
Application of machine learning and natural language processing for predicting stroke-associated pneumonia.;Tsai HC and Hsieh CY and Sung SF;36249261;Yes;n/a;2022;10;No;TW;TW;Ditmanson Medical Foundation Chia-Yi Christian Hospital, Not precisely specified healthcare facility;TW;High-income economies
Natural History of Human Epidermal Growth Factor Receptor 2-Amplified and Human Epidermal Growth Factor Receptor 2 Wild-Type Refractory Metastatic Colorectal Cancer in US Clinical Practice.;Schröder C and Gower-Page C and Reyes-Rivera I and Patel A and Price R and Sen S and Davies J and Castellanos E and Snider J and Bai X and Fisher V and Mhatre SK;35297649;Yes;n/a;2022;2;No;CH;CA;Flatiron Health;US;High-income economies
Evaluation and management of COVID-19-related severity in people with type 2 diabetes.;Wang B and Glicksberg BS and Nadkarni GN and Vashishth D;34493495;Yes;n/a;2021;4;Yes;US;US;Optum;US;High-income economies
Characterization of Non-Small-Cell Lung Cancers With MET Exon 14 Skipping Alterations Detected in Tissue or Liquid: Clinicogenomics and Real-World Treatment Patterns.;Lee JK and Madison R and Classon A and Gjoerup O and Rosenzweig M and Frampton GM and Alexander BM and Oxnard GR and Venstrom JM and Awad MM and Schrock AB;34476332;Yes;n/a;2021;2;No;US;US;Flatiron Health;US;High-income economies
Real-world evidence for option value in metastatic melanoma.;Wong WB and To TM and Li M and Lee W and Veenstra DL and Garrison LP Jr;34431715;Yes;n/a;2021;2;No;US;US;Flatiron Health;US;High-income economies
CYP2C19 Loss-of-Function Associated with First-Time Ischemic Stroke in Non-surgical Asymptomatic Carotid Artery Stenosis During Clopidogrel Therapy.;Patel PD and Niu X and Shannon CN and Denny JC and Peterson JF and Fusco MR and Chitale RV;33611730;Yes;n/a;2022;9;No;US;US;Vanderbilt University Medical Center;US;High-income economies
The challenges facing deep learning-based catheter localization for ultrasound guided high-dose-rate prostate brachytherapy.;Liu D and Tupor S and Singh J and Chernoff T and Leong N and Sadikov E and Amjad A and Zilles S;35118676;No (excluded in title and abstract screening);No tabular data;2022;;;;;;;
GERD-A Burning Problem after Sleeve Gastrectomy?;Znamirowski P and Bryk P and Lewitowicz P and Kozieł D and Głuszek S;34682573;Yes;n/a;2021;11;No;PL;PL;Provincial Hospital in Kielce;PL;High-income economies
Relationship Between Maximal Left Ventricular Wall Thickness and Sudden Cardiac Death in Childhood Onset Hypertrophic Cardiomyopathy.;Norrish G and Ding T and Field E and Cervi E and Ziółkowska L and Olivotto I and Khraiche D and Limongelli G and Anastasakis A and Weintraub R and Biagini E and Ragni L and Prendiville T and Duignan S and McLeod K and Ilina M and Fernández A and Marrone C and Bökenkamp R and Baban A and Kubus P and Daubeney PEF and Sarquella-Brugada G and Cesar S and Klaassen S and Ojala TH and Bhole V and Medrano C and Uzun O and Brown E and Gran F and Sinagra G and Castro FJ and Stuart G and Vignati G and Yamazawa H and Barriales-Villa R and Garcia-Guereta L and Adwani S and Linter K and Bharucha T and Garcia-Pavia P and Siles A and Rasmussen TB and Calcagnino M and Jones CB and De Wilde H and Kubo T and Felice T and Popoiu A and Mogensen J and Mathur S and Centeno F and Reinhardt Z and Schouvey S and O'Mahony C and Omar RZ and Elliott PM and Kaski JP;35491873;Yes;n/a;2022;9;No;UK;UK;Multiple;various;
Post-Combat-Injury Opioid Prescription and Alcohol Use Disorder in the Military.;Alcover KC and Poltavskiy EA and Howard JT and Watrous JR and Janak JC and Walker LE and Stewart IJ;36127194;No (not retrieved);Not retrieved;2022;;;;;;;
Automated risk assessment of newly detected atrial fibrillation poststroke from electronic health record data using machine learning and natural language processing.;Sung SF and Sung KL and Pan RC and Lee PJ and Hu YH;35966534;Yes;n/a;2022;9;No;TW;TW;Ditmanson Medical Foundation Chia-Yi Christian Hospital;TW;High-income economies
Cardiac Comorbidity Risk Score: Zero-Burden Machine Learning to Improve Prediction of Postoperative Major Adverse Cardiac Events in Hip and Knee Arthroplasty.;Onishchenko D and Rubin DS and van Horne JR and Ward RP and Chattopadhyay I;35904198;Yes;n/a;2022;9;No;US;US;Truven Health Analytics;US;High-income economies
Use of ICD-10 Codes for Human Trafficking: Analysis of Data From a Large, Multisite Clinical Database in the United States.;Kerr PL and Bryant G;35775908;Yes;n/a;2022;;No;US;US;TriNetX;US;High-income economies
Pertuzumab Plus Trastuzumab for Treatment-Refractory HER2-Amplified Metastatic Colorectal Cancer: Comparison of the MyPathway Trial With a Real-World External Control Arm.;Narita Y and Yoshimoto T and Namai T and Asakawa T and Kawakami S and Gower-Page C and Reyes-Rivera I and Patel A and Nakamura Y;35649212;Yes;n/a;2022;2;No;JP;JP;Flatiron Health;US;High-income economies
Impact of COVID-19 on telepsychiatry at the service and individual patient level across two UK NHS mental health Trusts.;Hong JS and Sheriff R and Smith K and Tomlinson A and Saad F and Smith T and Engelthaler T and Phiri P and Henshall C and Ede R and Denis M and Mitter P and D'Agostino A and Cerveri G and Tomassi S and Rathod S and Broughton N and Marlowe K and Geddes J and Cipriani A;34583940;Yes;n/a;2021;5;Yes;UK;UK;Oxford Health NHS Foundation Trust, Southern Health NHS Foundation Trust;UK;High-income economies
Monitoring New Symptoms After COVID-19 Infection Among Primary Care Patients in New York City.;Terlizzi K and Kutscher E and Yoncheva Y;34535527;Yes;n/a;2021;22;Yes;US;US;New York University Langone Health;US;High-income economies
Predictive Modeling of Morbidity and Mortality in Patients Hospitalized With COVID-19 and its Clinical Implications: Algorithm Development and Interpretation.;Wang JM and Liu W and Chen X and McRae MP and McDevitt JT and Fenyö D;34081611;Yes;n/a;2021;22;Yes;US;US;New York University Langone Health;US;High-income economies
Acute Ischemic Stroke and COVID-19: An Analysis of 27 676 Patients.;Qureshi AI and Baskett WI and Huang W and Shyu D and Myers D and Raju M and Lobanova I and Suri MFK and Naqvi SH and French BR and Siddiq F and Gomez CR and Shyu CR;33535779;Yes;n/a;2021;9;Yes;US;US;Cerner Corporation;US;High-income economies
[The role of interdisciplinary communication in the proper diagnostics of jaw cyst].;Cserni G and Cserni D and Zombori T and Baráth Z;33764023;No (excluded before screening);not English;2021;;;;;;;
A checklist-based method for improving COPD care for the elderly in general practice: study protocol for a cluster randomized controlled trial using electronic health records.;Kowalczyk A and Zakowska I and Andrzejewska E and Kosiek K and Godycki-Cwirko M;33632282;No (excluded in title and abstract screening);No medical research (no new insights with direct relevance to health);2021;;;;;;;
UK prevalence of underlying conditions which increase the risk of severe COVID-19 disease: a point prevalence study using electronic health records.;Walker JL and Grint DJ and Strongman H and Eggo RM and Peppa M and Minassian C and Mansfield KE and Rentsch CT and Douglas IJ and Mathur R and Wong AYS and Quint JK and Andrews N and Bernal JL and Scott JA and Ramsay M and Smeeth L and McDonald HI;33706738;Yes;n/a;2021;22;Yes;UK;UK;Clinical Practice Research Datalink;UK;High-income economies
Early risk assessment for COVID-19 patients from emergency department data using machine learning.;Heldt FS and Vizcaychipi MP and Peacock S and Cinelli M and McLachlan L and Andreotti F and Jovanović S and Dürichen R and Lipunova N and Fletcher RA and Hancock A and McCarthy A and Pointon RA and Brown A and Eaton J and Liddi R and Mackillop L and Tarassenko L and Khan RT;33603086;Yes;n/a;2021;22;Yes;UK;UK;Chelsea and Westminster NHS Foundation Trust;UK;High-income economies
Characteristics and general practice resource use of people with comorbid cancer and dementia in England: a retrospective cross-sectional study.;Collinson M and Mason E and Kelley R and Griffiths A and Ashley L and Henry A and Inman H and Cowdell F and Hennell J and Jones L and Walsh M and Ogden M and Farrin A and Surr C;36371194;Yes;n/a;2022;2;No;UK;UK;Multiple;UK;High-income economies
Association Between Survival and Very High Versus High PD-L1 Expression in Patients Receiving Pembrolizumab as First-line Treatment for Advanced Non-Small Cell Lung Cancer.;Shah M and Marmarelis ME and Mamtani R and Hennessy S;35945127;No (not retrieved);Not retrieved;2022;;;;;;;
Outpatient Antibiotic Resistance Patterns of Escherichia coli Urinary Isolates Differ by Specialty Type.;Frisbie L and Weissman SJ and Kapoor H and D'Angeli M and Salm A and Radcliff J and Rabinowitz P;35727039;Yes;n/a;2022;1;No;US;US;Not precisely specified;US;High-income economies
Real-World Outcomes of Patients With BRAF-Mutated Metastatic Colorectal Cancer Treated in the United States.;Trunk A and Braithwaite M and Nevala-Plagemann C and Pappas L and Haaland B and Garrido-Laguna I;35130499;Yes;n/a;2022;2;No;US;US;Flatiron Health;US;High-income economies
Clinical characteristics and risk factors of in-hospital gastrointestinal bleeding in patients with acute myocardial infarction.;Zhong L and Quan X and Dang P and Tang M and Yu H and Guo F;36237901;Yes;n/a;2022;9;No;CN;CN;Xi'an Jiaotong University;CN;Upper-middle-income economies
Understanding Flares in Patients With Generalized Pustular Psoriasis Documented in US Electronic Health Records.;Zema CL and Valdecantos WC and Weiss J and Krebs B and Menter AM;35947363;Yes;n/a;2022;12;No;US;US;Optum;US;High-income economies
NeuroBlu, an electronic health record (EHR) trusted research environment (TRE) to support mental healthcare analytics with real-world data.;Patel R and Wee SN and Ramaswamy R and Thadani S and Tandi J and Garg R and Calvanese N and Valko M and Rush AJ and Rentería ME and Sarkar J and Kollins SH;35459671;No (excluded in title and abstract screening);No medical research (focus on data provision);2022;;;;;;;
Characteristics, Comorbidities, and Outcomes of SARS-CoV-2 Infection in Patients With Autoimmune Conditions Treated With Systemic Therapies: A Population-based Study.;Curtis JR and Zhou X and Rubin DT and Reinisch W and Yazdany J and Robinson PC and Chen Y and Benda B and Madsen A and Geier J;34782447;Yes;n/a;2022;22;Yes;US;US;Optum;US;High-income economies
Programmed Death-Ligand 1 Tumor Proportion Score and Overall Survival From First-Line Pembrolizumab in Patients With Nonsquamous Versus Squamous NSCLC.;Doroshow DB and Wei W and Gupta S and Zugazagoitia J and Robbins C and Adamson B and Rimm DL;34455068;Yes;n/a;2021;2;No;US;US;Flatiron Health;US;High-income economies
Voucher-Based Kidney Donation and Redemption for Future Transplant.;Veale JL and Nassiri N and Capron AM and Danovitch GM and Gritsch HA and Cooper M and Redfield RR and Kennealey PT and Kapur S;34160572;Yes;n/a;2021;14;No;US;US;National Kidney Register Database;US;High-income economies
Real-world outcomes of first-line pembrolizumab plus pemetrexed-carboplatin for metastatic nonsquamous NSCLC at US oncology practices.;Velcheti V and Hu X and Piperdi B and Burke T;33911121;Yes;n/a;2021;2;No;US;US;Flatiron Health;US;High-income economies
Contraceptive exposure associates with urinary tract infection risk in a cohort of reproductive-age women: a case control study.;Lo C and Abraham A and Bejan CA and Reasoner SA and Davidson M and Lipworth L and Aronoff DM;36537554;No (excluded before screening);Outside the search period;2023;14;No;US;US;Vanderbilt University Medical Center;US;High-income economies
Severity of COVID-19 and adverse long-term outcomes: a retrospective cohort study based on a US electronic health record database.;Jovanoski N and Chen X and Becker U and Zalocusky K and Chawla D and Tsai L and Borm M and Neighbors M and Yau V;34893488;Yes;n/a;2021;22;Yes;US;US;Optum;US;High-income economies
Risks of Multiple Skin Cancers in Organ Transplant Recipients: A Cohort Study in 2 Administrative Data Sets.;Wehner MR and Niu J and Wheless L and Baker LX and Cohen OG and Margolis DJ and Giordano SH and Shin TM;34668933;Yes;n/a;2021;2;No;US;US;Optum;US;High-income economies
Concordance of Clinician-Documented and Imaging Response in Patients With Stage IV Non-Small Cell Lung Cancer Treated With First-Line Therapy.;Ma X and Bellomo L and Hooley I and Williams T and Samant M and Tan K and Segal B and Bourla AB;35552726;Yes;n/a;2022;2;No;US;US;Flatiron Health;US;High-income economies
The effects of an evidence- and theory-informed feedback intervention on opioid prescribing for non-cancer pain in primary care: A controlled interrupted time series analysis.;Alderson SL and Farragher TM and Willis TA and Carder P and Johnson S and Foy R;34606504;Yes;n/a;2021;;No;UK;UK;Multiple;UK;High-income economies
COVID-19 vaccination in pregnancy: views and vaccination uptake rates in pregnancy, a mixed methods analysis from SAIL and the Born-In-Wales Birth Cohort.;Mhereeg M and Jones H and Kennedy J and Seaborne M and Parker M and Kennedy N and Beeson S and Akbari A and Zuccolo L and Davies A and Brophy S;36503414;Yes;n/a;2022;22;Yes;UK;UK;SAIL Databank;UK;High-income economies
Achievement of European Society of Cardiology/European Atherosclerosis Society lipid targets in very high-risk patients: Influence of depression and sex.;Ellins EA and Harris DE and Lacey A and Akbari A and Torabi F and Smith D and Jenkins G and Obaid D and Chase A and John A and Gravenor MB and Halcox JP;35213664;Yes;n/a;2022;9;No;UK;UK;SAIL Databank;UK;High-income economies
The impact of the COVID-19 lockdown on HIV care in 65 South African primary care clinics: an interrupted time series analysis.;Dorward J and Khubone T and Gate K and Ngobese H and Sookrajh Y and Mkhize S and Jeewa A and Bottomley C and Lewis L and Baisley K and Butler CC and Gxagxisa N and Garrett N;33549166;Yes;n/a;2021;1;Yes;ZA;ZA;Multiple;ZA;Upper-middle-income economies
Dosage Frequency Effects on Treatment Outcomes Following Self-managed Digital Therapy: Retrospective Cohort Study.;Cordella C and Munsell M and Godlove J and Anantha V and Advani M and Kiran S;35857353;Yes;n/a;2022;9;No;US;US;Constant Therapy Health;US;High-income economies
Clinical-Genetic Features Influencing Disability in Spastic Paraplegia Type 4: A Cross-sectional Study by the Italian DAISY Network.;Rossi S and Rubegni A and Riso V and Barghigiani M and Bassi MT and Battini R and Bertini E and Cereda C and Cioffi E and Criscuolo C and Dal Fabbro B and Dato C and D'Angelo MG and Di Muzio A and Diamanti L and Dotti MT and Filla A and Gioiosa V and Liguori R and Martinuzzi A and Massa R and Mignarri A and Moroni R and Musumeci O and Nicita F and Orologio I and Orsi L and Pegoraro E and Petrucci A and Plumari M and Ricca I and Rizzo G and Romano S and Rumore R and Sampaolo S and Scarlato M and Seri M and Stefan C and Straccia G and Tessa A and Travaglini L and Trovato R and Ulgheri L and Vazza G and Orlacchio A and Silvestri G and Santorelli FM and Melone MAB and Casali C;35372684;Yes;n/a;2022;6;No;IT;IT;Multiple;IT;High-income economies
Safety and preliminary efficacy of the Gam-COVID-Vac vaccine and outcomes of SARS-CoV-2 infection in Russian patients with genitourinary malignancies.;Tsimafeyeu I and Volkova M and Alekseeva G and Berkut M and Nosov A and Myslevtsev I and Andrianov A and Semenov A and Borisov P and Zukov R and Goutnik V and Savchuk S and Dengina N and Mitin T;34774086;Yes;n/a;2021;2;Yes;RU;US;Multiple;RU;Upper-middle-income economies
Association of COVID-19 With Major Arterial and Venous Thrombotic Diseases: A Population-Wide Cohort Study of 48 Million Adults in England and Wales.;Knight R and Walker V and Ip S and Cooper JA and Bolton T and Keene S and Denholm R and Akbari A and Abbasizanjani H and Torabi F and Omigie E and Hollings S and North TL and Toms R and Jiang X and Angelantonio ED and Denaxas S and Thygesen JH and Tomlinson C and Bray B and Smith CJ and Barber M and Khunti K and Davey Smith G and Chaturvedi N and Sudlow C and Whiteley WN and Wood AM and Sterne JAC;36121907;Yes;n/a;2022;22;Yes;UK;UK;NHS Digital, SAIL Databank;UK;High-income economies
Adverse events and clinical outcomes in patients treated with PD-(L)1 blockade for advanced non-small-cell lung cancer.;Zhang Y and Doran C and Le TK and Dreyfus B and Kola N and Sylvester BE and Lal L and Penrod JR and Meadows Shropshire S;36942686;No (excluded in title and abstract screening);No real-world application (findings not based on real-world data);2022;;;;;;;
eARDS: A multi-center validation of an interpretable machine learning algorithm of early onset Acute Respiratory Distress Syndrome (ARDS) among critically ill adults with COVID-19.;Singhal L and Garg Y and Yang P and Tabaie A and Wong AI and Mohammed A and Chinthala L and Kadaria D and Sodhi A and Holder AL and Esper A and Blum JM and Davis RL and Clifford GD and Martin GS and Kamaleswaran R;34559819;Yes;n/a;2021;10;Yes;US;US;Cerner Corporation;US;High-income economies
Strabismus Surgery Decreases the Risk of Injuries in Pediatric Patients in the OptumLabs Data Warehouse.;Pineles SL and Repka MX and Yu F and Velez FG and Perez C and Sim D and Coleman AL;34283972;No (not retrieved);Not retrieved;2022;;;;;;;
Association of Adherence to Endocrine Therapy Among Patients With Breast Cancer and Potential Drug-Drug Interactions.;Rassy E and Bardet A and Bougacha O and Gantzer L and Lekens B and Delaloge S and André F and Michiels S and Pistilli B;36459136;Yes;n/a;2022;2;No;FR;FR;The Health Improvement Network;FR;High-income economies
Using electronic medical record data to assess chronic kidney disease, type 2 diabetes and cardiovascular disease testing, recognition and management as documented in Australian general practice: a cross-sectional analysis.;Jones JL and Lumsden NG and Simons K and Ta'eed A and de Courten MP and Wijeratne T and Cox N and Neil CJA and Manski-Nankervis JA and Hamblin PS and Janus ED and Nelson CL;35177470;Yes;n/a;2022;9;No;AU;AU;Multiple;AU;High-income economies
Association of mental health diagnosis with race and all-cause mortality after a cancer diagnosis: Large-scale analysis of electronic health record data.;Chen WC and Boreta L and Braunstein SE and Rabow MW and Kaplan LE and Tenenbaum JD and Morin O and Park CC and Hong JC;34550601;Yes;n/a;2022;2;No;US;US;University of California San Francisco;US;High-income economies
Real-World Assessment of Weight Change in African American Females and Hispanics with HIV-1 After Initiating Integrase Strand-Transfer Inhibitors or Protease Inhibitors.;Chen YW and Anderson D and Pericone CD and Donga P;35083364;Yes;n/a;2022;1;No;US;US;Optum;US;High-income economies
Adherence to National Comprehensive Cancer Network ALK Testing Guidelines for Patients with Advanced Non-Small Cell Lung Cancer in U.S. Community Medical Centers.;Bernicker EH and Xiao Y and Abraham A and Yang B and Croix DA and Redpath S and Engstrom-Melnyk J and Shah R and Madala J and Allen TC;33823082;Yes;n/a;2021;2;No;US;US;Flatiron Health;US;High-income economies
Association of SARS-CoV-2 Seropositive Antibody Test With Risk of Future Infection.;Harvey RA and Rassen JA and Kabelac CA and Turenne W and Leonard S and Klesh R and Meyer WA 3rd and Kaufman HW and Anderson S and Cohen O and Petkov VI and Cronin KA and Van Dyke AL and Lowy DR and Sharpless NE and Penberthy LT;33625463;Yes;n/a;2021;22;Yes;US;US;HealthVerity;US;High-income economies
Characteristics and Treatment Rate of Patients With Hepatitis C Virus Infection in the Direct-Acting Antiviral Era and During the COVID-19 Pandemic in the United States.;Nguyen VH and Kam L and Yeo YH and Huang DQ and Henry L and Cheung R and Nguyen MH;36477481;Yes;n/a;2022;1;Yes;US;US;Optum;US;High-income economies
Proposing a Sex-Adjusted Sodium-Adjusted MELD Score for Liver Transplant Allocation.;Sealock JM and Ziogas IA and Zhao Z and Ye F and Alexopoulos SP and Matsuoka L and Chen G and Davis LK;35583884;Yes;n/a;2022;21;No;US;US;Vanderbilt University Medical Center;US;High-income economies
Differential antibody response to COVID-19 vaccines across immunomodulatory therapies for multiple sclerosis.;Satyanarayan S and Safi N and Sorets T and Filomena S and Zhang Y and Klineova S and Fabian M and Horng S and Tankou S and Miller A and Krieger S and Lublin F and Sumowski J and Katz Sand I;35533419;Yes;n/a;2022;6;Yes;US;US;Corinne Dickinson Goldsmith Center for Multiple Sclerosis;US;High-income economies
Personalized Analytics and a Wearable Biosensor Platform for Early Detection of COVID-19 Decompensation (DeCODe): Protocol for the Development of the COVID-19 Decompensation Index.;Larimer K and Wegerich S and Splan J and Chestek D and Prendergast H and Vanden Hoek T;33949966;No (excluded in title and abstract screening);No real-world application (findings not based on real-world data);2021;;;;;;;
Incidence of fractures in people with intellectual disabilities over the life course: a retrospective matched cohort study.;Frighi V and Smith M and Andrews TM and Clifton L and Collins GS and Fuller A and Roast J and Holt TA;36313144;Yes;n/a;2022;5;No;UK;UK;Clinical Practice Research Datalink;UK;High-income economies
The Development and Validation of Simplified Machine Learning Algorithms to Predict Prognosis of Hospitalized Patients With COVID-19: Multicenter, Retrospective Study.;He F and Page JH and Weinberg KR and Mishra A;34951865;Yes;n/a;2022;22;Yes;US;US;Optum;US;High-income economies
Epidemiological and Clinical Features of Kawasaki Disease During the COVID-19 Pandemic in the United States.;Burney JA and Roberts SC and DeHaan LL and Shimizu C and Bainto EV and Newburger JW and Dominguez S and Jone PN and Jaggi P and Szmuszkovicz JR and Rowley AH and Samuy N and Scalici P and Tremoulet AH and Cayan DR and Burns JC;35713905;Yes;n/a;2022;13;Yes;US;US;Rady Children’s Hospital San Diego, Multiple not precisely specified healthcare facilities;US;High-income economies
Postnatal treatment for children with fetal and neonatal alloimmune thrombocytopenia: a multicentre, retrospective, cohort study.;de Vos TW and Winkelhorst D and Árnadóttir V and van der Bom JG and Canals Surís C and Caram-Deelder C and Deschmann E and Haysom HE and Hverven HBC and Lozar Krivec J and McQuilten ZK and Muñiz-Diaz E and Nogués N and Oepkes D and Porcelijn L and van der Schoot CE and Saxonhouse M and Sola-Visner M and Tiblad E and Tiller H and Wood EM and Young V and Železnik M and de Haas M and Lopriore E;36108655;No (not retrieved);Not retrieved;2022;;;;;;;
Pembrolizumab-combination therapy for previously untreated metastatic nonsquamous NSCLC: Real-world outcomes at US oncology practices.;Liu SV and Hu X and Li Y and Zhao B and Burke T and Velcheti V;36324586;Yes;n/a;2022;2;No;US;US;Flatiron Health;US;High-income economies
Long-Term Real-World Outcomes of First-Line Pembrolizumab Monotherapy for Metastatic Non-Small Cell Lung Cancer With ≥50% Expression of Programmed Cell Death-Ligand 1.;Velcheti V and Hu X and Yang L and Pietanza MC and Burke T;35402266;Yes;n/a;2022;2;No;US;US;Flatiron Health;US;High-income economies
Outcomes Among African American and Non-Hispanic White Men With Metastatic Castration-Resistant Prostate Cancer With First-Line Abiraterone.;Marar M and Long Q and Mamtani R and Narayan V and Vapiwala N and Parikh RB;34985518;Yes;n/a;2022;2;No;US;US;Flatiron Health;US;High-income economies
Embryologist agreement when assessing blastocyst implantation probability: is data-driven prediction the solution to embryo assessment subjectivity?;Fordham DE and Rosentraub D and Polsky AL and Aviram T and Wolf Y and Perl O and Devir A and Rosentraub S and Silver DH and Gold Zamir Y and Bronstein AM and Lara Lara M and Ben Nagi J and Alvarez A and Munné S;35944167;No (excluded in title and abstract screening);No tabular data;2022;;;;;;;
Long-term impact of pre-incision antibiotics on children born by caesarean section: a longitudinal study based on UK electronic health records.;Šumilo D and Nirantharakumar K and Willis BH and Rudge GM and Martin J and Gokhale K and Thayakaran R and Adderley NJ and Chandan JS and Okoth K and Harris IM and Hewston R and Skrybant M and Deeks JJ and Brocklehurst P;35781133;Yes;n/a;2022;15;No;UK;UK;Clinical Practice Research Datalink, The Health Improvement Network;UK;High-income economies
