Title;Authors;PMID;Include;Reason for exclusion;Publishing year;Publishing month;Submission year;Submission month;Research data;Healthcare data;ICD-10 chapter;COVID-19 research;First author;Senior author;Data source;Data origin;Time-to-Publication
Sharing patient data: understanding anonymisation.;Affleck P and Carrigan C;29976597;No (excluded in title and abstract screening);No real-world application (findings not based on real-world data);2018;7;na;na;No;Yes;;;;;;;
"HIPAA and the Leak of ""Deidentified"" EHR Data.";Gross MS and Hood AJ and Rubin JC;34525297;No (excluded in title and abstract screening);No real-world application (findings not based on real-world data);2021;9;na;na;No;Yes;;;;;;;
"HIPAA and the Leak of ""Deidentified"" EHR Data.";Sim I and Cassel C;34525298;No (excluded in title and abstract screening);No real-world application (findings not based on real-world data);2021;9;na;na;No;Yes;;;;;;;
"HIPAA and the Leak of ""Deidentified"" EHR Data. Reply.";Mandl KD and Perakslis ED;34525299;No (excluded in title and abstract screening);No real-world application (findings not based on real-world data);2021;9;na;na;No;Yes;;;;;;;
A large language model for electronic health records.;Yang X and Chen A and PourNejatian N and Shin HC and Smith KE and Parisien C and Compas C and Martin C and Costa AB and Flores MG and Zhang Y and Magoc T and Harle CA and Lipori G and Mitchell DA and Hogan WR and Shenkman EA and Bian J and Wu Y;36572766;No (excluded in title and abstract screening);No tabular data;2022;12;2022;6;No;Yes;;;;;;;6.0
Real-world effectiveness of CPX-351 vs venetoclax and azacitidine in acute myeloid leukemia.;Matthews AH and Perl AE and Luger SM and Loren AW and Gill SI and Porter DL and Babushok DV and Maillard IP and Carroll MP and Frey NV and Hexner EO and Martin ME and McCurdy SR and Stadtmauer EA and Paralkar VR and Bruno XJ and Hwang WT and Margolis D and Pratz KW;35507945;Yes;;2022;7;2022;2;No;Yes;2;No;US;US;Flatiron Health;US;5.0
"HIPAA and the Leak of ""Deidentified"" EHR Data.";Mandl KD and Perakslis ED;34110112;No (excluded in title and abstract screening);No real-world application (findings not based on real-world data);2021;6;na;na;No;Yes;;;;;;;
Scalable and accurate deep learning with electronic health records.;Rajkomar A and Oren E and Chen K and Dai AM and Hajaj N and Hardt M and Liu PJ and Liu X and Marcus J and Sun M and Sundberg P and Yee H and Zhang K and Zhang Y and Flores G and Duggan GE and Irvine J and Le Q and Litsch K and Mossin A and Tansuwan J and Wang D and Wexler J and Wilson J and Ludwig D and Volchenboum SL and Chou K and Pearson M and Madabushi S and Shah NH and Butte AJ and Howell MD and Cui C and Corrado GS and Dean J;31304302;Yes;;2018;;2018;1;No;Yes;;No;US;US;University of California San Francisco, University of Chicago Medicine;US;
Deep EHR: A Survey of Recent Advances in Deep Learning Techniques for Electronic Health Record (EHR) Analysis.;Shickel B and Tighe PJ and Bihorac A and Rashidi P;29989977;No (excluded in title and abstract screening);No real-world application (findings not based on real-world data);2018;9;na;na;No;Yes;;;;;;;
Orthostatic Hypotension and Falls in Hospitalized Older Adults.;Schell K and Lyons D and Bodt B;33426904;Yes;;2021;6;na;na;No;Yes;9;No;US;US;ChristianaCare;US;
Corrigendum to: Enabling qualitative research data sharing using a natural language processing pipeline for deidentification: moving beyond HIPAA Safe Harbor identifiers.;Gupta A and Lai A and Mozersky J and Ma X and Walsh H and DuBois JM;35059564;No (excluded in title and abstract screening);No real-world application (findings not based on real-world data);2022;4;na;na;Yes;No;;;;;;;
Hepatocellular carcinoma risk in patients with chronic hepatitis B receiving tenofovir- vs. entecavir-based regimens: Individual patient data meta-analysis.;Choi WM and Yip TC and Wong GL and Kim WR and Yee LJ and Brooks-Rooney C and Curteis T and Cant H and Chen CH and Chen CY and Huang YH and Jin YJ and Jun DW and Kim JW and Park NH and Peng CY and Shin HP and Shin JW and Yang YH and Lim YS;36572349;No (excluded before screening);Outside the search period;2023;3;2022;7;Yes;Yes;;;;;;;8.0
Algorithms to anonymize structured medical and healthcare data: A systematic review.;Sepas A and Bangash AH and Alraoui O and El Emam K and El-Hussuna A;36619476;No (excluded in title and abstract screening);No medical research (focus on anonymization);2022;;2022;7;No;Yes;;;;;;;
Issues and Solutions of Healthcare Data De-identification: the Case of South Korea.;Shin SY;29349950;No (excluded in title and abstract screening);No medical research (focus on anonymization);2018;1;2017;8;No;Yes;;;;;;;5.0
Improving Data Quality in Clinical Research Informatics Tools.;AbuHalimeh A;35574572;No (excluded in title and abstract screening);No real-world application (findings not based on real-world data);2022;;2022;2;Yes;Yes;;;;;;;
deidentify.;Burckhardt P and Padman R;29854113;No (excluded before screening);Outside the search period;2017;;na;na;No;Yes;;;;;;;
Research using electronic health records: not all de-identified datasets are created equal.;Yogarajan V and Ragupathy R;31039984;No (excluded in title and abstract screening);No medical research (focus on anonymization);2019;4;na;na;No;Yes;;;;;;;
How Clinical Practice Research Datalink data are used to support pharmacovigilance.;Ghosh RE and Crellin E and Beatty S and Donegan K and Myles P and Williams R;31210923;No (excluded in title and abstract screening);No medical research (no new insights with direct relevance to health);2019;;2018;11;Yes;Yes;;;;;;;
First-line immune checkpoint inhibitor use in cisplatin-eligible patients with advanced urothelial carcinoma: a secular trend analysis.;Parikh RB and Feld EK and Galsky MD and Adamson BJ and Cohen AB and Baxi SS and Boursi SB and Christodouleas JP and Vaughn DJ and Meropol NJ and Mamtani R;31840537;Yes;;2020;1;na;na;No;Yes;2;No;US;US;Flatiron Health;US;
Data resource profile: the National Health Insurance Research Database (NHIRD).;Lin LY and Warren-Gash C and Smeeth L and Chen PC;30727703;No (excluded in title and abstract screening);No medical research (focus on data provision);2018;;2018;11;Yes;Yes;;;;;;;
Clinical Research Informatics: Contributions from 2017.;Daniel C and Kalra D;30157521;No (excluded in title and abstract screening);No real-world application (findings not based on real-world data);2018;8;na;na;No;Yes;;;;;;;
Benchmarking Modern Named Entity Recognition Techniques for Free-text Health Record Deidentification.;Ahmed A and Abbasi A and Eickhoff C;34457124;No (excluded in title and abstract screening);No medical research (focus on anonymization);2021;;na;na;No;Yes;;;;;;;
Environmental Influences on Patient Presentations: Considerations for Research and Evaluation at Mass-Gathering Events.;Hutton A and Ranse J and Gray KL and Turris SA and Lund A and Munn MB;31495346;No (excluded in title and abstract screening);No real-world application (findings not based on real-world data);2019;10;na;na;Yes;No;;;;;;;
Evaluation of repositories for sharing individual-participant data from clinical studies.;Banzi R and Canham S and Kuchinke W and Krleza-Jeric K and Demotes-Mainard J and Ohmann C;30876434;No (excluded in title and abstract screening);No medical research (focus on data provision);2019;3;2018;11;Yes;Yes;;;;;;;4.0
Development and Implementation of the Data Science Learning Platform for Research Physician.;Begic Fazlic L and Schacht M and Morgen M and Schmeink A and Lipp R and Martin L and Vollmer T and Winter S and Dartmann G;36325863;No (excluded in title and abstract screening);No real-world application (findings not based on real-world data);2022;11;na;na;No;Yes;;;;;;;
Quantified electronic health record (EHR) use by academic surgeons.;Cox ML and Risoli T Jr and Peskoe SB and Turner DA and Migaly J;33483138;No (not retrieved);Not retrieved;2021;6;2020;9;No;Yes;;;;;;;9.0
Cerner real-world data (CRWD) - A de-identified multicenter electronic health records database.;Ehwerhemuepha L and Carlson K and Moog R and Bondurant B and Akridge C and Moreno T and Gasperino G and Feaster W;35434225;No (excluded in title and abstract screening);No medical research (focus on data provision);2022;6;2021;12;No;Yes;;;;;;;6.0
Customization scenarios for de-identification of clinical notes.;Hartman T and Howell MD and Dean J and Hoory S and Slyper R and Laish I and Gilon O and Vainstein D and Corrado G and Chou K and Po MJ and Williams J and Ellis S and Bee G and Hassidim A and Amira R and Beryozkin G and Szpektor I and Matias Y;32000770;No (excluded in title and abstract screening);No medical research (focus on anonymization);2020;1;2019;3;No;Yes;;;;;;;10.0
De-Identification of Radiomics Data Retaining Longitudinal Temporal Information.;Kundu S and Chakraborty S and Chatterjee S and Das S and Achari RB and Mukhopadhyay J and Das PP and Mallick I and Arunsingh M and Bhattacharyyaa T and Ray S;32240368;No (excluded in title and abstract screening);No medical research (focus on anonymization);2020;4;2019;11;No;Yes;;;;;;;5.0
Improving domain adaptation in de-identification of electronic health records through self-training.;Liao S and Kiros J and Chen J and Zhang Z and Chen T;34363664;No (excluded in title and abstract screening);No medical research (focus on anonymization);2021;9;2021;3;No;Yes;;;;;;;6.0
New EHR certification requirements and their association with duplicate tests and images.;Pylypchuk Y and Johnson C;35640013;Yes;;2022;7;2021;11;No;Yes;;No;US;US;FAIR Health;US;8.0
Assessment of Electronic Health Record Use Between US and Non-US Health Systems.;Holmgren AJ and Downing NL and Bates DW and Shanafelt TD and Milstein A and Sharp CD and Cutler DM and Huckman RS and Schulman KA;33315048;No (excluded in full-paper screening);"A: This is about usage of EHR systems by clinicans. Consider excluding?
Provided PDF is supplementary material only
B: Supplementary Material not available";2021;2;na;na;No;Yes;;?;?;?;?;?;
Research Goal-Driven Data Model and Harmonization for De-Identifying Patient Data in Radiomics.;Kundu S and Chakraborty S and Mukhopadhyay J and Das S and Chatterjee S and Basu Achari R and Mallick I and Pratim Das P and Arunsingh M and Bhattacharyya T and Ray S;34241789;No (excluded in title and abstract screening);No medical research (focus on anonymization);2021;8;2020;7;No;Yes;;;;;;;13.0
Achalasia Quality Indicator Adherence.;Romanoff E and Zhuo J and Huang AC and Amador D and Otaki F and Kamal AN and Kathpalia P and Leiman DA;36459295;No (excluded before screening);Outside the search period;2023;2;2021;12;No;Yes;11;No;US;US;Multiple;US;14.0
De-identification of Clinical Text via Bi-LSTM-CRF with Neural Language Models.;Tang B and Jiang D and Chen Q and Wang X and Yan J and Shen Y;32308882;No (excluded in title and abstract screening);No medical research (focus on anonymization);2019;;na;na;No;Yes;;;;;;;
A framework for de-identification of free-text data in electronic medical records enabling secondary use.;Mercorelli L and Nguyen H and Gartell N and Brookes M and Morris J and Tam CS;35546422;No (excluded in title and abstract screening);No medical research (focus on anonymization);2022;6;2021;11;No;Yes;;;;;;;7.0
Relationship between patient experience and hospital readmission: system-level survey with deterministic data linkage method.;Wong EL and Poon CM and Cheung AW and Chen FY and Yeoh EK;35864472;No (excluded in title and abstract screening);No medical research (no new insights with direct relevance to health);2022;7;2022;1;No;Yes;;;;;;;6.0
A deep learning system for differential diagnosis of skin diseases.;Liu Y and Jain A and Eng C and Way DH and Lee K and Bui P and Kanada K and de Oliveira Marinho G and Gallegos J and Gabriele S and Gupta V and Singh N and Natarajan V and Hofmann-Wellenhof R and Corrado GS and Peng LH and Webster DR and Ai D and Huang SJ and Liu Y and Dunn RC and Coz D;32424212;Yes;;2020;6;2019;9;No;Yes;12;No;US;US;Not precisely specified;US;9.0
Data sharing platforms for de-identified data from human clinical trials.;Huser V and Shmueli-Blumberg D;29676586;No (excluded in title and abstract screening);No medical research (focus on data provision);2018;8;na;na;Yes;No;;;;;;;
DI++: A deep learning system for patient condition identification in clinical notes.;Shi J and Gao X and Kinsman WC and Ha C and Gao GG and Chen Y;34998515;No (excluded in title and abstract screening);No tabular data;2022;1;2020;6;No;Yes;;;;;;;19.0
Technical Note: An embedding-based medical note de-identification approach with sparse annotation.;Zhou H and Ruan D;33340113;No (excluded in title and abstract screening);No medical research (focus on anonymization);2021;3;2020;8;No;Yes;;;;;;;7.0
Enabling qualitative research data sharing using a natural language processing pipeline for deidentification: moving beyond HIPAA Safe Harbor identifiers.;Gupta A and Lai A and Mozersky J and Ma X and Walsh H and DuBois JM;34435175;No (excluded in title and abstract screening);No medical research (focus on anonymization);2021;7;2021;5;Yes;No;;;;;;;2.0
Student perceptions of a teaching electronic medical record in Health Administration education.;Taylor H and Brumitt G and Harle CA and Johnston A and Williams K and Vest JR;36474597;No (excluded in title and abstract screening);No real-world application (findings not based on real-world data);2022;;na;na;No;Yes;;;;;;;
Probabilistic record linkage of de-identified research datasets with discrepancies using diagnosis codes.;Hejblum BP and Weber GM and Liao KP and Palmer NP and Churchill S and Shadick NA and Szolovits P and Murphy SN and Kohane IS and Cai T;30620344;No (excluded in title and abstract screening);No medical research (focus on anonymization);2019;1;2018;1;Yes;Yes;;;;;;;12.0
Cost Analysis of Routine Vitrectomy Surgery.;Berkowitz ST and Sternberg P Jr and Patel S;33588067;No (not retrieved);Not retrieved;2021;6;2021;1;No;Yes;;;;;;;5.0
Data resource: Children receiving care and support and children in need, administrative records in Wales.;Lee A and Elliott M and Scourfield J and Bedston S and Broadhust K and Ford DV and Griffiths LJ;35719716;No (excluded in title and abstract screening);No medical research (focus on data provision);2022;;na;na;No;Yes;;;;;;;
Protected Health Information filter (Philter): accurately and securely de-identifying free-text clinical notes.;Norgeot B and Muenzen K and Peterson TA and Fan X and Glicksberg BS and Schenk G and Rutenberg E and Oskotsky B and Sirota M and Yazdany J and Schmajuk G and Ludwig D and Goldstein T and Butte AJ;32337372;No (excluded in title and abstract screening);No medical research (focus on anonymization);2020;;2019;5;No;Yes;;;;;;;
Assessing stroke severity using electronic health record data: a machine learning approach.;Kogan E and Twyman K and Heap J and Milentijevic D and Lin JH and Alberts M;31914991;No (excluded in title and abstract screening);No tabular data;2020;1;2019;8;No;Yes;;;;;;;5.0
De-identifying Socioeconomic Data at the Census Tract Level for Medical Research Through Constraint-based Clustering.;Liu Y and Conway D and Wan Z and Kantarcioglu M and Vorobeychik Y and Malin BA;35309009;No (excluded in title and abstract screening);No medical research (focus on anonymization);2021;;na;na;No;Yes;;;;;;;
The Serious Illness Population: Ascertainment via Electronic Health Record or Claims Data.;Kelley AS and Hanson LC and Ast K and Ciemins EL and Dunning SC and Meskow C and Ritchie CS;33933617;Yes;;2021;9;2021;2;No;Yes;;No;US;US;Optum;US;7.0
Quantitating and assessing interoperability between electronic health records.;Bernstam EV and Warner JL and Krauss JC and Ambinder E and Rubinstein WS and Komatsoulis G and Miller RS and Chen JL;35015861;Yes;;2022;4;2021;10;No;Yes;;No;US;US;CancerLinQ;US;6.0
Deriving household composition using population-scale electronic health record data-A reproducible methodology.;Johnson RD and Griffiths LJ and Hollinghurst JP and Akbari A and Lee A and Thompson DA and Lyons RA and Fry R;33780469;Yes;;2021;;2020;11;No;Yes;;No;GB;GB;SAIL Databank;GB;
[Artificial intelligence in neurocritical care].;Schweingruber N and Gerloff C;33491152;No (excluded before screening);not English;2021;2;na;na;No;Yes;;;;;;;
Leveraging text skeleton for de-identification of electronic medical records.;Zhao YS and Zhang KL and Ma HC and Li K;29589571;No (excluded in title and abstract screening);No medical research (focus on anonymization);2018;3;na;na;No;Yes;;;;;;;
Radiation Oncology: Future Vision for Quality Assurance and Data Management in Clinical Trials and Translational Science.;Ding L and Bradford C and Kuo IL and Fan Y and Ulin K and Khalifeh A and Yu S and Liu F and Saleeby J and Bushe H and Smith K and Bianciu C and LaRosa S and Prior F and Saltz J and Sharma A and Smyczynski M and Bishop-Jodoin M and Laurie F and Iandoli M and Moni J and Cicchetti MG and FitzGerald TJ;36033446;No (excluded in title and abstract screening);No real-world application (findings not based on real-world data);2022;;na;na;Yes;No;;;;;;;
Meta-analysis of Individual Patient Data After Kissing Stent Treatment for Aortoiliac Occlusive Disease.;Groot Jebbink E and Holewijn S and Versluis M and Grimme F and Hinnen JW and Sixt S and Angle JF and Dorigo W and Reijnen MMPJ;30499352;Yes;;2019;2;na;na;Yes;Yes;9;No;NL;NL;Multiple;various;
E-Infrastructures and the divergent assetization of public health data: Expectations, uncertainties, and asymmetries.;Vezyridis P and Timmons S;33499771;No (excluded in title and abstract screening);No real-world application (findings not based on real-world data);2021;8;na;na;No;Yes;;;;;;;
Using Temporal Data Mining on Patient Data for Clinical Decision Making in the Care of the Sick Newborn.;Tan S and Unnikrishnan KP;35790097;No (excluded in title and abstract screening);No real-world application (findings not based on real-world data);2022;5;na;na;No;Yes;;;;;;;
Integrating real world data and clinical trial results using survival data reconstruction and marginal moment-balancing weights.;Getz K and Mamtani R and Hubbard RA;34756156;Yes;;2022;1;na;na;Yes;Yes;2;No;US;US;Flatiron Health;US;
Data Pseudonymization in a Range That Does Not Affect Data Quality: Correlation with the Degree of Participation of Clinicians.;Shin SY and Kim HS;34783216;No (excluded in title and abstract screening);No medical research (focus on anonymization);2021;11;na;na;No;Yes;;;;;;;
Clinical Decision Support for Hyperbilirubinemia Risk Assessment in the Electronic Health Record.;Petersen JD and Lozovatsky M and Markovic D and Duncan R and Zheng S and Shamsian A and Kagele S and Ross MK;32058105;No (excluded in title and abstract screening);No medical research (no new insights with direct relevance to health);2020;8;2019;9;No;Yes;;;;;;;11.0
Standardized Health data and Research Exchange (SHaRE): promoting a learning health system.;Davis S and Ehwerhemuepha L and Feaster W and Hackman J and Morizono H and Kanakasabai S and Mosa ASM and Parker J and Iwamoto G and Patel N and Gasparino G and Kane N and Hoffman MA;35047761;No (excluded in title and abstract screening);No medical research (focus on data provision);2022;4;2021;8;No;Yes;;;;;;;8.0
Protected Health Information Recognition of Unstructured Code-Mixed Electronic Health Records in Taiwan.;Lee YQ and Wang BH and Su CH and Chen PT and Lin WQ and Wu CS and Dai HJ;35673092;No (excluded in title and abstract screening);No medical research (focus on anonymization);2022;6;na;na;No;Yes;;;;;;;
Compilation of longitudinal gut microbiome, serum metabolome, and clinical data in acute myeloid leukemia.;Rashidi A and Ebadi M and Rehman TU and Elhusseini H and Halaweish H and Kaiser T and Holtan SG and Khoruts A and Weisdorf DJ and Staley C;35918343;No (excluded in title and abstract screening);No medical research (focus on data provision);2022;8;2022;2;No;Yes;;;;;;;6.0
Natural Language Processing of Clinical Notes on Chronic Diseases: Systematic Review.;Sheikhalishahi S and Miotto R and Dudley JT and Lavelli A and Rinaldi F and Osmani V;31066697;No (excluded in title and abstract screening);No real-world application (findings not based on real-world data);2019;4;2018;9;No;Yes;;;;;;;7.0
Adverse cardiovascular events and mortality in men during testosterone treatment: an individual patient and aggregate data meta-analysis.;Hudson J and Cruickshank M and Quinton R and Aucott L and Aceves-Martins M and Gillies K and Bhasin S and Snyder PJ and Ellenberg SS and Grossmann M and Travison TG and Gianatti EJ and van der Schouw YT and Emmelot-Vonk MH and Giltay EJ and Hackett G and Ramachandran S and Svartberg J and Hildreth KL and Groti Antonic K and Brock GB and Tenover JL and Tan HM and Kong CHC and Tan WS and Marks LS and Ross RJ and Schwartz RS and Manson P and Roberts S and Andersen MS and Magnussen LV and Hernández R and Oliver N and Wu F and Dhillo WS and Bhattacharya S and Brazzelli M and Jayasena CN;35711614;Yes;;2022;6;na;na;Yes;No;9;No;GB;GB;Multiple;various;
Ensemble-based Methods to Improve De-identification of Electronic Health Record Narratives.;Kim Y and Heider P and Meystre S;30815108;No (excluded in title and abstract screening);No medical research (focus on anonymization);2018;;na;na;No;Yes;;;;;;;
The first Chinese National Union of Real-world Gynaecological Oncology Research and Patient Management Platform: A retrospective study.;Zeng S and Chi J and Liu J and Jiao X and Liu X and Yu Y and Li R and Huo Y and Ma G and Zhao Y and Wang L and Zhou Q and Zou D and Cheng X and Li Q and Wang J and Yao S and Zhao W and Xia B and Chen Y and Fan J and Wang W and Hong L and Guo R and Liu Z and Gao Y and Li J and Zhang B and Yu J and Hu T and Zhang W and Shan W and Peng Z and Li M and Xie X and Ma D and Gao Q;36485066;Yes;;2022;11;na;na;No;Yes;15;No;CN;CN;National Union of Real-world Gynaecological Oncology Research and Patient Management Platform;CN;
Building trust in real-world data: lessons from INSIGHT, the UK's health data research hub for eye health and oculomics.;Denniston AK and Kale AU and Lee WH and Mollan SP and Keane PA;35916569;No (excluded in title and abstract screening);No real-world application (findings not based on real-world data);2022;9;na;na;No;Yes;;;;;;;
Evaluating real-world treatment patterns and outcomes of mantle cell lymphoma.;Narkhede M and Goyal G and Shea L and Mehta A and Giri S;35561314;Yes;;2022;7;2022;2;Yes;Yes;2;No;US;US;Flatiron Health;US;5.0
Design and Development of a Medical Image Databank for Assisting Studies in Radiomics.;Kundu S and Chakraborty S and Mukhopadhyay J and Das S and Chatterjee S and Achari RB and Mallick I and Das PP and Arunsingh M and Bhattacharyyaa T and Ray S;35166968;No (excluded in title and abstract screening);No tabular data;2022;6;2021;1;No;Yes;;;;;;;17.0
Comparing Electronic Health Record Domains' Utility to Identify Transgender Patients.;Dubin S and Cook T and Liss A and Doty G and Moore K and Greene R and Radix A and Janssen A;36644028;Yes;;2022;2;na;na;No;Yes;;No;US;US;Not precisely specified;US;
Radiology and Enterprise Medical Imaging Extensions (REMIX).;Erdal BS and Prevedello LM and Qian S and Demirer M and Little K and Ryu J and O'Donnell T and White RD;28840365;No (excluded in title and abstract screening);No medical research (focus on data provision);2018;2;na;na;No;Yes;;;;;;;
Development of a distributed international patient data registry for hairy cell leukemia.;Andritsos LA and Anghelina M and Neal J and Blachly JS and Mathur P and Lele O and Dearden C and Iyengar S and Cross M and Zent CS and Rogers KA and Epperla N and Lozanski G and Oakes CC and Kraut E and Ruppert AS and Zhao Q and Bhat SA and Forconi F and Banerji V and Handunnetti S and Tam CS and Seymour JF and Else M and Kreitman RJ and Saven A and Call T and Parikh SA and Ravandi F and Johnston JB and Tiacci E and Troussard X and Tallman MS and Dietrich S and Tadmor T and Gozzetti A and Zinzani PL and Robak T and Quest G and Demeter J and Rai K and Fernandez SA and Grever M;36070610;No (excluded in title and abstract screening);No medical research (focus on data provision);2022;12;na;na;No;Yes;;;;;;;
Evidence Synthesis to Accelerate and Improve the Evaluation of Therapies for Metastatic Hormone-sensitive Prostate Cancer.;Tierney JF and Vale CL and Parelukar WR and Rydzewska L and Halabi S;30713089;No (excluded in title and abstract screening);No real-world application (findings not based on real-world data);2019;3;2018;11;Yes;No;;;;;;;4.0
CONSIDER Statement: Consolidated Recommendations for Sharing Individual Participant Data from Human Clinical Studies.;Mayer CS and Williams N and Huser V;34457159;No (excluded in title and abstract screening);No real-world application (findings not based on real-world data);2021;;na;na;Yes;No;;;;;;;
Association Between Business Travel, Health-Related Behaviors, and Adiposity.;Bergquist SH and Marcus M and Meng Q and Fei T and Robichaux C and Roberts DL and Moore RH;34091579;No (excluded in full-paper screening);No access;2021;10;na;na;No;Yes;;;;;;;
Guideline-directed device therapies in heart failure: A clinical practice-based analysis using electronic health record data.;Curtis AB and Manrodt C and Jacobsen LD and Soderlund D and Fonarow GC;38559281;Yes;;2022;4;2022;2;No;Yes;9;No;US;US;Optum;US;2.0
Predicting asthma-related crisis events using routine electronic healthcare data: a quantitative database analysis study.;Noble M and Burden A and Stirling S and Clark AB and Musgrave S and Alsallakh MA and Price D and Davies GA and Pinnock H and Pond M and Sheikh A and Sims EJ and Walker S and Wilson AM;34133316;Yes;;2021;12;2020;11;Yes;Yes;10;No;GB;GB;SAIL Databank, Clinical Practice Research Datalink;GB;13.0
Identifying Determinants of Disparities in Lung Cancer Survival Rates from Electronic Health Record Data.;Cui W and Finkelstein J;35612188;Yes;;2022;5;na;na;No;Yes;2;No;US;US;Mount Sinai Health System;US;
A scoping review of preprocessing methods for unstructured text data to assess data quality.;Nesca M and Katz A and Leung CK and Lix LM;37670734;No (excluded in title and abstract screening);No tabular data;2022;;na;na;Yes;Yes;;;;;;;
Verification of De-Identification Techniques for Personal Information Using Tree-Based Methods with Shapley Values.;Lee J and Jeong J and Jung S and Moon J and Rho S;35207676;No (excluded in title and abstract screening);No medical research (focus on anonymization);2022;1;2021;12;No;Yes;;;;;;;1.0
Building a best-in-class automated de-identification tool for electronic health records through ensemble learning.;Murugadoss K and Rajasekharan A and Malin B and Agarwal V and Bade S and Anderson JR and Ross JL and Faubion WA Jr and Halamka JD and Soundararajan V and Ardhanari S;34179842;No (excluded in title and abstract screening);No medical research (focus on anonymization);2021;6;2021;1;No;Yes;;;;;;;5.0
Careful: An administrative child welfare and electronic health records linked dataset.;Beal SJ and Nause K and Ammerman RT and Hall ES and Mara CA and Greiner MV;35966947;No (excluded in title and abstract screening);No medical research (focus on data provision);2022;10;2022;4;No;Yes;;;;;;;6.0
Evaluation of an automated Presidio anonymisation model for unstructured radiation oncology electronic medical records in an Australian setting.;Kotevski DP and Smee RI and Field M and Nemes YN and Broadley K and Vajdic CM;36272315;No (excluded in title and abstract screening);No medical research (focus on anonymization);2022;12;2022;5;No;Yes;;;;;;;7.0
DDIWAS: High-throughput electronic health record-based screening of drug-drug interactions.;Wu P and Nelson SD and Zhao J and Stone CA Jr and Feng Q and Chen Q and Larson EA and Li B and Cox NJ and Stein CM and Phillips EJ and Roden DM and Denny JC and Wei WQ;33712848;Yes;;2021;7;2020;11;No;Yes;;No;US;US;Vanderbilt University Medical Center;US;8.0
Clinical Data Prediction Model to Identify Patients With Early-Stage Pancreatic Cancer.;Chen Q and Cherry DR and Nalawade V and Qiao EM and Kumar A and Lowy AM and Simpson DR and Murphy JD;33739856;Yes;;2021;3;na;na;No;Yes;2;No;US;US;Optum;US;
Sampling strategy, characteristics and representativeness of the InGef research database.;Ludwig M and Enders D and Basedow F and Walker J and Jacob J;35378455;No (excluded in title and abstract screening);No medical research (focus on data provision);2022;5;2021;10;Yes;Yes;;;;;;;7.0
Aligning EHR Data for Pediatric Leukemia With Standard Protocol Therapy.;Wood NM and Davis S and Lewing K and Noel-MacDonnell J and Glynn EF and Caragea D and Hoffman MA;33656914;Yes;;2021;3;na;na;No;Yes;2;No;US;US;Cerner Corporation;US;
Imaging and clinical data archive for head and neck squamous cell carcinoma patients treated with radiotherapy.;Grossberg AJ and Mohamed ASR and Elhalawani H and Bennett WC and Smith KE and Nolan TS and Williams B and Chamchod S and Heukelom J and Kantor ME and Browne T and Hutcheson KA and Gunn GB and Garden AS and Morrison WH and Frank SJ and Rosenthal DI and Freymann JB and Fuller CD;30179230;No (excluded in title and abstract screening);No real-world application (findings not based on real-world data);2018;9;2018;1;No;Yes;;;;;;;8.0
Using Large Aggregated De-Identified Electronic Health Record Data to Determine the Prevalence of Common Chronic Diseases in Pediatric Patients Who Visited Primary Care Clinics.;Ullah F and Kaelber DC;34022428;Yes;;2021;8;2020;11;No;Yes;;No;US;US;IBM;US;9.0
Centralized Clinical Trial Imaging Data Management: Practical Guidance from a Comprehensive Cancer Center's Experience.;Lee B and Abbott A and Davidson S and Syrkin L and LeFever G and Van den Abbeele AD;30564956;No (excluded in title and abstract screening);No tabular data;2019;10;na;na;Yes;No;;;;;;;
Reviewing a Decade of Research Into Suicide and Related Behaviour Using the South London and Maudsley NHS Foundation Trust Clinical Record Interactive Search (CRIS) System.;Bittar A and Velupillai S and Downs J and Sedgwick R and Dutta R;33329090;No (excluded in title and abstract screening);No tabular data;2020;;2020;4;No;Yes;;;;;;;
Identifying developmental stuttering and associated comorbidities in electronic health records and creating a phenome risk classifier.;Pruett DG and Shaw DM and Chen HH and Petty LE and Polikowsky HG and Kraft SJ and Jones RM and Below JE;33894541;Yes;;2021;6;2020;9;No;Yes;5;No;US;US;Vanderbilt University Medical Center;US;9.0
Data Resource: population level family justice administrative data with opportunities for data linkage.;Johnson RD and Ford DV and Broadhurst K and Cusworth L and Jones KH and Akbari A and Bedston S and Alrouh B and Doebler S and Lee A and Smart J and Thompson S and Trinder L and Griffiths LJ;34233348;Yes;;2020;;na;na;No;Yes;;No;GB;GB;SAIL Databank;GB;
Incorporating a location-based socioeconomic index into a de-identified i2b2 clinical data warehouse.;Gardner BJ and Pedersen JG and Campbell ME and McClay JC;30715327;No (excluded in title and abstract screening);No medical research (focus on anonymization);2019;4;2018;1;Yes;Yes;;;;;;;15.0
Dental Extractions under General Anesthesia: New Insights from Process Mining.;Fox F and Whelton H and Johnson OA and Aggarwal VR;35403470;No (excluded before screening);Outside the search period;2023;7;na;na;No;Yes;11;No;GB;GB;Health Service Executive (South);IE;
Characterizing Thrombotic Complication Risk Factors Associated With COVID-19 via Heterogeneous Patient Data: Retrospective Observational Study.;Rosario B and Zhang A and Patel M and Rajmane A and Xie N and Weeraratne D and Alterovitz G;36044652;Yes;;2022;10;2021;12;No;Yes;22;Yes;US;US;IBM, Mass General Brigham;US;10.0
De-identifying free text of Japanese electronic health records.;Kajiyama K and Horiguchi H and Okumura T and Morita M and Kano Y;32958039;No (excluded in title and abstract screening);No medical research (focus on anonymization);2020;9;2019;5;No;Yes;;;;;;;16.0
Focused psychosocial interventions for children in low-resource humanitarian settings: a systematic review and individual participant data meta-analysis.;Purgato M and Gross AL and Betancourt T and Bolton P and Bonetto C and Gastaldon C and Gordon J and O'Callaghan P and Papola D and Peltonen K and Punamaki RL and Richards J and Staples JK and Unterhitzenberger J and van Ommeren M and de Jong J and Jordans MJD and Tol WA and Barbui C;29530422;Yes;;2018;4;2017;7;Yes;No;5;No;IT;IT;Multiple;IT, US, GB, FI, AU, DE, CH, NL, UG;9.0
Efficient Active Learning for Electronic Medical Record De-identification.;Li M and Scaiano M and El Emam K and Malin BA;31259000;No (excluded in title and abstract screening);No medical research (focus on anonymization);2019;;na;na;No;Yes;;;;;;;
Assessment of a demonstrator repository for individual clinical trial data built upon DSpace.;Tilki B and Schulenberg T and Canham S and Banzi R and Kuchinke W and Ohmann C;32528663;No (excluded in title and abstract screening);No real-world application (findings not based on real-world data);2020;;na;na;Yes;Yes;;;;;;;
NeuroBlu, an electronic health record (EHR) trusted research environment (TRE) to support mental healthcare analytics with real-world data.;Patel R and Wee SN and Ramaswamy R and Thadani S and Tandi J and Garg R and Calvanese N and Valko M and Rush AJ and Rentería ME and Sarkar J and Kollins SH;35459671;No (excluded in title and abstract screening);No medical research (focus on data provision);2022;4;na;na;No;Yes;;;;;;;
Effects of isometric resistance training on resting blood pressure: individual participant data meta-analysis.;Smart NA and Way D and Carlson D and Millar P and McGowan C and Swaine I and Baross A and Howden R and Ritti-Dias R and Wiles J and Cornelissen V and Gordon B and Taylor R and Bleile B;30889048;Yes;;2019;10;na;na;Yes;No;9;No;AU;AU;Multiple;various;
Classifying Refugee Status Using Common Features in EMR.;Morrison M and Nobles V and Johnson-Agbakwu CE and Bailey C and Liu L;36050919;No (excluded in title and abstract screening);No medical research (no new insights with direct relevance to health);2022;10;2022;7;No;Yes;;;;;;;3.0
Sharing of Individual Participant Data from Clinical Trials: General Comparison and HIV Use Case.;Mayer CS and Williams N and Gold S and Fung KW and Huser V;32308859;No (excluded in title and abstract screening);No real-world application (findings not based on real-world data);2019;;na;na;Yes;No;;;;;;;
Toward a Model for Personal Health Record Interoperability.;Roehrs A and da Costa CA and Righi RDR and Rigo SJ and Wichman MH;29993759;No (excluded in title and abstract screening);No medical research (no new insights with direct relevance to health);2019;3;na;na;No;Yes;;;;;;;
The Veterans Affairs Precision Oncology Data Repository, a Clinical, Genomic, and Imaging Research Database.;Elbers DC and Fillmore NR and Sung FC and Ganas SS and Prokhorenkov A and Meyer C and Hall RB and Ajjarapu SJ and Chen DC and Meng F and Grossman RL and Brophy MT and Do NV;33205130;No (excluded in title and abstract screening);No real-world application (findings not based on real-world data);2020;9;2020;1;Yes;Yes;;;;;;;8.0
Primary care EMR and administrative data linkage in Alberta, Canada: describing the suitability for hypertension surveillance.;Garies S and Youngson E and Soos B and Forst B and Duerksen K and Manca D and McBrien K and Drummond N and Quan H and Williamson T;32830109;No (excluded in title and abstract screening);No medical research (focus on anonymization);2020;8;2020;4;No;Yes;;;;;;;4.0
Development of an Open-Source Annotated Glaucoma Medication Dataset From Clinical Notes in the Electronic Health Record.;Chen JS and Lin WC and Yang S and Chiang MF and Hribar MR;36441131;No (excluded in title and abstract screening);No medical research (focus on data provision);2022;11;na;na;No;Yes;;;;;;;
Sexual Orientation Demographic Data in a Clinical Cohort of Transgender Patients.;Dubin S and Cook TE and Radix A and Greene RE;33730758;Yes;;2021;3;na;na;No;Yes;;No;US;US;New York University Langone Health;US;
Genotypic and phenotypic spectrum of infantile liver failure due to pathogenic TRMU variants.;Vogel GF and Mozer-Glassberg Y and Landau YE and Schlieben LD and Prokisch H and Feichtinger RG and Mayr JA and Brennenstuhl H and Schröter J and Pechlaner A and Alkuraya FS and Baker JJ and Barcia G and Baric I and Braverman N and Burnyte B and Christodoulou J and Ciara E and Coman D and Das AM and Darin N and Della Marina A and Distelmaier F and Eklund EA and Ersoy M and Fang W and Gaignard P and Ganetzky RD and Gonzales E and Howard C and Hughes J and Konstantopoulou V and Kose M and Kerr M and Khan A and Lenz D and McFarland R and Margolis MG and Morrison K and Müller T and Murayama K and Nicastro E and Pennisi A and Peters H and Piekutowska-Abramczuk D and Rötig A and Santer R and Scaglia F and Schiff M and Shagrani M and Sharrard M and Soler-Alfonso C and Staufner C and Storey I and Stormon M and Taylor RW and Thorburn DR and Teles EL and Wang JS and Weghuber D and Wortmann S;36305855;No (excluded before screening);Outside the search period;2023;6;2022;7;No;Yes;;;;;;;11.0
Enhanced Recovery After Surgery Interactive Audit System: 10 Years' Experience with an International Web-Based Clinical and Research Perioperative Care Database.;Currie A and Soop M and Demartines N and Fearon K and Kennedy R and Ljungqvist O;30647549;No (excluded in title and abstract screening);No medical research (focus on data provision);2019;1;na;na;No;Yes;;;;;;;
Findings from the 2019 International Medical Informatics Association Yearbook Section on Health Information Management.;Bloomrosen M and Berner ES;31419817;No (excluded in title and abstract screening);Anonymous survey;2019;8;na;na;No;Yes;;;;;;;
Data quality methods through remote source data verification auditing: results from the Congenital Cardiac Research Collaborative.;Pettus JA and Pajk AL and Glatz AC and Petit CJ and Goldstein BH and Qureshi AM and Nicholson GT and Meadows JJ and Zampi JD and Law MA and Shahanavaz S and Kelleman MS and McCracken CM;33726868;Yes;;2021;11;na;na;Yes;No;9;No;US;US;Children's Healthcare of Atlanta;US;
Melanoma incidence in Australian commercial pilots, 2011-2016.;Olsen CM and Miura K and Dusingize JC and Hosegood I and Brown R and Drane M and Clem P and Marsden J and Tinker R and Karipidis K and Coroneo M and Green AC;31113813;Yes;;2019;7;2018;12;No;Yes;2;No;AU;GB;Australian Civil Aviation Safety Authority;AU;7.0
Studying patterns and predictors of HIV viral suppression using A Big Data approach: a research protocol.;Zhang J and Olatosi B and Yang X and Weissman S and Li Z and Hu J and Li X;35120435;No (excluded in title and abstract screening);No real-world application (findings not based on real-world data);2022;2;2021;12;Yes;Yes;;;;;;;2.0
The SHOnet learning health system: Infrastructure for continuous learning in pediatric rehabilitation.;Koscielniak N and Jenkins D and Hassani S and Buckon C and Tucker JS and Sienko S and Tucker CA;35860324;No (excluded in title and abstract screening);No medical research (focus on data provision);2022;7;2021;7;Yes;Yes;;;;;;;12.0
Electronic Health Record Reminders for Chlamydia Screening in an American Indian Population.;Hughes MS and Apostolou A and Reilley B and Leston J and McCollum J and Iralu J;33301693;No (excluded in title and abstract screening);No real-world application (findings not based on real-world data);2021;5;na;na;No;Yes;;;;;;;
Public opinion on sharing data from health services for clinical and research purposes without explicit consent: an anonymous online survey in the UK.;Jones LA and Nelder JR and Fryer JM and Alsop PH and Geary MR and Prince M and Cardinal RN;35477868;No (excluded in title and abstract screening);Anonymous survey;2022;4;na;na;No;Yes;;;;;;;
Complement-mediated hemolysis persists year round in patients with cold agglutinin disease.;Röth A and Fryzek J and Jiang X and Reichert H and Patel P and Su J and Morales Arias J and Broome CM;34813663;Yes;;2022;1;2021;4;No;Yes;3;No;DE;US;Optum;US;9.0
Prevalence of New-Onset Tinnitus after COVID-19 Vaccination with Comparison to Other Vaccinations.;Dorney I and Bobak L and Otteson T and Kaelber DC;36098476;No (excluded before screening);Outside the search period;2023;7;2022;5;No;Yes;8;Yes;US;US;TriNetX;US;14.0
Data Sharing in Neurosurgery and Neurology Journals.;Johnson JN and Hanson KA and Jones CA and Grandhi R and Guerrero J and Rodriguez JS;30050735;No (excluded in title and abstract screening);No real-world application (findings not based on real-world data);2018;5;na;na;Yes;No;;;;;;;
Using electronic medical record data to assess chronic kidney disease, type 2 diabetes and cardiovascular disease testing, recognition and management as documented in Australian general practice: a cross-sectional analysis.;Jones JL and Lumsden NG and Simons K and Ta'eed A and de Courten MP and Wijeratne T and Cox N and Neil CJA and Manski-Nankervis JA and Hamblin PS and Janus ED and Nelson CL;35177470;Yes;;2022;2;na;na;No;Yes;9;No;AU;AU;Multiple;AU;
Systemic Lupus Erythematosus Delivery Outcomes Are Unchanged Across Three Decades.;Barnado A and Hubbard J and Green S and Camai A and Wheless L and Osmundson S;35670028;Yes;;2022;8;2022;2;No;Yes;13;No;US;US;Vanderbilt University Medical Center;US;6.0
SHARP: enabling generation of real-world evidence on a pan-European scale to improve the lives of individuals with severe asthma.;van Bragt JJMH and Hansen S and Djukanovic R and Bel EHD and Ten Brinke A and Wagers SS and Maitland-van der Zee AH and Porsbjerg C;33898615;No (excluded in title and abstract screening);No medical research (focus on data provision);2021;4;2021;1;No;Yes;;;;;;;3.0
Congruence of opioid prescriptions and dispensing using electronic records and claims data.;Nataraj N and Zhang K and Strahan AE and Guy GP Jr;34008209;Yes;;2021;12;2020;5;No;Yes;5;No;US;US;IBM MarketScan Eplorys;US;19.0
Using big data from real-world Australian rheumatology encounters to enhance clinical care and research.;Littlejohn GO and Tymms KE and Smith T and Griffiths HT;31820719;No (excluded in title and abstract screening);No medical research (focus on data provision);2020;9;na;na;No;Yes;;;;;;;
Application of big-data for epidemiological studies of refractive error.;Moore M and Loughman J and Butler JS and Ohlendorf A and Wahl S and Flitcroft DI;33891638;Yes;;2021;4;2020;12;No;Yes;7;No;IE;IE;Multiple;IE;4.0
Validation pipeline for machine learning algorithm assessment for multiple vendors.;Bizzo BC and Ebrahimian S and Walters ME and Michalski MH and Andriole KP and Dreyer KJ and Kalra MK and Alkasab T and Digumarthy SR;35486572;No (excluded in title and abstract screening);No tabular data;2022;;2021;12;No;Yes;;;;;;;
Ensemble Approaches to Recognize Protected Health Information in Radiology Reports.;Horng H and Steinkamp J and Kahn CE Jr and Cook TS;35715655;No (excluded in title and abstract screening);No tabular data;2022;12;2022;3;No;Yes;;;;;;;9.0
Characterizing cancer and COVID-19 outcomes using electronic health records.;Kim Y and Zhu L and Zhu H and Li X and Huang Y and Gu C and Bush H and Chung C and Zhang GQ;35507598;Yes;;2022;;2021;8;No;Yes;22;Yes;US;US;Optum;US;
The Effects of HER2 Alterations in EGFR Mutant Non-small Cell Lung Cancer.;Nagasaka M and Singh V and Baca Y and Sukari A and Kim C and Mamdani H and Spira AI and Uprety D and Bepler G and Kim ES and Raez LE and Pai SG and Ikpeazu C and Oberley M and Feldman R and Xiu J and Korn WM and Wozniak AJ and Borghaei H and Liu SV;34801409;Yes;;2022;1;2021;6;No;Yes;2;No;US;US;Caris Life Sciences;US;7.0
Development and Validation of an Electronic Medical Record Algorithm to Identify Phenotypes of Rotator Cuff Tear.;Gao C and Fan R and Ayers GD and Giri A and Harris K and Atreya R and Teixeira PL and Jain NB;32198840;Yes;;2020;11;2019;9;No;Yes;13;No;US;US;Vanderbilt University Medical Center;US;14.0
Overview of the First Natural Language Processing Challenge for Extracting Medication, Indication, and Adverse Drug Events from Electronic Health Record Notes (MADE 1.0).;Jagannatha A and Liu F and Liu W and Yu H;30649735;No (excluded in title and abstract screening);No tabular data;2019;1;na;na;No;Yes;;;;;;;
Barriers to access to clinical trial data: Obstruction of a RIAT reanalysis of the treatment for adolescents with depression study.;Aboustate N and Jureidini J;34719437;No (excluded in full-paper screening);4a (data not obtained);2022;;na;na;Yes;No;5;No;AU;AU;;?;
Health timeline: an insight-based study of a timeline visualization of clinical data.;Ledesma A and Bidargaddi N and Strobel J and Schrader G and Nieminen H and Korhonen I and Ermes M;31438942;Yes;;2019;8;2018;7;No;Yes;;No;FI;FI;Multiple;AU;13.0
Electronic Health Records-Based Cardio-Oncology Registry for Care Gap Identification and Pragmatic Research: Procedure and Observational Study.;Chandra A and Philips ST and Pandey A and Basit M and Kannan V and Sara EJ and Das SR and Lee SJC and Haley B and Willett DL and Zaha VG;33797396;Yes;;2021;5;2020;7;No;Yes;2;No;US;US;University of Texas Southwestern Medical Center;US;10.0
PRISM: A Platform for Imaging in Precision Medicine.;Sharma A and Tarbox L and Kurc T and Bona J and Smith K and Kathiravelu P and Bremer E and Saltz JH and Prior F;32479186;No (excluded in title and abstract screening);No tabular data;2020;6;na;na;No;Yes;;;;;;;
Emulating Control Arms for Cancer Clinical Trials Using External Cohorts Created From Electronic Health Record-Derived Real-World Data.;Tan K and Bryan J and Segal B and Bellomo L and Nussbaum N and Tucker M and Torres AZ and Bennette C and Capra W and Curtis M and Miksad RA;34197637;Yes;;2022;1;2021;4;Yes;Yes;2;No;US;US;Flatiron Health;US;9.0
A practical approach to identifying autistic adults within the electronic health record.;Malow BA and Veatch OJ and Niu X and Fitzpatrick KA and Hucks D and Maxwell-Horn A and Davis LK;36377765;No (excluded before screening);Outside the search period;2023;1;2022;5;No;Yes;5;No;US;US;Vanderbilt University Medical Center;US;8.0
Re-examination of Rule-Based Methods in Deidentification of Electronic Health Records: Algorithm Development and Validation.;Zhao Z and Yang M and Tang B and Zhao T;32352384;No (excluded in title and abstract screening);No medical research (focus on anonymization);2020;4;2019;12;No;Yes;;;;;;;4.0
Opioid crisis at the Jersey Shore-special report.;Dudley LS and Konomos D and Robbins V and Qiu L and Bauter R and Merlin MA;28977468;Yes;;2018;6;2017;2;No;Yes;5;No;US;US;Rescue Net ID;US;16.0
Heterogeneity introduced by EHR system implementation in a de-identified data resource from 100 non-affiliated organizations.;Glynn EF and Hoffman MA;32025653;No (excluded in title and abstract screening);No real-world application (findings not based on real-world data);2019;12;2019;6;No;Yes;;;;;;;6.0
De-identifying Australian hospital discharge summaries: An end-to-end framework using ensemble of deep learning models.;Liu L and Perez-Concha O and Nguyen A and Bennett V and Jorm L;36195240;No (excluded in title and abstract screening);No medical research (focus on anonymization);2022;11;2021;8;No;Yes;;;;;;;15.0
I2b2-etl: Python application for importing electronic health data into the informatics for integrating biology and the bedside platform.;Wagholikar KB and Ainsworth L and Zelle D and Chaney K and Mendis M and Klann J and Blood AJ and Miller A and Chulyadyo R and Oates M and Gordon WJ and Aronson SJ and Scirica BM and Murphy SN;36053173;No (excluded in title and abstract screening);No medical research (no new insights with direct relevance to health);2022;10;2022;2;No;Yes;;;;;;;8.0
Validation of a suspicion index to identify patients at risk for hereditary angioedema.;Shams M and Laney DA and Jacob DA and Yang J and Dronen J and Logue A and Rosen A and Riedl M;37780104;No (excluded before screening);Outside the search period;2023;2;2022;5;No;Yes;;;;;;;9.0
Investigation of the Utility of Features in a Clinical De-identification Model: A Demonstration Using EHR Pathology Reports for Advanced NSCLC Patients.;Paul T and Rana MKZ and Tautam PA and Kotapati TVP and Jampani Y and Singh N and Islam H and Mandhadi V and Sharma V and Barnes M and Hammer RD and Mosa ASM;35252956;No (excluded in title and abstract screening);No medical research (focus on anonymization);2022;;2021;6;No;Yes;;;;;;;
STAR sleep recording export software for automatic export and anonymization of sleep studies.;Nikkonen S and Korkalainen H and Töyräs J and Leppänen T;36151239;No (excluded in title and abstract screening);No real-world application (findings not based on real-world data);2022;9;2022;4;No;Yes;;;;;;;5.0
Leveraging genomic diversity for discovery in an electronic health record linked biobank: the UCLA ATLAS Community Health Initiative.;Johnson R and Ding Y and Venkateswaran V and Bhattacharya A and Boulier K and Chiu A and Knyazev S and Schwarz T and Freund M and Zhan L and Burch KS and Caggiano C and Hill B and Rakocz N and Balliu B and Denny CT and Sul JH and Zaitlen N and Arboleda VA and Halperin E and Sankararaman S and Butte MJ and Lajonchere C and Geschwind DH and Pasaniuc B;36085083;Yes;;2022;9;2021;9;No;Yes;;No;US;US;University of California Los Angeles;US;12.0
Small sleepers, big data: leveraging big data to explore sleep-disordered breathing in infants and young children.;Ehsan Z and Glynn EF and Hoffman MA and Ingram DG and Al-Shawwa B;32926133;Yes;;2021;2;2020;2;No;Yes;6;No;US;US;Cerner Health Facts;US;12.0
Upper Gastrointestinal Bleeding Due to a Left Gastric Artery Pseudoaneurysm: A Case Series.;Kang S and Choi KD and Kim Y and Na CN and Lee JH and Ahn JY and Jung KW and Kim DH and Song HJ and Lee GH and Jung HY;36478315;No (excluded before screening);Outside the search period;2023;5;2021;12;No;Yes;11;No;KR;KR;Asan Medical Center;KR;17.0
CYP2D6 genotype and adverse events to risperidone in children and adolescents.;Oshikoya KA and Neely KM and Carroll RJ and Aka IT and Maxwell-Horn AC and Roden DM and Van Driest SL;30661084;Yes;;2019;4;2018;11;No;Yes;;No;US;US;Vanderbilt University Medical Center;US;5.0
Deep Learning-based Propensity Scores for Confounding Control in Comparative Effectiveness Research: A Large-scale, Real-world Data Study.;Weberpals J and Becker T and Davies J and Schmich F and Rüttinger D and Theis FJ and Bauer-Mehren A;33591049;Yes;;2021;5;na;na;Yes;Yes;2;No;DE;DE;Flatiron Health;US;
Clinical insights into appropriate choice of antimicrobials for acute respiratory tract infections.;Monaghan T and Biezen R and Buising K and Hallinan C and Cheah R and Manski-Nankervis JA;35098270;Yes;;2022;1;na;na;No;Yes;10;No;AU;AU;Multiple;AU;
Data linkage can reduce the burden and increase the opportunities in the implementation of Value-Based Health Care policy: a study in patients with ulcerative colitis (PROUD-UC Study).;Walshe J and Akbari A and Hawthorne AB and Laing H;37649471;No (excluded in title and abstract screening);No medical research (no new insights with direct relevance to health);2021;;na;na;No;Yes;;;;;;;
Building External Control Arms From Patient-Level Electronic Health Record Data to Replicate the Randomized IMblaze370 Control Arm in Metastatic Colorectal Cancer.;Schröder C and Lawrance M and Li C and Lenain C and Mhatre SK and Fakih M and Reyes-Rivera I and Bretscher MT;33891473;Yes;;2021;4;na;na;No;Yes;2;No;CH;CH;Flatiron Health, Foundation Medicine;US;
Sociodemographic and clinical factors associated with receipt of biomarker testing in patients with metastatic colorectal cancer.;Markt SC and Booker BD and Bensken W and Schiltz NK and Schumacher FR and Rose J and Cooper G and Selfridge JE and Koroukian SM;35837788;No (excluded before screening);Outside the search period;2023;1;2021;10;No;Yes;2;No;US;US;Flatiron Health;US;15.0
Heterogeneity of Zika virus exposure and outcome ascertainment across cohorts of pregnant women, their infants and their children: a metadata survey.;Carabali M and Maxwell L and Levis B and Shreedhar P;36414312;Yes;;2022;11;na;na;Yes;No;1;No;CA;DE;Multiple;various;
National Trends in Daily Ambulatory Electronic Health Record Use by Otolaryngologists.;Giliberto JP and Ator G and Carroll TL and Chan T and Vahabzadeh-Hagh A;32876342;No (excluded in title and abstract screening);No tabular data;2021;5;2020;6;No;Yes;;;;;;;11.0
Respiratory Health Inequities among Children and Young Adults with Cerebral Palsy in Aotearoa New Zealand: A Data Linkage Study.;Sorhage A and Keenan S and Chong J and Byrnes C and Blackmore AM and Mackey A and Hill T and Han DY and Stott NS;36498542;Yes;;2022;11;2022;10;Yes;No;10;No;NZ;NZ;New Zealand Cerebral Palsy Register;NZ;1.0
Yellow fever vaccine usage in the United States and risk of neurotropic and viscerotropic disease: A retrospective cohort study using three healthcare databases.;Ledlie S and Ricci C and Pan C and Rojas A and Khromava A and Li L;34996642;Yes;;2022;1;2021;9;No;Yes;1;No;CA;US;Optum, IBM MarketScan;US;4.0
A methodology to facilitate critical care research using multiple linked electronic, clinical and administrative health records at population scale.;Griffiths R and Herbert L and Akbari A and Bailey R and Hollinghurst J and Pugh R and Szakmany T and Torabi F and Lyons RA;37650027;Yes;;2022;7;na;na;Yes;Yes;;No;GB;GB;SAIL Databank;GB;
Sharing De-identified Medical Images Electronically for Research: A Survey of Patients' Opinion Regarding Data Management.;Mahmoud R and Moody AR and Foster M and Girdharry N and Sinn L and Zhang B and Afshin M and Vivekanandan T and Santoro S and Tyrrell PN;31376884;No (excluded in title and abstract screening);No real-world application (findings not based on real-world data);2019;8;2018;7;No;Yes;;;;;;;13.0
QTc Prolongation with the Use of Hydroxychloroquine and Concomitant Arrhythmogenic Medications: A Retrospective Study Using Electronic Health Records Data.;Villa Zapata L and Boyce RD and Chou E and Hansten PD and Horn JR and Gephart SM and Subbian V and Romero A and Malone DC;35665910;Yes;;2022;9;na;na;No;Yes;9;No;US;US;Cerner Corporation;US;
Barriers and facilitators to qualitative data sharing in the United States: A survey of qualitative researchers.;Mozersky J and McIntosh T and Walsh HA and Parsons MV and Goodman M and DuBois JM;34972126;No (excluded in title and abstract screening);No real-world application (findings not based on real-world data);2021;;2021;7;Yes;Yes;;;;;;;
Validation of Risk Scores for Predicting Atrial Fibrillation Detected After Stroke Based on an Electronic Medical Record Algorithm: A Registry-Claims-Electronic Medical Record Linked Data Study.;Hsieh CY and Kao HM and Sung KL and Sposato LA and Sung SF and Lin SJ;35571191;Yes;;2022;4;2022;3;No;Yes;9;No;TW;US;Ditmanson Research Database;TW;1.0
Combinatorial Analysis of Phenotypic and Clinical Risk Factors Associated With Hospitalized COVID-19 Patients.;Das S and Pearson M and Taylor K and Bouchet V and Møller GL and Hall TO and Strivens M and Tzeng KTH and Gardner S;34713134;Yes;;2021;;2021;1;No;Yes;22;Yes;GB;GB;UnitedHealth Group;US;
Pediatric Severe Sepsis Prediction Using Machine Learning.;Le S and Hoffman J and Barton C and Fitzgerald JC and Allen A and Pellegrini E and Calvert J and Das R;31681711;Yes;;2019;;2019;3;No;Yes;1;No;US;US;University of California San Francisco;US;
COVID Symptoms, Symptom Clusters, and Predictors for Becoming a Long-Hauler Looking for Clarity in the Haze of the Pandemic.;Huang Y and Pinto MD and Borelli JL and Asgari Mehrabadi M and Abrahim HL and Dutt N and Lambert N and Nurmi EL and Chakraborty R and Rahmani AM and Downs CA;36154716;Yes;;2022;11;na;na;Yes;Yes;22;Yes;US;US;University of California;US;
Analyzing Impact of Socio-Economic Factors on COVID-19 Mortality Prediction Using SHAP Value.;Rahman R and Kang J and Rousseau JF and Ding Y;37128465;Yes;;2022;na;na;na;Yes;Yes;22;Yes;US;US;Covid19ResearchDatabase;US;
Performance of Atrial Fibrillation Risk Prediction Models in Over 4 Million Individuals.;Khurshid S and Kartoun U and Ashburner JM and Trinquart L and Philippakis A and Khera AV and Ellinor PT and Ng K and Lubitz SA;33295794;Yes;;2021;1;na;na;No;Yes;9;No;US;US;IBM;US;
Investigating post-stroke fatigue: An individual participant data meta-analysis.;Cumming TB and Yeo AB and Marquez J and Churilov L and Annoni JM and Badaru U and Ghotbi N and Harbison J and Kwakkel G and Lerdal A and Mills R and Naess H and Nyland H and Schmid A and Tang WK and Tseng B and van de Port I and Mead G and English C;30190042;Yes;;2018;10;2018;2;Yes;No;9;No;AU;AU;Multiple;various;8.0
Comorbidities, sequelae, blood biomarkers and their associated clinical outcomes in the Mount Sinai Health System COVID-19 patients.;Brojakowska A and Eskandari A and Bisserier M and Bander J and Garikipati VNS and Hadri L and Goukassian DA and Fish KM;34228746;Yes;;2021;7;2021;2;Yes;No;22;Yes;US;US;Mount Sinai Health System;US;5.0
Systemic Therapies Following Progression on First-line CDK4/6-inhibitor Treatment: Analysis of Real-world Data.;Martin JM and Handorf EA and Montero AJ and Goldstein LJ;35552450;Yes;;2022;6;2021;4;No;Yes;2;No;US;US;Flatiron Health;US;14.0
COVID-19 in ocrelizumab-treated people with multiple sclerosis.;Hughes R and Whitley L and Fitovski K and Schneble HM and Muros E and Sauter A and Craveiro L and Dillon P and Bonati U and Jessop N and Pedotti R and Koendgen H;33482590;Yes;;2021;4;2020;10;Yes;Yes;6;Yes;CH;CH;Optum;US;6.0
CYP2D6 genotype and reduced codeine analgesic effect in real-world clinical practice.;Carranza-Leon D and Dickson AL and Gaedigk A and Stein CM and Chung CP;33750887;Yes;;2021;8;2020;6;No;Yes;;No;US;US;Vanderbilt University Medical Center;US;14.0
Use of electronic medical records to monitor the safe and effective prescribing of medicinal cannabis: is it feasible?;Hallinan CM and Gunn JM and Bonomo YA;35927928;Yes;;2022;12;2022;3;No;Yes;5;No;AU;AU;Patron database;AU;9.0
Enabling Patient Traceability Using Anonymized Personal Identifiers in Japanese Universal Health Insurance Claims Database.;Sato J and Yamada H and Goda K and Kitsuregawa M and Mitsutake N;31258987;No (excluded in title and abstract screening);No medical research (focus on anonymization);2019;;na;na;No;Yes;;;;;;;
Collection of cancer Patient Reported Outcome Measures (PROMS) to link with primary and secondary electronic care records to understand and improve long term cancer outcomes: A protocol paper.;Stamp E and Clarke G and Wright P and Velikova G and Crossfield SSR and Zucker K and McInerney C and Bojke C and Martin A and Baxter P and Woroncow B and Wilson D and Warrington L and Absolom K and Burke D and Stables GI and Mitra A and Hutson R and Glaser AW and Hall G;35427401;No (excluded in title and abstract screening);No medical research (no new insights with direct relevance to health);2022;;2021;7;No;Yes;;;;;;;
Using de-identified electronic health records to research mental health supported housing services: A feasibility study.;Dalton-Locke C and Thygesen JH and Werbeloff N and Osborn D and Killaspy H;32817624;Yes;;2020;;2020;4;No;Yes;5;No;GB;GB;Camden and Islington NHS Foundation Trust;GB;
A Novel Imputation Approach for Sharing Protected Public Health Data.;Erdman EA and Young LD and Bernson DL and Bauer C and Chui K and Stopka TJ;34529494;No (not retrieved);Not retrieved;2021;10;na;na;No;Yes;;;;;;;
Concept and Proof of the Lifelog Bigdata Platform for Digital Healthcare and Precision Medicine on the Cloud.;Lee KH and Urtnasan E and Hwang S and Lee HY and Lee JH and Koh SB and Youk H;35040609;No (excluded in title and abstract screening);No medical research (focus on data provision);2022;1;2021;9;No;Yes;;;;;;;4.0
Learning to detect and understand drug discontinuation events from clinical narratives.;Liu F and Pradhan R and Druhl E and Freund E and Liu W and Sauer BC and Cunningham F and Gordon AJ and Peters CB and Yu H;31034028;No (excluded in title and abstract screening);No tabular data;2019;10;2018;10;No;Yes;;;;;;;12.0
Takotsubo cardiomyopathy in orthotopic liver transplant recipients: A cohort study using multi-center pooled electronic health record data.;Zmaili M and Alzubi J and Alkhayyat M and Cohen J and Alkharabsheh S and Rana M and Alvarez PA and Mansoor E and Xu B;35317180;Yes;;2022;2;2021;6;No;Yes;9;No;US;US;IBM;US;8.0
Variability in 30-day major amputation rates following endovascular peripheral vascular intervention for critical limb ischemia.;Provance JB and Spertus JA and Jones PG and Hoffman MA and Bunte MC and Vogel TR and Mena-Hurtado C and Smolderen KG;35603755;Yes;;2022;8;na;na;No;Yes;9;No;US;US;Cerner Corporation;US;
Enhancing the analytic utility of clinical trial data to inform health disparities research.;Cohen SB and Unangst J and Yu F;33319118;No (excluded in title and abstract screening);No medical research (focus on data provision);2020;12;2020;7;Yes;Yes;;;;;;;5.0
Trust and Trade-Offs in Sharing Data for Precision Medicine: A National Survey of Singapore.;Lysaght T and Ballantyne A and Toh HJ and Lau A and Ong S and Schaefer O and Shiraishi M and van den Boom W and Xafis V and Tai ES;34575698;No (excluded in title and abstract screening);No real-world application (findings not based on real-world data);2021;9;2021;8;No;Yes;;;;;;;1.0
Development and Validation of Algorithms to Identify COVID-19 Patients Using a US Electronic Health Records Database: A Retrospective Cohort Study.;Brown CA and Londhe AA and He F and Cheng A and Ma J and Zhang J and Brooks CG and Sprafka JM and Roehl KA and Carlson KB and Page JH;35633659;Yes;;2022;;2022;1;No;Yes;22;Yes;US;US;Optum;US;
Factors Associated With COVID-19 Death in the United States: Cohort Study.;Chen UI and Xu H and Krause TM and Greenberg R and Dong X and Jiang X;35377319;Yes;;2022;5;2021;4;No;Yes;22;Yes;US;US;Optum;US;13.0
Real-world treatment patterns of maintenance therapy in platinum-sensitive recurrent ovarian cancer.;Moss HA and Perhanidis JA and Havrilesky LJ and Secord AA;34301411;No (not retrieved);Not retrieved;2021;10;2021;4;No;Yes;;;;;;;6.0
The incidence of hydrocephalus among patients with and without spinal muscular atrophy (SMA): Results from a US electronic health records study.;Viscidi E and Wang N and Juneja M and Bhan I and Prada C and James D and Lallier S and Makepeace C and Laird K and Eaton S and Dilley A and Hall S;33962637;Yes;;2021;5;2020;12;No;Yes;6;No;US;US;Optum;US;5.0
Recommendations and Extraction of Clinical Variables of Pediatric Multiple Sclerosis Using Common Data Elements.;Newland P and Newland JM and Hendricks-Ferguson VL and Smith JM and Oliver BJ;29652736;Yes;;2018;6;na;na;No;Yes;6;No;US;US;St. Louis Children Hospital;US;
The ongoing French BaMaRa-BNDMR cohort: implementation and deployment of a nationwide information system on rare disease.;Jannot AS and Messiaen C and Khatim A and Pichon T and Sandrin A;34741516;No (excluded in title and abstract screening);No medical research (focus on data provision);2022;1;2021;8;No;Yes;;;;;;;5.0
Early Prediction of Cardiogenic Shock Using Machine Learning.;Chang Y and Antonescu C and Ravindranath S and Dong J and Lu M and Vicario F and Wondrely L and Thompson P and Swearingen D and Acharya D;35911549;Yes;;2022;;2022;1;No;Yes;18;No;US;US;Banner Health;US;
The quest for better clinical word vectors: Ontology based and lexical vector augmentation versus clinical contextual embeddings.;Nath N and Lee SH and McDonnell MD and Lee I;34004575;No (not retrieved);Not retrieved;2021;7;2021;1;No;Yes;;;;;;;6.0
Rates of Pneumocystis jirovecii pneumonia and prophylaxis prescribing patterns in a large electronic health record cohort of patients with systemic lupus erythematosus.;Boone B and Lazaroff SM and Wheless L and Wolfe RM and Barnado A;36279805;Yes;;2022;12;2022;6;No;Yes;10;No;US;US;Vanderbilt University Medical Center;US;6.0
Antipsychotic polypharmacy and adverse drug reactions among adults in a London mental health service, 2008-2018.;Yang JC and Thygesen JH and Werbeloff N and Hayes JF and Osborn DPJ;35485715;No (excluded before screening);Outside the search period;2023;7;na;na;No;Yes;5;No;GB;GB;Camden and Islington NHS Foundation Trust;GB;
Academic-industry partnership advancing cannabis science: A Complementary Care Practice-Based Research Network.;Ennis N and Vance C and Bradbury R;35247600;No (excluded in title and abstract screening);No medical research (focus on data provision);2022;6;2021;12;No;Yes;;;;;;;6.0
Predictive Analytics Using Machine Learning to Identify ART Clients at Health System Level at Greatest Risk of Treatment Interruption in Mozambique and Nigeria.;Stockman J and Friedman J and Sundberg J and Harris E and Bailey L;35262514;Yes;;2022;6;2021;5;No;Yes;1;No;US;US;Multiple;MZ, NG;13.0
Advancing data science in drug development through an innovative computational framework for data sharing and statistical analysis.;Mallon AM and Häring DA and Dahlke F and Aarden P and Afyouni S and Delbarre D and El Emam K and Ganjgahi H and Gardiner S and Kwok CH and West DM and Straiton E and Haemmerle S and Huffman A and Hofmann T and Kelly LJ and Krusche P and Laramee MC and Lheritier K and Ligozio G and Readie A and Santos L and Nichols TE and Branson J and Holmes C;34773974;No (excluded in title and abstract screening);No medical research (focus on data provision);2021;11;2020;7;Yes;Yes;;;;;;;16.0
How effective are population health surveys for estimating prevalence of chronic conditions compared to anonymised clinical data?;Whiffen T and Akbari A and Paget T and Lowe S and Lyons R;34232969;Yes;;2020;;na;na;No;Yes;;No;GB;GB;SAIL Databank;GB;
Salvage endoscopic resection after definitive chemoradiotherapy for esophageal cancer: a Western experience.;Al-Kaabi A and Schoon EJ and Deprez PH and Seewald S and Groth S and Giovannini M and Braden B and Berr F and Lemmers A and Hoare J and Bhandari P and van der Post RS and Verhoeven RHA and Siersema PD;32763242;Yes;;2021;4;2020;3;No;Yes;2;No;NL;NL;Multiple;NL, BE, CH, FR, GB, AT;13.0
Impact of schizophrenia genetic liability on the association between schizophrenia and physical illness: data-linkage study.;Kendall KM and John A and Lee SC and Rees E and Pardiñas AF and Banos MDP and Owen MJ and O'Donovan MC and Kirov G and Lloyd K and Jones I and Legge SE and Walters JTR;33168126;Yes;;2020;11;na;na;No;Yes;5;No;GB;GB;SAIL Databank;GB;
Use of large scale EHR data to evaluate A1c utilization among sickle cell disease patients.;Sivasankar S and Cheng AL and Lubin IM and Lankachandra K and Hoffman MA;34537047;Yes;;2021;9;2021;7;No;Yes;3;No;US;US;Cerner Corporation;US;2.0
Budget constrained machine learning for early prediction of adverse outcomes for COVID-19 patients.;Nguyen S and Chan R and Cadena J and Soper B and Kiszka P and Womack L and Work M and Duggan JM and Haller ST and Hanrahan JA and Kennedy DJ and Mukundan D and Ray P;34599200;Yes;;2021;10;2021;6;No;Yes;22;Yes;US;US;ProMedica;US;4.0
Is it possible to implement a rare disease case-finding tool in primary care? A UK-based pilot study.;Buendia O and Shankar S and Mahon H and Toal C and Menzies L and Ravichandran P and Roper J and Takhar J and Benfredj R and Evans W;35172857;No (excluded in title and abstract screening);No medical research (focus on data provision);2022;2;2021;8;No;Yes;;;;;;;6.0
History of Endometriosis Is Independently Associated with an Increased Risk of Ovarian Cancer.;Sarría-Santamera A and Khamitova Z and Gusmanov A and Terzic M and Polo-Santos M and Ortega MA and Asúnsolo A;36013285;Yes;;2022;8;2022;8;No;Yes;14;No;KZ;ES;Spanish National Health System;ES;0.0
Antihypertensive effects of immunosuppressive therapy in autoimmune disease.;Clemmer JS and Hillegass WB and Taylor EB;35396536;No (excluded before screening);Outside the search period;2023;4;2021;12;Yes;Yes;;;;;;;16.0
A Novel Patient Recruitment Strategy: Patient Selection Directly from the Community through Linkage to Clinical Data.;Zimmerman LP and Goel S and Sathar S and Gladfelter CE and Onate A and Kane LL and Sital S and Phua J and Davis P and Margellos-Anast H and Meltzer DO and Polonsky TS and Shah RC and Trick WE and Ahmad FS and Kho AN;29444537;No (excluded in title and abstract screening);No medical research (no new insights with direct relevance to health);2018;1;na;na;No;Yes;;;;;;;
Development of a novel machine learning model to predict presence of nonalcoholic steatohepatitis.;Docherty M and Regnier SA and Capkun G and Balp MM and Ye Q and Janssens N and Tietz A and Löffler J and Cai J and Pedrosa MC and Schattenberg JM;33684933;Yes;;2021;6;2020;8;No;Yes;11;No;US;DE;Optum, National Institute of Diabetes and Digestive and Kidney Diseases;US;10.0
Comparison of Medication Alerts from Two Commercial Applications in the USA.;Shah SN and Seger DL and Fiskio JM and Horn JR and Bates DW;33616888;Yes;;2021;6;na;na;No;Yes;;No;US;US;Brigham and Women’s Hospital;US;
Benchmarking AutoML frameworks for disease prediction using medical claims.;A Romero RA and Y Deypalan MN and Mehrotra S and Jungao JT and Sheils NE and Manduchi E and Moore JH;35883154;Yes;;2022;7;2021;12;No;Yes;4;No;US;US;Not precisely specified;US;7.0
COVID-19 Outcomes in Myasthenia Gravis Patients: Analysis From Electronic Health Records in the United States.;Kim Y and Li X and Huang Y and Kim M and Shaibani A and Sheikh K and Zhang GQ and Nguyen TP;35418937;Yes;;2022;;2021;10;No;Yes;6;Yes;US;US;Optum;US;
Probabilistic Linkage of Randomized Controlled Trial Data to Administrative Claims: A Case Study of Patients from Baricitinib Clinical Trials.;McGuiness CB and Boytsov NN and Zhang X and Wang X and Kannowski CL and Wade RL;33811317;No (excluded in title and abstract screening);No medical research (focus on anonymization);2021;6;2020;11;Yes;No;;;;;;;7.0
Deep learning and feature based medication classifications from EEG in a large clinical data set.;Nahmias DO and Civillico EF and Kontson KL;32848165;Yes;;2020;8;2020;1;No;Yes;;No;US;US;Temple University Hospital;US;7.0
The diagnostic certainty levels of junior clinicians: A retrospective cohort study.;Chen Y and Nagendran M and Kilic Y and Cavlan D and Feather A and Westwood M and Rowland E and Gutteridge C and Lambiase PD;34112021;Yes;;2022;9;na;na;No;Yes;;No;GB;GB;Royal London Hospital;GB;
Gender disparity in telehealth usage in Bangladesh during COVID-19.;Rahman S and Amit S and Kafy AA;35036972;Yes;;2022;12;2021;11;No;Yes;;Yes;BD;BD;Institute for Health Metrics and Evaluation;BD;13.0
Hydroxychloroquine/chloroquine for the treatment of hospitalized patients with COVID-19: An individual participant data meta-analysis.;Di Stefano L and Ogburn EL and Ram M and Scharfstein DO and Li T and Khanal P and Baksh SN and McBee N and Gruber J and Gildea MR and Clark MR and Goldenberg NA and Bennani Y and Brown SM and Buckel WR and Clement ME and Mulligan MJ and O'Halloran JA and Rauseo AM and Self WH and Semler MW and Seto T and Stout JE and Ulrich RJ and Victory J and Bierer BE and Hanley DF and Freilich D;36173983;Yes;;2022;11;2022;3;Yes;No;22;Yes;US;US;Multiple;US;8.0
Is paliperidone palmitate more effective than other long-acting injectable antipsychotics?;Patel R and Chesney E and Taylor M and Taylor D and McGuire P;29039277;Yes;;2018;7;na;na;No;Yes;5;No;GB;GB;South London and Maudsley NHS Foundation Trust;GB;
Medical knowledge infused convolutional neural networks for cohort selection in clinical trials.;Chen CJ and Warikoo N and Chang YC and Chen JH and Hsu WL;31390470;No (excluded in title and abstract screening);No medical research (no new insights with direct relevance to health);2019;11;2019;1;No;Yes;;;;;;;10.0
Trends in EMR for nonmalignant colorectal polyps in the United States.;Yu JX and Lin JL and Oliver M and Soetikno R and Chang MS and Kwong AJ and Limketkai BN and Bhattacharya J and Kaltenbach T;31437455;Yes;;2020;1;2019;4;No;Yes;11;No;US;US;Optum;US;9.0
Predictive modeling of morbidity and mortality in COVID-19 hospitalized patients and its clinical implications.;Wang JM and Liu W and Chen X and McRae MP and McDevitt JT and Fenyö D;33300013;No (excluded before screening);preprint;2021;3;na;na;No;Yes;;;;;;;
Evaluating the accuracy of data extracted from electronic health records into MedicineInsight, a national Australian general practice database.;Daniels B and Havard A and Myton R and Lee C and Chidwick K;37650032;No (excluded in title and abstract screening);No medical research (no new insights with direct relevance to health);2022;;na;na;No;Yes;;;;;;;
Kidney cancer biobanking: considerations for a single institutional biorepository.;Del Vecchio SJ and Owens EP and Ellis RJ;31236340;No (excluded in title and abstract screening);No medical research (focus on data provision);2019;5;na;na;No;Yes;;;;;;;
Data highlighting phenotypic diversity of urine-associated Escherichia coli isolates.;Eberly AR and Beebout CJ and Tong CMC and Van Horn GT and Green HD and Fitzgerald MJ and De S and Apple EK and Schrimpe-Rutledge AC and Codreanu SG and Sherrod SD and McLean JA and Clayton DB and Stratton CW and Schmitz JE and Hadjifrangiskou M;32566710;No (excluded in title and abstract screening);No medical research (focus on data provision);2020;8;2020;5;No;Yes;;;;;;;3.0
The Genomics Research and Innovation Network: creating an interoperable, federated, genomics learning system.;Mandl KD and Glauser T and Krantz ID and Avillach P and Bartels A and Beggs AH and Biswas S and Bourgeois FT and Corsmo J and Dauber A and Devkota B and Fleisher GR and Heath AP and Helbig I and Hirschhorn JN and Kilbourn J and Kong SW and Kornetsky S and Majzoub JA and Marsolo K and Martin LJ and Nix J and Schwarzhoff A and Stedman J and Strauss A and Sund KL and Taylor DM and White PS and Marsh E and Grimberg A and Hawkes C;31481752;No (excluded in title and abstract screening);No medical research (focus on data provision);2020;2;na;na;No;Yes;;;;;;;
Community Outreach for Navajo People Living with Diabetes: Who Benefits Most?;Trevisi L and Orav JE and Atwood S and Brown C and Curley C and King C and Muskett O and Sehn H and Nelson AK and Begay MG and Shin SS;32701432;Yes;;2020;7;na;na;No;Yes;4;No;US;US;Multiple;US;
Occupational Injury Claims Related to Patient Lifting and Moving in a Safety-Oriented Emergency Medical Services Agency.;Fratta KA and Levy MJ and Brothers JM and Baer GD and Scharf B;33062522;No (excluded in title and abstract screening);No tabular data;2020;9;na;na;No;Yes;;;;;;;
Performance of Multiple Imputation Using Modern Machine Learning Methods in Electronic Health Records Data.;Getz K and Hubbard RA and Linn KA;36722803;No (excluded before screening);Outside the search period;2023;3;na;na;No;Yes;;;;;;;
An Empirical Test of GRUs and Deep Contextualized Word Representations on De-Identification.;Lee K and Filannino M and Uzuner Ö;31437917;No (excluded in title and abstract screening);No medical research (focus on anonymization);2019;8;na;na;No;Yes;;;;;;;
Attitudes of health professionals to using routinely collected clinical data for performance feedback and personalised professional development.;Shaw T and Janssen A and Crampton R and O'Leary F and Hoyle P and Jones A and Shetty A and Gunja N and Ritchie AG and Spallek H and Solman A and Kay J and Makeham MA and Harnett P;30927464;No (excluded in title and abstract screening);No real-world application (findings not based on real-world data);2019;4;2018;5;No;Yes;;;;;;;11.0
Comparative-effectiveness of pembrolizumab vs. nivolumab for patients with metastatic melanoma.;Moser JC and Wei G and Colonna SV and Grossmann KF and Patel S and Hyngstrom JR;31920132;Yes;;2020;4;na;na;No;Yes;2;No;US;US;Flatiron Health;US;
Using machine learning to model older adult inpatient trajectories from electronic health records data.;Herrero-Zazo M and Fitzgerald T and Taylor V and Street H and Chaudhry AN and Bradley JR and Birney E and Keevil VL;36691609;No (excluded before screening);Outside the search period;2023;1;2022;5;No;Yes;;No;GB;GB;Not precisely specified;GB;8.0
Neonatal sepsis registry: Time to antibiotic dataset.;Ostapenko S and Schmatz M and Srinivasan L and Elci OU and Weiss SL and Masino AJ and Tremoglie M and Harris MC and Grundmeier RW;31799346;No (excluded in title and abstract screening);No real-world application (findings not based on real-world data);2019;12;2019;10;No;Yes;;;;;;;2.0
Development and external validation of prediction models for adverse health outcomes in rheumatoid arthritis: A multinational real-world cohort analysis.;Yang C and Williams RD and Swerdel JN and Almeida JR and Brouwer ES and Burn E and Carmona L and Chatzidionysiou K and Duarte-Salles T and Fakhouri W and Hottgenroth A and Jani M and Kolde R and Kors JA and Kullamaa L and Lane J and Marinier K and Michel A and Stewart HM and Prats-Uribe A and Reisberg S and Sena AG and Torre CO and Verhamme K and Vizcaya D and Weaver J and Ryan P and Prieto-Alhambra D and Rijnbeek PR;35728447;Yes;;2022;10;2022;2;No;Yes;13;No;NL;NL;Optum, Multiple;US, ES, EE, NL, DE, FR, GB, AU, JP;8.0
Learning relevance models for patient cohort retrieval.;Goodwin TR and Harabagiu SM;30474078;No (excluded in title and abstract screening);No real-world application (findings not based on real-world data);2018;10;2017;12;No;Yes;;;;;;;10.0
A FHIR-Enabled Streaming Sepsis Prediction System for ICUs.;Henry JR and Lynch D and Mals J and Shashikumar SP and Holder A and Sharma A and Nemati S;30441256;No (excluded in title and abstract screening);No medical research (no new insights with direct relevance to health);2018;7;na;na;No;Yes;;;;;;;
Learning Health System for Breast Cancer: Pilot Project Experience.;Levine MN and Alexander G and Sathiyapalan A and Agrawal A and Pond G;31369338;Yes;;2019;8;na;na;No;Yes;2;No;CA;CA;Juravinski Cancer Centre;CA;
Characterizing sleep disorders in an autism-specific collection of electronic health records.;Singer EV and Niarchou M and Maxwell-Horn A and Hucks D and Johnston R and Sutcliffe JS and Davis LK and Malow BA;35367909;No (excluded in title and abstract screening);No real-world application (findings not based on real-world data);2022;4;2021;10;No;Yes;;;;;;;6.0
A deep attention model to forecast the Length Of Stay and the in-hospital mortality right on admission from ICD codes and demographic data.;Harerimana G and Kim JW and Jang B;33872817;Yes;;2021;6;2020;2;No;Yes;;No;KR;KR;Massachusetts Institute of Technology;US;16.0
Clinical Burden of Concomitant Joint Disease in Psoriasis: A US-Linked Claims and Electronic Health Records Database Analysis.;Skornicki M and Prince P and Suruki R and Lee E and Louder A;33818686;Yes;;2021;5;2021;1;No;Yes;12;No;US;US;Optum;US;4.0
Potential barriers to filling buprenorphine and naltrexone prescriptions among a retrospective cohort of individuals with opioid use disorder.;Morgan JR and Quinn EK and Chaisson CE and Ciemins E and Stempniewicz N and White LF and Larochelle MR;34148756;Yes;;2022;2;2021;4;No;Yes;5;No;US;US;Optum;US;10.0
Cancer Patient Perspectives on Sharing of Medical Records and Mobile Device Data for Research Purposes.;Franklin EF and Nichols HM and House L and Buzaglo J and Thiboldeaux K;33457553;No (excluded in title and abstract screening);Anonymous survey;2020;12;na;na;No;Yes;;;;;;;
Characterizing patients with rare mucormycosis infections using real-world data.;Zhang Y and Sung AH and Rubinstein E and Benigno M and Chambers R and Patino N and Aram JA;35164701;Yes;;2022;2;2020;11;No;Yes;1;No;CN;US;Optum;US;15.0
Patient Factors Influencing Decision to Undergo Vasectomy Reversal.;Moriarty MA and Auld J and Sandlow JI;37312353;No (excluded in title and abstract screening);Anonymous survey;2019;1;na;na;No;Yes;;;;;;;
Implementation and early adaptation of patient-reported outcome measures into an electronic health record: A technical report.;Gold HT and Karia RJ and Link A and Lebwohl R and Zuckerman JD and Errico TJ and Slover JD and Buckland AJ and Mann DM and Cantor MN;30516095;No (excluded in title and abstract screening);No real-world application (findings not based on real-world data);2020;3;na;na;No;Yes;;;;;;;
Comparative All-Cause Mortality Among a Large Population of Patients with Spinal Muscular Atrophy Versus Matched Controls.;Viscidi E and Juneja M and Wang J and Wang N and Li L and Farwell W and Bhan I and Makepeace C and Laird K and Kupelian V and Eaton S and Dilley A and Hall S;34936050;Yes;;2022;3;2021;5;No;Yes;6;No;US;US;Optum;US;10.0
Validation of rule-based algorithms to determine colorectal, breast, and cervical cancer screening status using electronic health record data from an urban healthcare system in New York City.;Leder Macek AJ and Kirschenbaum JD and Ricklan SJ and Schreiber-Stainthorp W and Omene BC and Conderino S;34976656;Yes;;2021;12;2021;6;No;Yes;2;No;US;US;New York University Langone Health;US;6.0
Predicting Discharge Destination of Critically Ill Patients Using Machine Learning.;Abad ZSH and Maslove DM and Lee J;32750906;No (not retrieved);Not retrieved;2021;3;na;na;Yes;Yes;;;;;;;
Hydroxychloroquine/chloroquine for the treatment of hospitalized patients with COVID-19: An individual participant data meta-analysis.;Di Stefano L and Ogburn EL and Ram M and Scharfstein DO and Li T and Khanal P and Baksh SN and McBee N and Gruber J and Gildea MR and Clark MR and Goldenberg NA and Bennani Y and Brown SM and Buckel WR and Clement ME and Mulligan MJ and O'Halloran JA and Rauseo AM and Self WH and Semler MW and Seto T and Stout JE and Ulrich RJ and Victory J and Bierer BE and Hanley DF and Freilich D;35043124;No (excluded in full-paper screening);preprint;2022;8;na;na;Yes;No;;;;;;;
The ReIMAGINE Multimodal Warehouse: Using Artificial Intelligence for Accurate Risk Stratification of Prostate Cancer.;Santaolalla A and Hulsen T and Davis J and Ahmed HU and Moore CM and Punwani S and Attard G and McCartan N and Emberton M and Coolen A and Van Hemelrijck M;34870187;No (excluded in title and abstract screening);No real-world application (findings not based on real-world data);2021;;2021;9;No;Yes;;;;;;;
Women with Rheumatoid Arthritis have similar rates of postpartum maternal outcomes compared to women without autoimmune disease.;Tarplin S and Hubbard J and Green S and Whitney R and Wheless L and Barnado A;35152084;Yes;;2022;4;2021;10;No;Yes;13;No;US;US;Vanderbilt University Medical Center;US;6.0
Differential frequency in imaging-based outcome measurement: Bias in real-world oncology comparative-effectiveness studies.;Adamson BJS and Ma X and Griffith SD and Sweeney EM and Sarkar S and Bourla AB;34227170;Yes;;2022;1;2021;3;No;Yes;2;No;US;US;Flatiron Health;US;10.0
An evaluation of recurrent hypoglycemia across Chicago, Illinois.;O'Connor CE and Oh EH and Jackson KL and Finn DJ and Rosenman MB and Molitch ME and Kho A and Wallia A;32732137;Yes;;2020;11;2020;2;No;Yes;4;No;US;US;Multiple;US;9.0
Left truncation in linked data: A practical guide to understanding left truncation and applying it using SAS and R.;Jin Y and Ton TGN and Incerti D and Hu S;35843723;No (excluded before screening);Outside the search period;2023;1;2021;8;No;Yes;;;;;;;17.0
Individual Patient Data from the Pivotal Randomized Controlled Trials of Non-Vitamin K Antagonist Oral Anticoagulants in Patients with Atrial Fibrillation (COMBINE AF): Design and Rationale: From the COMBINE AF (A Collaboration between Multiple institutions to Better Investigate Non-vitamin K ant...;Carnicelli AP and Hong H and Giugliano RP and Connolly SJ and Eikelboom J and Patel MR and Wallentin L and Morrow DA and Wojdyla D and Hua K and Hohnloser SH and Oldgren J and Ruff CT and Piccini JP and Lopes RD and Alexander JH and Granger CB;33296688;No (excluded in title and abstract screening);No medical research (focus on data provision);2021;3;2020;9;Yes;Yes;;;;;;;6.0
The Community and Patient Partnered Research Network (CPPRN): Application of Patient-Centered Outcomes Research to Promote Behavioral Health Equity.;Arevian AC and Springgate B and Jones F and Starks SL and Chung B and Wennerstrom A and Jones L and Kataoka SH and Griffith K and Sugarman OK and Williams P and Haywood C and Kirkland A and Meyers D and Pasternak R and Simmasalam R and Tang L and Castillo EG and Mahajan A and Stevens M and Wells KB;30202181;No (excluded in title and abstract screening);No medical research (no new insights with direct relevance to health);2018;;na;na;Yes;No;;;;;;;
Randomized controlled trial of an audit and feedback cycle to improve adherence to Choosing Wisely Canada recommendations.;Singer A and Kosowan L and Leong K and Katz A and Abrams E and Lix L;36857209;No (not retrieved);Not retrieved;2022;4;na;na;No;Yes;;;;;;;
Identifying community chronic kidney disease risk profile utilising general practice clinical records and spatial analysis: approach to inform policy and practice.;Bagheri N and Pearce S and Mazumdar S and Sturgiss E and Haxhimolla H and Harley D;32449982;Yes;;2021;8;2019;8;No;Yes;14;No;AU;AU;Multiple;AU;24.0
Use of Dental Related ICD Coding to Determine Comorbidities in Mississippi.;Nordan P and Daneshvari Berry S and Morton ME;35440920;Yes;;2022;;na;na;No;Yes;11;No;US;US;Multiple;US;
Physician decision support system for idiopathic sudden sensorineural hearing loss patients.;Liao WH and Cheng YF and Chen YC and Lai YH and Lai F and Chu YC;33177402;Yes;;2021;1;na;na;No;Yes;8;No;TW;TW;Taipei Veterans General Hospital;TW;
Real-World Data of Palbociclib in Combination With Endocrine Therapy for the Treatment of Metastatic Breast Cancer in Men.;Kraus AL and Yu-Kite M and Mardekian J and Cotter MJ and Kim S and Decembrino J and Snow T and Carson KR and Motyl Rockland J and Gossai A and Wilner K and Wang DD and Huang Bartlett C and Oharu N and Schnell P and VanArsdale T and Lu DR and Tursi JM;34668577;Yes;;2022;1;2021;4;Yes;Yes;2;No;US;IT;Flatiron Health, Pfizer;US;9.0
Hydrops fetalis-trends in associated diagnoses and mortality from 1997-2018.;Tolia VN and Hunter Clark R Jr and Perelmuter B and Frankfurt JA and Ahmad KA and Abrams ME and Cohen JL and Clark RH;34385586;Yes;;2021;10;2021;1;No;Yes;16;No;US;US;Pediatrix Medical Group;US;9.0
"Artificial Intelligence for Inflammatory Bowel Diseases (IBD); Accurately Predicting Adverse Outcomes Using Machine Learning.";Zand A and Stokes Z and Sharma A and van Deen WK and Hommes D;35476181;Yes;;2022;10;2021;11;No;Yes;11;No;US;US;Optum;US;11.0
Informing antimicrobial stewardship: factors associated with inappropriate antimicrobial prescribing in primary care.;Singer A and Fanella S and Kosowan L and Falk J and Dufault B and Hamilton K and Walus A;29237045;Yes;;2018;7;na;na;No;Yes;1;No;CA;CA;Manitoba Primary Care Research Network;CA;
Achievement of glycemic control and antidepressant medication use in comorbid depression and type II diabetes.;Brieler J and Salas J and Scherrer J;35947421;Yes;;2022;4;na;na;No;Yes;5;No;US;US;Optum;US;
STK11 (LKB1) mutations in metastatic NSCLC: Prognostic value in the real world.;Shire NJ and Klein AB and Golozar A and Collins JM and Fraeman KH and Nordstrom BL and McEwen R and Hembrough T and Rizvi NA;32881920;Yes;;2020;;2020;4;Yes;Yes;2;No;US;US;Flatiron Health;US;
NETest is superior to chromogranin A in neuroendocrine neoplasia: a prospective ENETS CoE analysis.;Malczewska A and Oberg K and Kos-Kudla B;33289691;Yes;;2021;1;2020;11;Yes;No;2;No;PL;PL;Medical University of Silesia;PL;2.0
Rule-based and machine learning algorithms identify patients with systemic sclerosis accurately in the electronic health record.;Jamian L and Wheless L and Crofford LJ and Barnado A;31888720;Yes;;2019;12;2019;8;No;Yes;13;No;US;US;Vanderbilt University Medical Center;US;4.0
Exploring Older Adults' Strengths, Problems, and Wellbeing Using De-identified Electronic Health Record Data.;Gao G and Pieczkiewicz D and Kerr M and Lindquist R and Chi CL and Maganti S and Austin R and Kreitzer MJ and Todd K and Monsen KA;30815168;Yes;;2018;;na;na;No;Yes;;No;US;US;Not precisely specified;US;
Psychiatric healthcare resource utilization following initiation of aripiprazole once-monthly: a retrospective real-world study.;Waters HC and Touya M and Wee SN and Ng M and Thadani S and Surendran S and Rentería M and Rush AJ and Patel R and Sarkar J and Fitzgerald HM and Han X;36380678;No (excluded before screening);Outside the search period;2023;2;na;na;No;Yes;5;No;US;US;Holmusk Technologies;US;
The Astounding Breadth of Health Disparity: Phenome-Wide Effects of Race on Disease Risk.;Pulley JM and Jerome RN and Bernard GR and Shirey-Rice JK and Xu Y and Wilkins CH;32958289;Yes;;2021;4;2020;7;No;Yes;;Yes;US;US;Vanderbilt University Medical Center;US;9.0
Patients Prescribed Direct-Acting Oral Anticoagulants Have Low Risk of Postpolypectomy Complications.;Yu JX and Oliver M and Lin J and Chang M and Limketkai BN and Soetikno R and Bhattacharya J and Kaltenbach T;30503964;Yes;;2019;9;2018;4;No;Yes;11;No;US;US;Optum;US;17.0
Assessment of Potentially Inappropriate Prescribing of Opioid Analgesics Requiring Prior Opioid Tolerance.;Jeffery MM and Chaisson CE and Hane C and Rumanes L and Tucker J and Hang L and McCoy R and Chen CL and Bicket MC and Hooten WM and Larochelle M and Becker WC and Kornegay C and Racoosin JA and Sanghavi D;32293684;Yes;;2020;4;na;na;No;Yes;;No;US;US;Optum;US;
Phenotypic prevalence of obesity and metabolic syndrome among an underdiagnosed and underscreened population of over 50 million children and adults.;Kim EG and Kaelber DC;36147487;Yes;;2022;;2022;6;No;Yes;4;No;US;US;Epic Systems Corporation;US;
Are adults with autism receiving regular preventive dental services?;McNeil R and Bray KK and Mitchell TV and Pendleton C and Marchini L;35636432;No (excluded before screening);Outside the search period;2023;1;2022;3;No;Yes;5;No;US;US;University of Iowa;US;10.0
Feasibility of real-time capture of routine clinical data in the electronic health record: a hospital-based, observational service-evaluation study.;Bodagh N and Archbold RA and Weerackody R and Hawking MKD and Barnes MR and Lee AM and Janjuha S and Gutteridge C and Robson J and Timmis A;29523565;No (excluded in title and abstract screening);No real-world application (findings not based on real-world data);2018;3;na;na;No;Yes;;;;;;;
Identifying the DEAD: Development and Validation of a Patient-Level Model to Predict Death Status in Population-Level Claims Data.;Reps JM and Rijnbeek PR and Ryan PB;31054141;Yes;;2019;11;na;na;No;Yes;;No;US;US;Optum;US;
Interplay between traumatic brain injury and intimate partner violence: data driven analysis utilizing electronic health records.;Liu LY and Bush WS and Koyutürk M and Karakurt G;33287806;Yes;;2020;12;2019;11;No;Yes;19;No;US;US;IBM;US;13.0
Kidney, limb and ophthalmic complications, and death in patients with nonvalvular atrial fibrillation and type 2 diabetes prescribed rivaroxaban or warfarin: an electronic health record analysis.;Costa OS and O'Donnell B and Vardar B and Abdelgawwad K and Brescia CW and Sood N and Coleman CI;34166150;Yes;;2021;9;na;na;No;Yes;9;No;US;US;Optum;US;
Decision support or autonomous artificial intelligence? The case of wrong blood in tube errors.;Farrell CL;34717051;Yes;;2022;11;2021;8;No;Yes;;No;AU;AU;Not precisely specified;AU;15.0
Analyzing the performance of a blockchain-based personal health record implementation.;Roehrs A and da Costa CA and da Rosa Righi R and da Silva VF and Goldim JR and Schmidt DC;30844481;No (excluded in title and abstract screening);No medical research (no new insights with direct relevance to health);2019;4;2018;10;No;Yes;;;;;;;6.0
Implementing a college mental health program - an overview of the first twelve months.;Downs N and Alderman T and Bhakta S and Greenwood TA;29601286;Yes;;2019;1;na;na;No;Yes;5;No;US;US;University of California San Diego;US;
Dynamic ElecTronic hEalth reCord deTection (DETECT) of individuals at risk of a first episode of psychosis: a case-control development and validation study.;Raket LL and Jaskolowski J and Kinon BJ and Brasen JC and Jönsson L and Wehnert A and Fusar-Poli P;33328055;Yes;;2020;5;2019;8;No;Yes;5;No;DK;GB;IBM;US;9.0
Spirometry use in Patients with Sickle Cell Disease with and without asthma and acute chest syndrome: A Multicenter Study.;Duckworth L and Black LV and Ezmigna D and Green J and Yao Y and Grannis S and Klann J and Applegate R and Lipori G and Wallace T and Wilkie DJ;32924025;Yes;;2020;7;na;na;No;Yes;3;No;US;US;Multiple;US;
Effectiveness and safety of rivaroxaban versus warfarin in obese nonvalvular atrial fibrillation patients: analysis of electronic health record data.;Costa OS and Beyer-Westendorf J and Ashton V and Milentijevic D and Moore KT and Bunz TJ and Coleman CI;32347755;Yes;;2020;7;na;na;No;Yes;9;No;US;US;Optum;US;
A step closer to nationwide electronic health record-based chronic disease surveillance: characterizing asthma prevalence and emergency department utilization from 100 million patient records through a novel multisite collaboration.;Tarabichi Y and Goyden J and Liu R and Lewis S and Sudano J and Kaelber DC;31592525;Yes;;2020;1;2019;3;No;Yes;10;No;US;US;Multiple;US;10.0
Development and validation of a mobile application based on a machine learning model to aid in predicting dosage of vitamin K antagonists among Indian patients post mechanical heart valve replacement.;Amruthlal M and Devika S and Krishnan V and Ameer Suhail PA and Menon AK and Thomas A and Thomas M and Sanjay G and Lakshmi Kanth LR and Jeemon P and Jose J and Harikrishnan S;36243102;Yes;;2022;11;2022;7;No;Yes;9;No;IN;IN;Sree Chitra Tirunal Institute for Medical Sciences and Technology;IN;4.0
Describing characteristics and treatment patterns of patients hospitalized with COVID-19 by race and ethnicity in a national RWD during the early months of the pandemic.;Vititoe SE and Easthausen IJ and Lasky T and Chakravarty A and Bradley MC and Roe LM and Gatto NM and Weckstein AR and Garry EM;36155644;Yes;;2022;;2021;12;No;Yes;22;Yes;US;US;Optum;US;
Novel Method of Atrial Fibrillation Case Identification and Burden Estimation Using the MIMIC-III Electronic Health Data Set.;Ding EY and Albuquerque D and Winter M and Binici S and Piche J and Bashar SK and Chon K and Walkey AJ and McManus DD;31354020;Yes;;2019;10;na;na;No;Yes;9;No;US;US;Massachusetts Institute of Technology;US;
Reduction in laboratory turnaround time decreases emergency room length of stay.;Kaushik N and Khangulov VS and O'Hara M and Arnaout R;29719423;Yes;;2018;;na;na;No;Yes;;No;US;US;Cerner Corporation;US;
Development of CancerLinQ, a Health Information Learning Platform From Multiple Electronic Health Record Systems to Support Improved Quality of Care.;Potter D and Brothers R and Kolacevski A and Koskimaki JE and McNutt A and Miller RS and Nagda J and Nair A and Rubinstein WS and Stewart AK and Trieb IJ and Komatsoulis GA;33104389;No (excluded in title and abstract screening);No medical research (focus on data provision);2020;10;na;na;No;Yes;;;;;;;
PheValuator: Development and evaluation of a phenotype algorithm evaluator.;Swerdel JN and Hripcsak G and Ryan PB;31369862;Yes;;2019;9;2019;4;No;Yes;9;No;US;US;Optum, IBM MarketScan;US;5.0
Real-World Trends in Characteristics of Patients with Migraine Newly Initiated on Erenumab in the USA: A Retrospective Analysis.;Fang J and Korrer S and Johnson JC and Cheadle MA and Shah R and Ferraris ML and Lopez-Lopez C;33763828;Yes;;2021;6;2020;12;No;Yes;6;No;US;CH;Optum;US;6.0
Mortality Prediction Analysis among COVID-19 Inpatients Using Clinical Variables and Deep Learning Chest Radiography Imaging Features.;Nguyen XV and Dikici E and Candemir S and Ball RL and Prevedello LM;35894016;Yes;;2022;7;2022;5;No;Yes;22;Yes;US;US;Stony Brook University;US;2.0
Bleeding Entity Recognition in Electronic Health Records: A Comprehensive Analysis of End-to-End Systems.;Mitra A and Rawat BPS and McManus D and Kapoor A and Yu H;33936461;No (excluded in title and abstract screening);No tabular data;2020;;na;na;No;Yes;;;;;;;
Estimating Uterine Fibroid SNP-Based Heritability in European American Women with Imaging-Confirmed Fibroids.;Bray MJ and Davis LK and Torstenson ES and Jones SH and Edwards TL and Velez Edwards DR;31480066;Yes;;2019;;2019;2;No;Yes;2;No;US;US;Vanderbilt University Medical Center;US;
Mining the Data: Exploring Rural Patients' Attitudes about the Use of Their Personal Information in Research.;McCormick JB and Hopkins M and Lehman EB and Green MJ;35271430;No (excluded in title and abstract screening);No real-world application (findings not based on real-world data);2022;4;na;na;No;Yes;;;;;;;
Exploring the appropriateness of antibiotic prescribing for dental presentations in Australian general practice-A pilot study.;Teoh L and Hopcraft M and McCullough M and Manski-Nankervis JA and Biezen R;36440810;No (excluded before screening);Outside the search period;2023;5;2022;5;No;Yes;;;;;;;12.0
The Pediatric Emergency Care Applied Research Network Registry: A Multicenter Electronic Health Record Registry of Pediatric Emergency Care.;Deakyne Davies SJ and Grundmeier RW and Campos DA and Hayes KL and Bell J and Alessandrini EA and Bajaj L and Chamberlain JM and Gorelick MH and Enriquez R and Casper TC and Scheid B and Kittick M and Dean JM and Alpern ER;29791930;No (excluded in title and abstract screening);No medical research (focus on data provision);2018;4;na;na;No;Yes;;;;;;;
Embedding electronic health records onto a knowledge network recognizes prodromal features of multiple sclerosis and predicts diagnosis.;Nelson CA and Bove R and Butte AJ and Baranzini SE;34915552;Yes;;2022;1;2021;6;No;Yes;6;No;US;US;University of California San Francisco;US;7.0
Leveraging electronic health records to inform genetic counseling practice surrounding psychiatric disorders.;Richter LD and Morley TJ and Hooker GW and Peay HL and Cox NJ and Ruderfer DM;35191121;Yes;;2022;8;2021;7;No;Yes;5;No;US;US;Vanderbilt University Medical Center;US;13.0
Documenting or Operating: Where Is Time Spent in General Surgery Residency?;Cox ML and Farjat AE and Risoli TJ and Peskoe S and Goldstein BA and Turner DA and Migaly J;30522828;No (excluded in title and abstract screening);No real-world application (findings not based on real-world data);2018;11;2018;4;No;Yes;;;;;;;7.0
A machine learning approach to identifying patients with pulmonary hypertension using real-world electronic health records.;Kogan E and Didden EM and Lee E and Nnewihe A and Stamatiadis D and Mataraso S and Quinn D and Rosenberg D and Chehoud C and Bridges C;36528138;No (excluded before screening);Outside the search period;2023;3;2022;6;No;Yes;9;No;US;US;Optum;US;9.0
Patient Preferences Regarding Informed Consent Models for Participation in a Learning Health Care System for Oncology.;Jones RD and Krenz C and Gornick M and Griffith KA and Spence R and Bradbury AR and De Vries R and Hawley ST and Hayward RA and Zon R and Bolte S and Sadeghi N and Schilsky RL and Jagsi R;32352881;No (excluded in title and abstract screening);No tabular data;2020;9;na;na;No;Yes;;;;;;;
Antidepressant treatment and blood pressure control in patients with comorbid depression and treatment resistant hypertension.;Breeden M and Gillis A and Salas J and Scherrer JF;34906849;No (not retrieved);Not retrieved;2022;2;2021;7;No;Yes;;;;;;;7.0
Development of a screening algorithm for borderline personality disorder using electronic health records.;Zang C and Goodman M and Zhu Z and Yang L and Yin Z and Tamas Z and Sharma VM and Wang F and Shao N;35831356;Yes;;2022;7;2022;2;No;Yes;5;No;US;US;Cerner Corporation;US;5.0
De-identifying Spanish medical texts - named entity recognition applied to radiology reports.;Pérez-Díez I and Pérez-Moraga R and López-Cerdán A and Salinas-Serrano JM and la Iglesia-Vayá M;33781334;No (excluded in title and abstract screening);No medical research (focus on anonymization);2021;3;2020;4;No;Yes;;;;;;;11.0
Parsing clinical text using the state-of-the-art deep learning based parsers: a systematic comparison.;Zhang Y and Tiryaki F and Jiang M and Xu H;30943955;No (excluded in title and abstract screening);No real-world application (findings not based on real-world data);2019;4;na;na;No;Yes;;;;;;;
Recruitment of patients with Chronic Obstructive Pulmonary Disease (COPD) from the Clinical Practice Research Datalink (CPRD) for research.;Quint JK and Moore E and Lewis A and Hashmi M and Sultana K and Wright M and Smeeth L and Chatzidiakou L and Jones R and Beevers S and Kolozali S and Kelly F and Barratt B;29921879;Yes;;2018;6;2017;11;Yes;Yes;10;No;GB;GB;Clinical Practice Research Datalink;GB;7.0
Rivaroxaban Versus Warfarin in African American Patients with Nonvalvular Atrial Fibrillation.;Coleman CI and Thompson S and Ashton V and Palladino M and Bunz TJ;32493618;Yes;;2020;8;2019;12;No;Yes;9;No;US;US;Optum;US;8.0
Assessing Oncologists' Adoption of Biomarker Testing in Metastatic Colorectal Cancer Using Real-World Data.;Iyer P and Deng M and Handorf EA and Nakhoda S and Dotan E;36149298;Yes;;2022;11;2022;4;No;Yes;2;No;US;US;Flatiron Health;US;7.0
Real World Outcomes in Patients With Relapsed/Refractory Diffuse Large B-cell Lymphoma Receiving Palliative Intent Therapies.;Ayers EC and Margolis D and Landsburg DJ;32576502;Yes;;2020;10;2020;4;No;Yes;2;No;US;US;Flatiron Health;US;6.0
Clinical Features Observed in General Practice Associated With the Subsequent Diagnosis of Progressive Supranuclear Palsy.;Kwasny MJ and Oleske DM and Zamudio J and Diegidio R and Höglinger GU;33967937;Yes;;2021;4;2020;12;No;Yes;6;No;GB;DE;Disease Analyzer, IQVIA / Multiple;DE;4.0
Perioperative Mortality Following Bariatric Surgery in Australia.;Davis S and Babidge W and Kiermeier A and Aitken R and Maddern G;29110242;Yes;;2018;5;na;na;No;Yes;4;No;AU;AU;Australian Institute of Health and Welfare;AU;
Effect of Public Deliberation on Patient Attitudes Regarding Consent and Data Use in a Learning Health Care System for Oncology.;Jagsi R and Griffith KA and Jones RD and Krenz C and Gornick M and Spence R and De Vries R and Hawley ST and Zon R and Bolte S and Sadeghi N and Schilsky RL and Bradbury AR;31577472;No (excluded in title and abstract screening);Anonymous survey;2019;12;na;na;No;Yes;;;;;;;
A retrospective analysis of treatment and retention outcomes of pregnant and/or parenting women with opioid use disorder.;Lopian KM and Chebolu E and Kulak JA and Kahn LS and Blondell RD;30577894;Yes;;2019;2;2018;7;No;Yes;5;No;US;US;Not precisely specified;US;7.0
Characterizing posttraumatic stress disorder in primary care using electronic medical records: a retrospective cohort study.;Muthumuni D and Kosowan L and Katz A and Richardson J and Queenan J and Zafari H and Singer A and Williamson T and Zulkernine F and Wolfrom B and Sareen J;35904800;No (excluded in full-paper screening);Abstract only;2022;4;na;na;No;Yes;;;;;;;
Identifying patients with asthma-chronic obstructive pulmonary disease overlap syndrome using latent class analysis of electronic health record data: a study protocol.;Al Sallakh MA and Rodgers SE and Lyons RA and Sheikh A and Davies GA;29925836;No (excluded in full-paper screening);4a (Protocol);2018;6;2017;10;No;Yes;10;No;GB;GB;?;GB;8.0
Association Between Number of Actionable Pharmacogenetic Variants and Length of Hospital Stay.;Finkelstein J and Zhang F and Cabrera M;32604634;Yes;;2020;6;na;na;No;Yes;;No;US;US;eMERGE;US;
A new approach to identifying patients with elevated risk for Fabry disease using a machine learning algorithm.;Jefferies JL and Spencer AK and Lau HA and Nelson MW and Giuliano JD and Zabinski JW and Boussios C and Curhan G and Gliklich RE and Warnock DG;34930374;Yes;;2021;12;2021;7;No;Yes;4;No;US;US;OM1;US;5.0
Systematically Prioritizing Candidates in Genome-Based Drug Repurposing.;Challa AP and Lavieri RR and Lewis JT and Zaleski NM and Shirey-Rice JK and Harris PA and Aronoff DM and Pulley JM;31769998;Yes;;2019;;na;na;No;Yes;;No;US;US;Vanderbilt University Medical Center;US;
A two-site survey of medical center personnel's willingness to share clinical data for research: implications for reproducible health NLP research.;Weng C and Friedman C and Rommel CA and Hurdle JF;30943963;No (excluded in title and abstract screening);No medical research (no new insights with direct relevance to health);2019;4;na;na;No;Yes;;;;;;;
Influence of the residential environment on undergraduate students' health.;Cedeno Laurent JG and Allen JG and McNeely E and Dominici F and Spengler JD;31796873;Yes;;2020;3;2019;4;No;Yes;;No;US;US;Not precisely specified;US;11.0
External control cohorts for the single-arm LIBRETTO-001 trial of selpercatinib in RET+ non-small-cell lung cancer.;Rolfo C and Hess LM and Jen MH and Peterson P and Li X and Liu H and Lai Y and Sugihara T and Kiiskinen U and Vickers A and Summers Y;35930972;Yes;;2022;8;2022;5;Yes;No;2;No;US;GB;Flatiron Health;;3.0
SemEHR: A general-purpose semantic search system to surface semantic data from clinical notes for tailored care, trial recruitment, and clinical research.;Wu H and Toti G and Morley KI and Ibrahim ZM and Folarin A and Jackson R and Kartoglu I and Agrawal A and Stringer C and Gale D and Gorrell G and Roberts A and Broadbent M and Stewart R and Dobson RJB;29361077;No (excluded in title and abstract screening);No medical research (focus on data provision);2018;5;2017;10;No;Yes;;;;;;;7.0
Long-Term Real-World Outcomes of First-Line Pembrolizumab Monotherapy for Metastatic Non-Small Cell Lung Cancer With ≥50% Expression of Programmed Cell Death-Ligand 1.;Velcheti V and Hu X and Yang L and Pietanza MC and Burke T;35402266;Yes;;2022;;2021;12;No;Yes;2;No;US;US;Flatiron Health;US;
Real World Long-term Assessment of The Efficacy of Tocilizumab in Patients with COVID-19: Results From A Large De-identified Multicenter Electronic Health Record Dataset in the United States.;Nigo M and Rasmy L and May SB and Rao A and Karimaghaei S and Kannadath BS and De la Hoz A and Arias CA and Li L and Zhi D;34597766;Yes;;2021;12;2021;5;No;Yes;22;Yes;US;US;Cerner Corporation;US;7.0
COVID-19 severity and outcome in multiple sclerosis: Results of a national, registry-based, matched cohort study.;Pérez CA and Zhang GQ and Li X and Huang Y and Lincoln JA and Samudralwar RD and Gupta RK and Lindsey JW;34418735;Yes;;2021;10;2021;3;No;Yes;6;Yes;US;US;Optum;US;7.0
Assessing the impact of specialist home visiting upon maltreatment in England: a feasibility study of data linkage from a public health trial to routine health and social care data.;Lugg-Widger F and Cannings-John R and Angel L and Moody G and Segrott J and Kenkre J and Robling M;29988307;No (excluded in title and abstract screening);No medical research (focus on anonymization);2018;;2018;2;Yes;Yes;;;;;;;
Generating Real-World Tumor Burden Endpoints from Electronic Health Record Data: Comparison of RECIST, Radiology-Anchored, and Clinician-Anchored Approaches for Abstracting Real-World Progression in Non-Small Cell Lung Cancer.;Griffith SD and Tucker M and Bowser B and Calkins G and Chang CJ and Guardino E and Khozin S and Kraut J and You P and Schrag D and Miksad RA;31140124;Yes;;2019;8;2019;3;No;Yes;2;No;US;US;Flatiron Health;US;5.0
Transporting observational study results to a target population of interest using inverse odds of participation weighting.;Ling AY and Jreich R and Montez-Rath ME and Meng Z and Kapphahn K and Chandross KJ and Desai M;36520950;Yes;;2022;;2021;8;No;Yes;2;No;US;US;Flatiron Health;US;
Chest Pain, Atherosclerotic Cardiovascular Disease Risk, and Cardiology Referral in Primary Care.;Buch V and Ralph H and Salas J and Hauptman PJ and Davis D and Scherrer JF;29756524;Yes;;2018;1;na;na;No;Yes;9;No;US;US;Not precisely specified;US;
Healthcare cost of patients with multiple chronic diseases in Singapore public primary care setting.;Tan SY and Lew KJ and Xie Y and Lee PSS and Koh HL and Ding YY and Lee ES;34877584;Yes;;2021;11;na;na;No;Yes;9;No;SG;SG;National Healthcare Group Polyclinics;SG;
J-CKD-DB: a nationwide multicentre electronic health record-based chronic kidney disease database in Japan.;Nakagawa N and Sofue T and Kanda E and Nagasu H and Matsushita K and Nangaku M and Maruyama S and Wada T and Terada Y and Yamagata K and Narita I and Yanagita M and Sugiyama H and Shigematsu T and Ito T and Tamura K and Isaka Y and Okada H and Tsuruya K and Yokoyama H and Nakashima N and Kataoka H and Ohe K and Okada M and Kashihara N;32355258;Yes;;2020;4;2020;3;No;Yes;14;No;JP;JP;Multiple;JP;1.0
Real-world effectiveness, its predictors and onset of action of cholinesterase inhibitors and memantine in dementia: retrospective health record study.;Vaci N and Koychev I and Kim CH and Kormilitzin A and Liu Q and Lucas C and Dehghan A and Nenadic G and Nevado-Holgado A;32713359;Yes;;2021;5;na;na;No;Yes;5;No;GB;GB;Oxford Health NHS Foundation Trust,  Southern Health NHS Foundation Trust;GB;
Artificial Intelligence for Prognostic Scores in Oncology: a Benchmarking Study.;Loureiro H and Becker T and Bauer-Mehren A and Ahmidi N and Weberpals J;33937744;Yes;;2021;;2020;11;Yes;Yes;2;No;DE;DE;Flatiron Health;US;
Identifying musculoskeletal conditions in electronic medical records: a prevalence and validation study using the Deliver Primary Healthcare Information (DELPHI) database.;Ryan BL and Maddocks HL and McKay S and Petrella R and Terry AL and Stewart M;31053119;Yes;;2019;5;2018;9;No;Yes;13;No;CA;CA;The University of Western Ontario;CA;8.0
Interrogating an ICD-coded electronic health records database to characterize the epidemiology of prosopagnosia.;Pressl C and Jiang CS and Correa da Rosa J and Friedrich M and Vaughan R and Freiwald WA and Tobin JN;33948237;Yes;;2020;6;na;na;No;Yes;18;No;US;US;Multiple;US;
Approach to record linkage of primary care data from Clinical Practice Research Datalink to other health-related patient data: overview and implications.;Padmanabhan S and Carty L and Cameron E and Ghosh RE and Williams R and Strongman H;30219957;No (excluded in title and abstract screening);No medical research (focus on anonymization);2019;1;2018;2;Yes;Yes;;;;;;;11.0
Diagnostic Algorithms to Study Post-Concussion Syndrome Using Electronic Health Records: Validating a Method to Capture an Important Patient Population.;Dennis J and Yengo-Kahn AM and Kirby P and Solomon GS and Cox NJ and Zuckerman SL;30773988;Yes;;2019;7;na;na;No;Yes;5;No;US;US;Vanderbilt University Medical Center;US;
Factors Associated with Thoughts of Self-Harm or Suicide among Aboriginal and Torres Strait Islander People Presenting to Urban Primary Care: An Analysis of De-Identified Clinical Data.;Pandeya NA and Schluter PJ and Spurling GK and Tyson C and Hayman NE and Askew DA;35010413;Yes;;2021;12;2021;11;No;Yes;5;No;AU;AU;Southern Queensland Centre of Excellence in Aboriginal and Torres Strait Islander Primary Health Care;AU;1.0
Measuring text similarity and its associated factors in electronic nursing progress notes: A retrospective review.;Shala DR and Sheppard-Law S;35581712;No (excluded before screening);Outside the search period;2023;6;2021;12;No;Yes;;;;;;;18.0
Variation in Documenting Diagnosable Chronic Kidney Disease in General Medical Practice: Implications for Quality Improvement and Research.;Kitsos A and Peterson GM and Jose MD and Khanam MA and Castelino RL and Radford JC;30879383;Yes;;2019;1;na;na;No;Yes;14;No;AU;AU;NPS MedicineWise;AU;
Validation of data submitted by the treating surgeon in the Victorian Audit of Surgical Mortality.;Hansen D and Hansen E and Retegan C and Morphet J and Beiles CB;30497110;Yes;;2019;1;2018;9;No;Yes;;No;AU;AU;Victorian Audit of Surgical Mortality;AU;4.0
Machine Learning and Feature Selection Applied to SEER Data to Reliably Assess Thyroid Cancer Prognosis.;Mourad M and Moubayed S and Dezube A and Mourad Y and Park K and Torreblanca-Zanca A and Torrecilla JS and Cancilla JC and Wang J;32198433;Yes;;2020;3;2019;3;No;Yes;2;No;US;US;National Cancer Institute;US;12.0
Prenatal, Obstetric and Perinatal Factors Associated With the Development of Childhood-Onset Type 2 Diabetes.;Halipchuk J and Temple B and Dart A and Martin D and Sellers EAC;28583472;Yes;;2018;2;2017;1;No;Yes;4;No;CA;CA;Manitoba Centre for Health Policy;CA;13.0
Improving the phenotype risk score as a scalable approach to identifying patients with Mendelian disease.;Bastarache L and Hughey JJ and Goldstein JA and Bastraache JA and Das S and Zaki NC and Zeng C and Tang LA and Roden DM and Denny JC;31609419;Yes;;2019;12;2019;3;No;Yes;;No;US;US;Vanderbilt University Medical Center;US;9.0
Understanding Flares in Patients With Generalized Pustular Psoriasis Documented in US Electronic Health Records.;Zema CL and Valdecantos WC and Weiss J and Krebs B and Menter AM;35947363;Yes;;2022;10;na;na;No;Yes;12;No;US;US;Optum;US;
Early risk assessment for COVID-19 patients from emergency department data using machine learning.;Heldt FS and Vizcaychipi MP and Peacock S and Cinelli M and McLachlan L and Andreotti F and Jovanović S and Dürichen R and Lipunova N and Fletcher RA and Hancock A and McCarthy A and Pointon RA and Brown A and Eaton J and Liddi R and Mackillop L and Tarassenko L and Khan RT;33603086;Yes;;2021;2;2020;6;No;Yes;22;Yes;GB;GB;Chelsea and Westminster NHS Foundation Trust;GB;8.0
Validation analysis of a composite real-world mortality endpoint for patients with cancer in the United States.;Zhang Q and Gossai A and Monroe S and Nussbaum NC and Parrinello CM;33998685;Yes;;2021;12;2020;9;No;Yes;5;No;US;US;Flatiron Health;US;15.0
'Real time' monitoring of antipsychotic prescribing in patients with dementia: a study using the Clinical Record Interactive Search (CRIS) platform to enhance safer prescribing.;Colling C and Mueller C and Perera G and Funnell N and Sauer J and Harwood D and Stewart R and Bishara D;32229485;Yes;;2020;3;2019;7;No;Yes;5;No;GB;GB;South London and Maudsley NHS Foundation Trust;GB;8.0
Treatment patterns and outcomes for patients with advanced melanoma in US oncology clinical practices.;Whitman ED and Liu FX and Cao X and Diede SJ and Haiderali A and Abernethy AP;30251550;Yes;;2019;2;na;na;No;Yes;2;No;US;US;Flatiron Health;US;
Achieving quality primary care data: a description of the Canadian Primary Care Sentinel Surveillance Network data capture, extraction, and processing in Alberta.;Garies S and Cummings M and Forst B and McBrien K and Soos B and Taylor M and Drummond N and Manca D and Duerksen K and Quan H and Williamson T;34095540;No (excluded in title and abstract screening);No medical research (no new insights with direct relevance to health);2019;7;na;na;No;Yes;;;;;;;
A cloud-based bioinformatic analytic infrastructure and Data Management Core for the Expanded Program on Immunization Consortium.;Vignolo SM and Diray-Arce J and McEnaney K and Rao S and Shannon CP and Idoko OT and Cole F and Darboe A and Cessay F and Ben-Othman R and Tebbutt SJ and Kampmann B and Levy O and Ozonoff A;33948273;No (excluded in title and abstract screening);No medical research (no new insights with direct relevance to health);2020;9;na;na;No;Yes;;;;;;;
Frequency and phenotype consequence of APOC3 rare variants in patients with very low triglyceride levels.;Crawford DC and Restrepo NA and Diggins KE and Farber-Eger E and Wells QS;30255797;Yes;;2018;9;na;na;No;Yes;9;No;US;US;Vanderbilt University Medical Center;US;
United Kingdom Diabetic Retinopathy Electronic Medical Record (UK DR EMR) Users Group: report 4, real-world data on the impact of deprivation on the presentation of diabetic eye disease at hospital services.;Denniston AK and Lee AY and Lee CS and Crabb DP and Bailey C and Lip PL and Taylor P and Pikoula M and Cook E and Akerele T and Antcliff R and Brand C and Chakravarthy U and Chavan R and Dhingra N and Downey L and Eleftheriadis H and Ghanchi F and Khan R and Kumar V and Lobo A and Lotery A and Menon G and Mukherjee R and Palmer H and Patra S and Paul B and Sim DA and Talks JS and Wilkinson E and Tufail A and Egan CA;30269098;Yes;;2019;6;2018;5;No;Yes;4;No;GB;GB;Multiple;GB;13.0
Disparities in Tumor Mutational Burden, Immunotherapy Use, and Outcomes Based on Genomic Ancestry in Non-Small-Cell Lung Cancer.;Brawley OW and Luhn P and Reese-White D and Ogbu UC and Madhavan S and Wilson G and Cox M and Ewing A and Hammer C and Richie N;34752134;Yes;;2021;9;na;na;No;Yes;2;No;US;US;Flatiron Health;US;
Using a community-engaged health informatics approach to develop a web analytics research platform for sharing data with community stakeholders.;Wang KH and Marenco L and Madera JE and Aminawung JA and Wang EA and Cheung KH;29854242;No (excluded before screening);Outside the search period;2017;;na;na;Yes;Yes;;;;;;;
The development an artificial intelligence algorithm for early sepsis diagnosis in the intensive care unit.;Yuan KC and Tsai LW and Lee KH and Cheng YW and Hsu SC and Lo YS and Chen RJ;32485555;Yes;;2020;9;2020;1;No;Yes;1;No;TW;TW;Taipei Medical University Hospital;TW;8.0
Inequalities in coverage of COVID-19 vaccination: A population register based cross-sectional study in Wales, UK.;Perry M and Akbari A and Cottrell S and Gravenor MB and Roberts R and Lyons RA and Bedston S and Torabi F and Griffiths L;34544601;Yes;;2021;10;2021;5;No;Yes;22;Yes;GB;GB;SAIL Databank;GB;5.0
EMR Coding with Semi-Parametric Multi-Head Matching Networks.;Rios A and Kavuluru R;30148288;No (excluded in title and abstract screening);No medical research (no new insights with direct relevance to health);2018;6;na;na;No;Yes;;;;;;;
Impact of an ambulatory care pharmacist on provider relative value units in a rural clinic.;DeRemer CE and Perez NA and Middleton K and Konopack J and Dietrich E;35478518;Yes;;2022;3;2021;11;No;Yes;;No;US;US;Not precisely specified;US;4.0
Guideline-concordant-phenotyping: Identifying patient indications for implantable cardioverter defibrillators from electronic health records.;Manrodt C and Curtis AB and Soderlund D and Fonarow GC;32298971;Yes;;2020;6;2020;1;No;Yes;9;No;US;US;Optum;US;5.0
Increased Readmission Rates in Younger Male Patients Due to Suicidal Risk in Newly Diagnosed Depressive Disorders After Initiation of Serotonin Reuptake Inhibitors.;Pagan Colon IE and Kroin J and Kaushal S and Khan S and Alvarez Villalba CL;36589188;Yes;;2022;11;na;na;No;Yes;5;No;US;US;East Florida Division of Hospital Corporation of America ;US;
Ranking Methodology to Evaluate the Severity of a Quality Gap Using a National EHR Database.;Sivasankar S and Cheng AL and Hoffman M;34457172;Yes;;2021;;na;na;No;Yes;3;No;US;US;Cerner Corporation;US;
Phenotypic Profiling in Subjects Heterozygous for 1 of 2 Rare Variants in the Hypophosphatasia Gene (ALPL).;Tilden DR and Sheehan JH and Newman JH and Meiler J and Capra JA and Ramirez A and Simmons J and Dahir K;32803091;Yes;;2020;8;2020;5;No;Yes;4;No;US;US;Vanderbilt University Medical Center;US;3.0
Novel methodology to discern predictors of remission and patterns of disease activity over time using rheumatoid arthritis clinical trials data.;;30487994;Yes;;2018;na;2018;5;Yes;No;13;No;GB;GB;Multiple;GB;
Irritable bowel syndrome is strongly associated with the primary and idiopathic mast cell disorders.;Kurin M and Elangovan A and Alikhan MM and Al Dulaijan B and Silver E and Kaelber DC and Cooper G;34535952;Yes;;2022;5;2021;3;No;Yes;11;No;US;US;IBM;US;14.0
Provider specialty and odds of a new codeine, hydrocodone, oxycodone and tramadol prescription before and after the CDC opioid prescribing guideline publication.;Tucker J and Salas J and Zhang Z and Grucza R and Scherrer JF;33636196;No (not retrieved);Not retrieved;2021;5;2020;9;No;Yes;;;;;;;8.0
Comparing Surgical Site Occurrences in 1 versus 2-stage Breast Reconstruction via Federated EMR Network.;Singh D and Slavin BR and Holton T;33564597;Yes;;2021;1;2020;10;No;Yes;21;No;US;US;TriNetX;US;3.0
ORBDA: An openEHR benchmark dataset for performance assessment of electronic health record servers.;Teodoro D and Sundvall E and João Junior M and Ruch P and Miranda Freire S;29293556;No (excluded in title and abstract screening);No medical research (focus on data provision);2018;;2017;4;No;Yes;;;;;;;
Knowing our patients: a cross-sectional study of adult patients attending an urban Aboriginal and Torres Strait Islander primary healthcare service.;Askew DA and Jennings WJ and Hayman NE and Schluter PJ and Spurling GK;30566850;No (not retrieved);Not retrieved;2019;11;2018;6;No;Yes;;;;;;;17.0
Word embeddings trained on published case reports are lightweight, effective for clinical tasks, and free of protected health information.;Flamholz ZN and Crane-Droesch A and Ungar LH and Weissman GE;34920127;No (excluded in title and abstract screening);No tabular data;2022;1;2021;6;No;Yes;;;;;;;7.0
Examining the potential benefits of the influenza vaccine against SARS-CoV-2: A retrospective cohort analysis of 74,754 patients.;Taghioff SM and Slavin BR and Holton T and Singh D;34343191;Yes;;2021;8;2021;4;No;Yes;22;Yes;US;US;TriNetX;US, GB, IT, DE, IL, SG;4.0
Opioid Prescribing Rates in Nonmetropolitan and Metropolitan Counties Among Primary Care Providers Using an Electronic Health Record System - United States, 2014-2017.;García MC and Heilig CM and Lee SH and Faul M and Guy G and Iademarco MF and Hempstead K and Raymond D and Gray J;30653483;Yes;;2019;1;na;na;No;Yes;;No;US;US;Athenahealth;US;
Incidence of infantile Pompe disease in the Maroon population of French Guiana.;Elenga N and Verloes A and Mrsic Y and Basurko C and Schaub R and Cuadro-Alvarez E and Kom-Tchameni R and Carles G and Lambert V and Boukhari R and Fahrasmane A and Jolivet A and Nacher M and Benoist JF;29637184;Yes;;2018;na;2017;7;Yes;No;4;No;GF;FR;Multiple;GF;
Estimating causal log-odds ratio using the case-control sample and its application in the pharmaco-epidemiology study.;Zhu A and Zeng D and Zhang P and Li L;29355073;Yes;;2019;7;na;na;Yes;Yes;;No;US;US;Indiana Network for Patient Care;US;
Defining clinical subtypes of adult asthma using electronic health records: Analysis of a large UK primary care database with external validation.;Horne EMF and McLean S and Alsallakh MA and Davies GA and Price DB and Sheikh A and Tsanas A;36529028;No (excluded before screening);Outside the search period;2023;2;2022;4;Yes;Yes;10;No;GB;GB;SAIL Databank, Optimum Patient Care;GB;10.0
Impact of communication modality on caregiver ratings for deaf and hard of hearing children.;Fisher EL and Thibodaux LK and Previ D and Reesman J;34024209;Yes;;2022;10;na;na;No;Yes;8;No;US;US;Not precisely specified;US;
The correlations among racial/ethnic groups, hypertriglyceridemia, thrombosis, and mortality in hospitalized patients with COVID-19.;Rodriguez M and Dai W and Lund H and Osinski K and Zhang Z and Silverstein R and Zheng Z;36494155;Yes;;2022;9;2022;7;No;Yes;22;Yes;US;US;Not precisely specified;US;2.0
At-home ECG monitoring with a real-time outpatient cardiac telemetry system during the COVID-19 pandemic.;Jaramillo N and Malkov D and Nikakis J and Arora US and Cohen TJ;35946871;Yes;;2022;10;2022;1;No;Yes;9;Yes;US;US;Long Island Heart Rhythm Center;US;9.0
Morbidity and mortality with early pulmonary haemorrhage in preterm neonates.;Ahmad KA and Bennett MM and Ahmad SF and Clark RH and Tolia VN;29374627;Yes;;2019;1;2017;9;No;Yes;16;No;US;US;Pediatrix Medical Group;US;16.0
Emergency Department Drug Surveillance (EDDS) hospital's urinalysis results compared with expanded re-testing by an independent laboratory, a pilot study.;Schwartz BE and Dezman Z and Billing AS and Heine K and Massey E and Artigiani EE and Motavalli M and Burch G and Gandhi P and Wish ED;34871979;No (not retrieved);Not retrieved;2022;1;2021;8;No;Yes;;;;;;;5.0
Outcomes for continuous subcutaneous insulin infusion users in young adults from lower socioeconomic backgrounds.;McKee AM and Albert SG and Al-Hammadi N and Hinyard LJ;34277976;Yes;;2021;7;2020;12;No;Yes;4;No;US;US;Optum;US;7.0
Surgical Removal of Bone Bridge and Interposition of the Extensor Digitorum Brevis in the Treatment of Calcaneonavicular Coalition in Pediatric Patients: A Case Series, Short Review, and Commentary.;Angelis S and Myrgiotis D and Apostolopoulos AP and Mandragos E and Statyris NC and Filippou DK and Michelarakis JΝ;36017925;No (excluded in full-paper screening);No access;2022;;na;na;No;Yes;;;;;;;
Modulation of Medical Condition Likelihood by Patient History Similarity.;Turner J and O'Sullivan D and Bird J;32570400;No (excluded in title and abstract screening);No medical research (no new insights with direct relevance to health);2020;6;na;na;No;Yes;;;;;;;
Using electronic health records to characterize prescription patterns: focus on antidepressants in nonpsychiatric outpatient settings.;Deferio JJ and Levin TT and Cukor J and Banerjee S and Abdulrahman R and Sheth A and Mehta N and Pathak J;30474077;Yes;;2018;10;2018;4;No;Yes;5;No;US;US;Not precisely specified;US;6.0
Characterization of a Real-World Response Variable and Comparison with RECIST-Based Response Rates from Clinical Trials in Advanced NSCLC.;Ma X and Bellomo L and Magee K and Bennette CS and Tymejczyk O and Samant M and Tucker M and Nussbaum N and Bowser BE and Kraut JS and Bourla AB;33674928;Yes;;2021;4;2020;12;No;Yes;2;No;US;US;Flatiron Health;US;4.0
Adverse events among chronic myelogenous leukemia patients treated with tyrosine kinase inhibitors: a real-world analysis of health plan enrollees.;Chow EJ and Doody DR and Wilkes JJ and Becker LK and Chennupati S and Morin PE and Winestone LE and Henk HJ and Lyman GH;33283555;Yes;;2021;5;na;na;No;Yes;2;No;US;US;Optum;US;
Contraceptive exposure associates with urinary tract infection risk in a cohort of reproductive-age women: a case control study.;Lo C and Abraham A and Bejan CA and Reasoner SA and Davidson M and Lipworth L and Aronoff DM;36537554;No (excluded before screening);Outside the search period;2023;2;na;na;No;Yes;14;No;US;US;Vanderbilt University Medical Center;US;
The Use of Clozapine in the Serious Mental Illness Patients Enrolled in an Assertive Community Treatment Program.;Yee MR and Espiridon E and Oladunjoye AO and Millsaps U and Harvey N and Vora AH;34188983;Yes;;2021;5;na;na;No;Yes;5;No;US;US;Not precisely specified;US;
Targeted Program in an Academic Rheumatology Practice to Improve Compliance With Opioid Prescribing Guidelines for the Treatment of Chronic Pain.;Wang EJ and Helgesen R and Johr CR and Lacko HS and Ashburn MA and Merkel PA;32558375;No (excluded in full-paper screening);4a (no patient data);2021;10;2020;1;No;Yes;13;No;US;US;;?;21.0
Enhancing ontology-driven diagnostic reasoning with a symptom-dependency-aware Naïve Bayes classifier.;Shen Y and Li Y and Zheng HT and Tang B and Yang M;31196129;No (excluded in title and abstract screening);No tabular data;2019;6;2018;8;No;Yes;;;;;;;10.0
Assessment of obesity prevalence and validity of obesity diagnoses coded in claims data for selected surgical populations: A retrospective, observational study.;Ammann EM and Kalsekar I and Yoo A and Scamuffa R and Hsiao CW and Stokes AC and Morton JM and Johnston SS;31335698;Yes;;2019;7;na;na;No;Yes;4;No;US;US;Optum;US;
Indirect impact of violent events on emergency department utilization and disease patterns.;Makhlouf-Obermeyer C and Sharara E and El-Eid G and Hitti EA;32054436;Yes;;2020;2;2019;6;No;Yes;;No;LB;LB;American University of Beirut Medical Center;LB;8.0
Efficient learning from big data for cancer risk modeling: A case study with melanoma.;Richter AN and Khoshgoftaar TM;31112896;Yes;;2019;7;2019;3;No;Yes;2;No;US;US;Modernizing Medicine;US;4.0
Machine learning for suicide risk prediction in children and adolescents with electronic health records.;Su C and Aseltine R and Doshi R and Chen K and Rogers SC and Wang F;33243979;Yes;;2020;11;2020;6;No;Yes;5;No;US;US;Connecticut Children’s Medical Center;US;5.0
The Use of Long-Acting Injectable Antipsychotics (LAI) in the Serious Mental Illness (SMI) Patients Enrolled in an Assertive Community Treatment (ACT) Program.;Yee MR and Espiridon E and Oladunjoye AO and Millsaps U and Vora A and Harvey N;34007745;Yes;;2021;4;na;na;No;Yes;5;No;US;US;Not precisely specified;US;
Relation Classification for Bleeding Events From Electronic Health Records Using Deep Learning Systems: An Empirical Study.;Mitra A and Rawat BPS and McManus DD and Yu H;34255697;No (excluded in title and abstract screening);No tabular data;2021;7;2021;1;Yes;Yes;;;;;;;6.0
Exploring racial disparities in treatment patterns and outcomes for patients with multiple myeloma using real world data.;Maignan K and Fashoyin-Aje LA and Torres AZ and Fernandes LL and Gwise T and Baxi SB and Roose JP and Rivera DR and Shen YL and Kluetz PG and Gormley NJ;35440047;Yes;;2022;4;2022;1;No;Yes;2;No;US;US;Flatiron Health;US;3.0
Effects of patients' hospital discharge preferences on uptake of clinical decision support.;Cox JC and Leeds IL and Sadiraj V and Schnier KE and Sweeney JF;33684144;Yes;;2021;3;2020;8;No;Yes;;No;US;US;Not precisely specified;US;7.0
Swedish Quality Registry for Caries and Periodontal Diseases - a framework for quality development in dentistry.;von Bültzingslöwen I and Östholm H and Gahnberg L and Ericson D and Wennström JL and Paulander J;31001827;No (excluded in title and abstract screening);No medical research (focus on data provision);2019;10;na;na;Yes;No;;;;;;;
Poor compliance with an antibiotic directive-A call for intensified monitoring.;Novak F and Hørlück JT and Redder JD and Denton PW and Storgaard M;33465487;Yes;;2021;3;2020;11;No;Yes;10;No;DK;DK;Multiple;DK;4.0
Effectiveness of viable cryopreserved placental membranes for management of diabetic foot ulcers in a real world setting.;Raspovic KM and Wukich DK and Naiman DQ and Lavery LA and Kirsner RS and Kim PJ and Steinberg JS and Attinger CE and Danilkovitch A;29683538;Yes;;2018;3;2018;1;No;Yes;4;No;US;US;Multiple;US;2.0
Validity of algorithms for identifying five chronic conditions in MedicineInsight, an Australian national general practice database.;Havard A and Manski-Nankervis JA and Thistlethwaite J and Daniels B and Myton R and Tu K and Chidwick K;34090424;Yes;;2021;6;2020;12;No;Yes;;No;AU;AU;NPS MedicineWise;AU;6.0
Ethnic differences in the prevalence of frailty in the United Kingdom assessed using the electronic Frailty Index.;Pradhananga S and Regmi K and Razzaq N and Ettefaghian A and Dey AB and Hewson D;31942531;Yes;;2019;9;2019;4;No;Yes;18;No;GB;GB;AT Medics;GB;5.0
HealtheDataLab - a cloud computing solution for data science and advanced analytics in healthcare with application to predicting multi-center pediatric readmissions.;Ehwerhemuepha L and Gasperino G and Bischoff N and Taraman S and Chang A and Feaster W;32560653;No (excluded in title and abstract screening);No medical research (no new insights with direct relevance to health);2020;6;2019;5;No;Yes;;;;;;;13.0
Risk factors for having diabetic retinopathy at first screening in persons with type 1 diabetes diagnosed under 18 years of age.;Rafferty J and Owens DR and Luzio SD and Watts P and Akbari A and Thomas RL;33262478;Yes;;2021;10;2020;2;No;Yes;4;No;GB;GB;SAIL Databank;GB;20.0
Monitoring Rates of Malnutrition Risk in Outpatient Cancer Centers Utilizing the Malnutrition Screening Tool Embedded into the Electronic Health Record.;Trujillo EB and Shapiro AC and Stephens N and Johnson SJ and Mills JB and Zimmerman AR and Spees CK;33309592;Yes;;2021;5;2020;6;No;Yes;4;No;US;US;Multiple;US;11.0
Factors driving frequent attendance at emergency departments for patients with head and neck cancer.;Tan AL and Iyer NG and Putri N and Nadkarni N and Skanthakumar T and Wong TH and Tay GCA;31423688;Yes;;2019;11;2018;12;No;Yes;2;No;SG;SG;National Cancer Centre;SG;11.0
MODELHealth: Facilitating Machine Learning on Big Health Data Networks.;Pitoglou S and Anastasiou A and Androutsou T and Giannouli D and Kostalas E and Matsopoulos G and Koutsouris D;31946332;No (excluded in title and abstract screening);No real-world application (findings not based on real-world data);2019;7;na;na;No;Yes;;;;;;;
Naloxone reversal of clonidine toxicity: dose, dose, dose.;Seger DL and Loden JK;29544366;Yes;;2018;10;na;na;No;Yes;;No;US;US;Vanderbilt University Medical Center;US;
Analysis of Emergency Department Utilization in Medicaid Expansion and Non-expansion States.;Lall A and Devereaux R and Flynn M and Vandever C and Tomsky-Jackson K;34765344;Yes;;2021;10;na;na;No;Yes;;No;US;US;Hospital Corporation of America (HCA) / Multiple;US;
Linking 'data silos' to investigate anaemia among Aboriginal and Torres Strait Islander mothers and children in Far North Queensland.;Leonard D and Buettner P and Thompson F and Makrides M and McDermott R;30151954;No (excluded in title and abstract screening);No medical research (focus on data provision);2018;10;2018;1;No;Yes;;;;;;;9.0
"Hacking HIPAA: ""Best Practices"" for Avoiding Oversight in the Sale of Your Identifiable Medical Information.";Omar RA;33449456;No (excluded in title and abstract screening);No medical research (focus on anonymization);2020;;na;na;No;Yes;;;;;;;
Assessing the National Prevalence of HIV Screening in the United States using Electronic Health Record Data.;Niforatos JD and Wanta JW and Durbak E and Cavendish J and Yax JA;31501734;Yes;;2019;6;na;na;No;Yes;1;No;US;US;IBM;US;
Prolonged PR interval and incidence of atrial fibrillation, heart failure admissions, and mortality in patients with implanted cardiac devices: A real-world survey.;Yarmohammadi H and Wan EY and Biviano A and Garan H and Koehler JL and Stadler RW;36993911;No (excluded before screening);Outside the search period;2023;3;na;na;No;Yes;9;No;US;US;Optum, Medtronic;US;
Protocol for the development of a repository of individual participant data from randomised controlled trials conducted in adult care homes (the Virtual International Care Homes Trials Archive (VICHTA)).;Irvine L and Burton JK and Ali M and Quinn TJ and Goodman C;33622396;No (excluded in title and abstract screening);No real-world application (findings not based on real-world data);2021;2;2020;8;Yes;No;;;;;;;6.0
Machine learning to parse breast pathology reports in Chinese.;Tang R and Ouyang L and Li C and He Y and Griffin M and Taghian A and Smith B and Yala A and Barzilay R and Hughes K;29380208;No (excluded in title and abstract screening);No tabular data;2018;6;na;na;No;Yes;;;;;;;
Castor oil as a natural alternative to labor induction: A retrospective descriptive study.;DeMaria AL and Sundstrom B and Moxley GE and Banks K and Bishop A and Rathbun L;28838804;Yes;;2018;4;2016;11;No;Yes;15;No;US;US;Not precisely specified;US;17.0
Identifying children with Cystic Fibrosis in population-scale routinely collected data in Wales: A Retrospective Review.;Griffiths R and Schlüter DK and Akbari A and Cosgriff R and Tucker D and Taylor-Robinson D;33644411;Yes;;2020;8;na;na;No;Yes;4;No;GB;GB;SAIL Databank;GB;
Prevalence and patterns of gestational parent's own milk feeds among infants with major congenital surgical anomalies in the NICU.;Demirci JR and Davis J and Glasser M and Brozanski B;34331003;Yes;;2021;12;2020;8;No;Yes;16;No;US;US;Multiple;US;16.0
Phenome-wide association study identifies marked increased in burden of comorbidities in African Americans with systemic lupus erythematosus.;Barnado A and Carroll RJ and Casey C and Wheless L and Denny JC and Crofford LJ;29636090;Yes;;2018;4;2018;1;No;Yes;13;No;US;US;Vanderbilt University Medical Center;US;3.0
Real-world Evidence of Diagnostic Testing and Treatment Patterns in US Patients With Breast Cancer With Implications for Treatment Biomarkers From RNA Sequencing Data.;Fernandes LE and Epstein CG and Bobe AM and Bell JSK and Stumpe MC and Salazar ME and Salahudeen AA and Pe Benito RA and McCarter C and Leibowitz BD and Kase M and Igartua C and Huether R and Hafez A and Beaubier N and Axelson MD and Pegram MD and Sammons SL and O'Shaughnessy JA and Palmer GA;33446413;No (not retrieved);Not retrieved;2021;8;2020;8;No;Yes;;;;;;;12.0
Identifying vulnerable populations at a university during the COVID-19 pandemic.;Tanabe KO and Hayden ME and Zunder B and Holstege CP;33577412;No (excluded before screening);Outside the search period;2023;1;na;na;No;Yes;22;Yes;US;US;Not precisely specified;US;
Diagnoses during the First Three Years of Life for Children with Prenatal Opioid Exposure and Neonatal Abstinence Syndrome Using a Large Maternal Infant Data Hub.;Arter S and Lambert J and Brokman A and Fall N;33743318;Yes;;2021;11;2020;11;No;Yes;16;No;US;US;Maternal and Infant Data Hub;US;12.0
Willingness to Participate in a National Precision Medicine Cohort: Attitudes of Chronic Kidney Disease Patients at a Cleveland Public Hospital.;Cooke Bailey JN and Crawford DC and Goldenberg A and Slaven A and Pencak J and Schachere M and Bush WS and Sedor JR and O'Toole JF;29949895;No (excluded in title and abstract screening);No medical research (focus on data provision);2018;6;2018;4;No;Yes;;;;;;;2.0
Health-related welfare prioritisation of canine disorders using electronic health records in primary care practice in the UK.;Summers JF and O'Neill DG and Church D and Collins L and Sargan D and Brodbelt DC;31118035;No (excluded in title and abstract screening);No real-world application (findings not based on real-world data);2019;5;2018;10;No;Yes;;;;;;;7.0
Supporting general practice to make timely decisions for better health care: a population health approach.;Davies D;29898816;No (excluded in title and abstract screening);No medical research (no new insights with direct relevance to health);2018;11;2017;11;No;Yes;;;;;;;12.0
Data Integration Innovations to Enhance Analytic Utility of Clinical Trial Content to Inform Health Disparities Research.;Cohen SB and Unangst J;30254982;No (excluded in title and abstract screening);No medical research (focus on data provision);2018;;2018;4;Yes;Yes;;;;;;;
Suitability of administrative claims databases for bariatric surgery research - is the glass half-full or half-empty?;Li X and Lewis KH and Callaway K and Wharam JF and Toh S;32894060;Yes;;2020;9;2020;4;No;Yes;4;No;US;US;Optum;US;5.0
Local genetic ancestry in CDKN2B-AS1 is associated with primary open-angle glaucoma in an African American cohort extracted from de-identified electronic health records.;Restrepo NA and Laper SM and Farber-Eger E and Crawford DC;30255811;Yes;;2018;9;na;na;No;Yes;7;No;US;US;Vanderbilt University Medical Center;US;
Validating the UK prospective diabetes study outcome model 2 using data of 94,946 Israeli patients with type 2 diabetes.;Zhuo X and Melzer Cohen C and Chen J and Chodick G and Alsumali A and Cook J;34799250;Yes;;2022;1;2021;9;No;Yes;4;No;US;US;Maccabi Healthcare Services;IL;4.0
Factors Influencing the Frequency of Airway Infections in Underage Refugees: A Retrospective, Cross Sectional Study.;Müller F and Hummers E and Hillermann N and Dopfer C and Jablonka A and Friede T and Simmenroth A and Wetzke M;32962038;Yes;;2020;9;2020;8;No;Yes;10;Yes;DE;DE;Multiple;DE;1.0
Trends in Homeless Children and Young Adults Seeking Shelter in a Boston Pediatric Emergency Department Following State Housing Policy Changes, 2011-2016.;Kanak M and Stewart A and Vinci R and Liu S and Sandel M;29927643;Yes;;2018;8;na;na;No;Yes;;No;US;US;Boston Children's Hospital;US;
Predicting response to topical non-steroidal anti-inflammatory drugs in osteoarthritis: an individual patient data meta-analysis of randomized controlled trials.;Persson MSM and Stocks J and Varadi G and Hashempur MH and van Middelkoop M and Bierma-Zeinstra S and Walsh DA and Doherty M and Zhang W;32276272;Yes;;2020;9;2019;8;Yes;Yes;13;No;GB;GB;Multiple;GB;13.0
F1099L-CFTR (c.3297C>G) has Impaired Channel Function and Associates with Mild Disease Phenotypes in Two Pediatric Patients.;Zhang X and Hothi JS and Zhang YH and Ren A and Rock MJ and Srinivasan S and Stokes DC and Naren AP and Zhang W;33567498;Yes;;2021;2;2020;12;No;Yes;4;No;US;US;LeBonheur Children's Hospital;US;2.0
Prior diagnoses and medications as risk factors for COVID-19 in a Los Angeles Health System.;Chang TS and Ding Y and Freund MK and Johnson R and Schwarz T and Yabu JM and Hazlett C and Chiang JN and Wulf A and Geschwind DH and Butte MJ and Pasaniuc B;32637977;No (excluded before screening);preprint;2020;7;na;na;No;Yes;;;;;;;
One-Year Historical Cohort Study of the Phosphate Binder Sucroferric Oxyhydroxide in Patients on Maintenance Hemodialysis.;Kendrick J and Parameswaran V and Ficociello LH and Ofsthun NJ and Davis S and Mullon C and Kossmann RJ and Kalantar-Zadeh K;30679076;Yes;;2019;9;2018;7;No;Yes;4;No;US;US;Fresenius;US;14.0
Real-world persistence with liraglutide 3.0 mg for weight management and the SaxendaCare® patient support program.;Wharton S and Haase CL and Kamran E and Liu A and Mancini J and Neish D and Pakseresht A and Power GS and Christensen RA;32874673;Yes;;2020;8;2019;12;No;Yes;4;No;CA;CA;Wharton Medical Clinic;CA;8.0
Adolescent Nocturnal Fears: a psychometric evaluation of the fear of sleep inventory (FoSI).;Hall Brown TS and Garcia E and Akeeb A and Lynch-Jiles AC and White D and Young M;29757000;Yes;;2019;11;na;na;No;Yes;5;No;US;US;Multiple;US;
Patient Access to an Online Portal for Outpatient Radiological Images and Reports: Two Years' Experience.;Cristofaro M and Piselli P and Pianura E and Petrone A and Cimaglia C and Di Stefano F and Albarello F and Schininà V;32519254;No (excluded in title and abstract screening);No tabular data;2020;12;na;na;No;Yes;;;;;;;
Artificial Intelligence Algorithms and Natural Language Processing for the Recognition of Syncope Patients on Emergency Department Medical Records.;Dipaola F and Gatti M and Pacetti V and Bottaccioli AG and Shiffer D and Minonzio M and Menè R and Giaj Levra A and Solbiati M and Costantino G and Anastasio M and Sini E and Barbic F and Brunetta E and Furlan R;31614982;No (excluded in title and abstract screening);No tabular data;2019;10;2019;9;No;Yes;;;;;;;1.0
A Simulation Paradigm for Evaluation of Subtle Liver Lesions at Pediatric CT: Performance and Confidence.;Ngo JS and Solomon JB and Samei E and Richards T and Ngo L and Erkanli A and Zhang B and Allen BC and Davis JT and Devalapalli A and Groller R and Marin D and Maxfield CM and Pamarthi V and Patel BN and Schooler GR and Frush DP;33778672;No (excluded in title and abstract screening);No tabular data;2019;9;2019;5;No;Yes;;;;;;;4.0
Phenome-Wide Association Studies Uncover a Novel Association of Increased Atrial Fibrillation in Male Patients With Systemic Lupus Erythematosus.;Barnado A and Carroll RJ and Casey C and Wheless L and Denny JC and Crofford LJ;29481723;Yes;;2018;11;2017;7;No;Yes;13;No;US;US;Vanderbilt University Medical Center;US;16.0
Identifying the Risk of Sepsis in Patients With Cancer Using Digital Health Care Records: Machine Learning-Based Approach.;Yang D and Kim J and Yoo J and Cha WC and Paik H;35704364;Yes;;2022;6;2022;3;No;Yes;1;No;KR;KR;Samsung Medical Center;KR;3.0
A Bioimpedance-Based Device to Assess the Volume Conduction Properties of the Tongue in Neurological Disorders Affecting Bulbar function.;Luo X and Victoria Gutierrez Pulido H and Rutkove S and Sanchez B;35402988;No (excluded in title and abstract screening);No medical research (no new insights with direct relevance to health);2021;;2021;6;No;Yes;;;;;;;
Real-World Treatment Patterns and Outcomes Among Multiple Myeloma Patients with Asthma and COPD in the United States.;Rice MS and Naeger S and Singh E;33728584;Yes;;2021;6;2021;1;No;Yes;2;No;US;US;Optum;US;5.0
Using topic modelling for unsupervised annotation of electronic health records to identify an outbreak of disease in UK dogs.;Noble PM and Appleton C and Radford AD and Nenadic G;34882714;No (excluded in title and abstract screening);No medical research (no new insights with direct relevance to health);2021;;2021;1;No;Yes;;;;;;;
Rivaroxaban Versus Warfarin for Management of Obese African Americans With Non-Valvular Atrial Fibrillation or Venous Thromboembolism: A Retrospective Cohort Analysis.;Costa OS and Beyer-Westendorf J and Ashton V and Milentijevic D and Moore KT and Bunz TJ and Coleman CI;33085526;Yes;;2020;1;na;na;No;Yes;9;No;US;US;Optum;US;
The Research Data Centre of the German Federal Employment Agency at the Institute for Employment Research (RDC-IAB) - Linked Microdata for Labour Market Research.;Antoni M and Schmucker A;32935042;No (excluded in title and abstract screening);No medical research (focus on data provision);2019;11;na;na;Yes;No;;;;;;;
A Case Report of Secondary Syphilis Co-Infected with Measles: A Diagnostic Dilemma with Fever and Rash.;Imad HA and Lakanavisid P and Pisutsan P and Trerattanavong K and Ngamprasertchai T and Matsee W and Piyaphanee W and Leaungwutiwong P and Nguitragool W and Nakayama EE and Shioda T;35622697;Yes;;2022;5;2022;4;No;Yes;1;No;TH;JP;Hospital for Tropical Diseases;TH;1.0
Integrating pharmacists into Aboriginal Community Controlled Health Services (IPAC project): Protocol for an interventional, non-randomised study to improve chronic disease outcomes.;Couzos S and Smith D and Stephens M and Preston R and Hendrie D and Loller H and Tremlett M and Nugent A and Vaughan F and Crowther S and Boyle D and Buettner P and Biros E;31983626;No (excluded in title and abstract screening);No real-world application (findings not based on real-world data);2020;10;2019;8;No;Yes;;;;;;;14.0
Cancer cases detected in the prevention and control service of a private cancer clinic in Peru.;Revilla-López J and Anampa-Guzmán A and Marquez LC and Weeks K and Pollard S and Olórtegui-Yzú A and Ruiz-Velazco M and Davila-Edquen A and Castro-Dorer D and Wong-Barrenechea J and Abad-Seminario J and Gonzáles-Ramos P and Rivera-Sandoval F and Carracedo-Gonzáles C;31798681;Yes;;2019;11;2019;8;No;Yes;2;No;PE;PE;ALIADA;PE;3.0
Real-world comparative effectiveness of triplets containing bortezomib (B), carfilzomib (C), daratumumab (D), or ixazomib (I) in relapsed/refractory multiple myeloma (RRMM) in the US.;Davies F and Rifkin R and Costello C and Morgan G and Usmani S and Abonour R and Palumbo A and Romanus D and Hajek R and Terpos E and Cherepanov D and Stull DM and Huang H and Leleu X and Berdeja J and Lee HC and Weisel K and Thompson M and Boccadoro M and Zonder J and Cook G and Puig N and Vela-Ojeda J and Farrelly E and Raju A and Blazer M and Chari A;33970288;Yes;;2021;9;2021;1;Yes;Yes;2;No;US;US;Optum;US;8.0
CogStack - experiences of deploying integrated information retrieval and extraction services in a large National Health Service Foundation Trust hospital.;Jackson R and Kartoglu I and Stringer C and Gorrell G and Roberts A and Song X and Wu H and Agrawal A and Lui K and Groza T and Lewsley D and Northwood D and Folarin A and Stewart R and Dobson R;29941004;No (excluded in title and abstract screening);No medical research (focus on anonymization);2018;6;2017;3;No;Yes;;;;;;;15.0
Validation of body mass index (BMI)-related ICD-9-CM and ICD-10-CM administrative diagnosis codes recorded in US claims data.;Ammann EM and Kalsekar I and Yoo A and Johnston SS;30003617;Yes;;2018;10;2017;12;No;Yes;;No;US;US;Optum;US;10.0
Congenital genital abnormalities detected during routine circumcision at a South African institution: a retrospective record review.;Spencer K and Mokhele I and Firnhaber C;30602962;Yes;;2018;6;na;na;No;Yes;17;No;ZA;ZA;Helen Joseph Hospital;ZA;
USE OF ELECTRONIC HEALTH RECORDS TO CHARACTERIZE A RARE DISEASE IN THE U.S.: TREATMENT, COMORBIDITIES, AND FOLLOW-UP TRENDS AMONG PATIENTS WITH A CONFIRMED DIAGNOSIS OF ACROMEGALY.;Silverstein JM and Roe ED and Munir KM and Fox JL and Emir B and Kouznetsova M and Lamerato LE and King D;29624099;Yes;;2018;6;na;na;No;Yes;4;No;US;US;Multiple;US;
Longitudinal Risk Prediction of Chronic Kidney Disease in Diabetic Patients Using a Temporal-Enhanced Gradient Boosting Machine: Retrospective Cohort Study.;Song X and Waitman LR and Yu AS and Robbins DC and Hu Y and Liu M;32012067;Yes;;2020;1;2019;7;No;Yes;14;No;US;US;University of Kansas Medical Center;US;6.0
Monitoring the transition to new antiretroviral treatment regimens through an enhanced data system in Kenya.;Lahuerta M and Syowai M and Vakil S and Odhiambo J and Gitonga M and Sugandhi N and Odhiambo S and Kimani M and Wamicwe J and Batuka J and Imbuki E and Bartilol K and Abrams EJ;32324800;No (excluded in title and abstract screening);No medical research (focus on data provision);2020;;2019;9;Yes;Yes;;;;;;;
Validation of diagnosis codes to identify side of colon in an electronic health record registry.;Luhn P and Kuk D and Carrigan G and Nussbaum N and Sorg R and Rohrer R and Tucker MG and Arnieri B and Taylor MD and Meropol NJ;31426736;Yes;;2019;8;2018;8;Yes;Yes;2;No;US;US;Flatiron Health;US;12.0
Utility of Electronic Medical Records in Community Rheumatology Practice for Assessing Quality of Care Indicators for Gout: A Feasibility Study.;Estrada A and Tsao NW and Howren A and Esdaile JM and Shojania K and De Vera MA;29232325;No (excluded in title and abstract screening);No medical research (no new insights with direct relevance to health);2018;3;na;na;No;Yes;;;;;;;
Lung Cancer Survival Prediction via Machine Learning Regression, Classification, and Statistical Techniques.;Bartholomai JA and Frieboes HB;31312809;Yes;;2018;12;na;na;No;Yes;2;No;US;US;Surveillance, Epidemiology, and End Results (SEER) database;US;
An early warning system for emerging drugs of concern in the emergency department: Protocol for the Western Australian Illicit Substance Evaluation (WISE) study.;McCutcheon D and Raghavan M and Soderstrom J and Oosthuizen F and Douglas B and MacDonald E and Fatovich D;30318770;No (excluded in title and abstract screening);No real-world application (findings not based on real-world data);2019;6;2018;6;No;Yes;;;;;;;12.0
Circannual variation in relative weight of children 5 to 16 years of age.;Bhutani S and Hanrahan LP and Vanwormer J and Schoeller DA;29665291;Yes;;2018;7;2017;10;No;Yes;4;No;US;US;University of Wisconsin;US;9.0
Establishment of a sentinel surveillance network for sexually transmissible infections and blood borne viruses in Aboriginal primary care services across Australia: the ATLAS project.;Bradley C and Hengel B and Crawford K and Elliott S and Donovan B and Mak DB and Nattabi B and Johnson D and Guy R and Fairley CK and Wand H and Ward J;32819360;No (excluded in title and abstract screening);No medical research (focus on data provision);2020;8;2019;10;No;Yes;;;;;;;10.0
Impact of COVID-19 Pandemic on Use of Telemedicine Services in an Academic Medical Center.;Cui W and Finkelstein J;34042775;Yes;;2021;5;na;na;Yes;Yes;22;Yes;US;US;Mount Sinai Health System;US;
Pharmacological risk factors associated with hospital readmission rates in a psychiatric cohort identified using prescriptome data mining.;Shameer K and Perez-Rodriguez MM and Bachar R and Li L and Johnson A and Johnson KW and Glicksberg BS and Smith MR and Readhead B and Scarpa J and Jebakaran J and Kovatch P and Lim S and Goodman W and Reich DL and Kasarskis A and Tatonetti NP and Dudley JT;30255805;Yes;;2018;9;na;na;No;Yes;5;No;US;US;Mount Sinai Hospital;US;
Progression from Early/Intermediate to Advanced Forms of Age-Related Macular Degeneration in a Large UK Cohort: Rates and Risk Factors.;Chakravarthy U and Bailey CC and Scanlon PH and McKibbin M and Khan RS and Mahmood S and Downey L and Dhingra N and Brand C and Brittain CJ and Willis JR and Venerus A and Muthutantri A and Cantrell RA;32144084;Yes;;2020;7;2019;11;No;Yes;7;No;GB;US;Multiple;GB;8.0
Predictive Modeling of 30-Day Emergency Hospital Transport of Patients Using a Personal Emergency Response System: Prognostic Retrospective Study.;Op den Buijs J and Simons M and Golas S and Fischer N and Felsted J and Schertzer L and Agboola S and Kvedar J and Jethwani K;30482741;Yes;;2018;11;2018;1;No;Yes;;No;NL;US;Philips Lifeline;US;10.0
Benign paroxysmal positional vertigo in the emergency department: An observational study of an Australian regional hospital's acute clinical practice.;Neely P and Patel H and Wellings T;34092036;Yes;;2021;12;2020;10;No;Yes;;No;AU;AU;Wyong Hospital;AU;14.0
Polysubstance abuse associated with more frequent opioid use among patients in rural primary care settings.;Albright DL and McDaniel J and Laha-Walsh K and Morrison B and McIntosh S;32885836;No (not retrieved);Not retrieved;2020;;na;na;No;Yes;;;;;;;
History of cervical insufficiency increases the risk of pelvic organ prolapse and stress urinary incontinence in parous women.;Sheyn D and Addae-Konaedu KL and Bauer AM and Dawodu KI and Hackney DN and El-Nashar SA;29169582;Yes;;2018;1;2017;7;No;Yes;14;No;US;US;IBM;US;6.0
Frequent Mobile Electronic Medical Records Users Respond More Quickly to Emergency Department Consultation Requests: Retrospective Quantitative Study.;Jung KY and Kim S and Kim K and Lee EJ and Kim K and Lee J and Choi JS and Kang M and Chang DK and Cha WC;32130157;No (excluded in title and abstract screening);No real-world application (findings not based on real-world data);2020;2;2019;4;No;Yes;;;;;;;10.0
Intelligent therapeutic decision support for 30 days readmission of diabetic patients with different comorbidities.;Ossai CI and Wickramasinghe N;32561445;Yes;;2020;7;2020;2;No;Yes;4;No;AU;AU;Cerner Health Facts;US;5.0
Risk prediction using natural language processing of electronic mental health records in an inpatient forensic psychiatry setting.;Le DV and Montgomery J and Kirkby KC and Scanlan J;30118855;Yes;;2018;10;2018;2;No;Yes;5;No;AU;AU;Wilfred Lopes Centre;AU;8.0
Chronic daily opioid exposure is associated with dysphagia, esophageal outflow obstruction, and disordered peristalsis.;Babaei A and Szabo A and Shad S and Massey BT;30993800;Yes;;2019;7;2019;2;No;Yes;11;No;US;US;Froedtert Hospital;US;5.0
Cascade Monitoring in Multidisciplinary Adolescent HIV Care Settings: Protocol for Utilizing Electronic Health Records.;Pennar AL and Dark T and Simpson KN and Gurung S and Cain D and Fan C and Parsons JT and Naar S;31148543;No (excluded in title and abstract screening);No real-world application (findings not based on real-world data);2019;5;2018;5;No;Yes;;;;;;;12.0
PROLACTIN LEVELS DO NOT RISE AMONG TRANSGENDER WOMEN TREATED WITH ESTRADIOL AND SPIRONOLACTONE.;Bisson JR and Chan KJ and Safer JD;29708436;Yes;;2018;7;na;na;No;Yes;4;No;US;US;Boston Medical Center;US;
Character-Level Neural Language Modelling in the Clinical Domain.;Kreuzthaler M and Oleynik M and Schulz S;32570351;No (excluded in title and abstract screening);No tabular data;2020;6;na;na;No;Yes;;;;;;;
Examining patterns in opioid prescribing for non-cancer-related pain in Wales: preliminary data from a retrospective cross-sectional study using large datasets.;Davies E and Phillips C and Rance J and Sewell B;31308940;Yes;;2019;8;na;na;No;Yes;5;No;GB;GB;SAIL Databank;GB;
A Social Determinant of Health May Modify Genetic Associations for Blood Pressure: Evidence From a SNP by Education Interaction in an African American Population.;Hollister BM and Farber-Eger E and Aldrich MC and Crawford DC;31134134;Yes;;2019;;2018;11;No;Yes;9;No;US;US;Vanderbilt University Medical Center;US;
Real-World Incidence of Pacemaker and Defibrillator Implantation Following Diagnostic Monitoring With an Insertable Cardiac Monitor.;Mittal S and Rogers J and Sarkar S and Koehler J and Passman RS;30961910;Yes;;2019;6;2019;1;No;Yes;9;No;US;US;Optum;US;5.0
Toward an Affine Feature-Based Registration Method for Ground Glass Lung Nodule Tracking.;Zikri YKB and Helguera M and Cahill ND and Shrier D and Linte CA;32699846;No (excluded in title and abstract screening);No medical research (no new insights with direct relevance to health);2019;10;na;na;No;Yes;;;;;;;
Evaluation of Electronic Health Records to Monitor Illness From Harmful Algal Bloom Exposure in the United States.;Lavery A and Backer L and Daniel J;36060209;Yes;;2021;5;na;na;Yes;Yes;20;No;US;US;IBM;US;
Adherence to hepatitis A and hepatitis B multi-dose vaccination schedules among adults in the United Kingdom: a retrospective cohort study.;Johnson KD and Lu X and Zhang D;30987613;Yes;;2019;4;2018;7;Yes;Yes;1;No;US;US;Clinical Practice Research Datalink;GB;9.0
Prevalence of Established Cardiovascular Disease in Patients with Type 2 Diabetes Mellitus in the UK.;Lautsch D and Wang T and Yang L and Rajpathak SN;31583647;Yes;;2019;12;2019;9;Yes;Yes;4;No;US;US;Clinical Practice Research Datalink;GB;3.0
Epidemiologic features of a large hepatitis C cohort evaluated in a major health system in the western United States.;Mukhtar NA and Ness EM and Jhaveri M and Fix OK and Hart M and Dale C and Pratt C and Kowdley KV;31053542;Yes;;2019;3;2018;9;No;Yes;1;No;US;US;Providence Health & Services;US;6.0
Estimating the prevalence of multiple sclerosis using 56.6 million electronic health records from the United States.;Briggs FB and Hill E;31339444;Yes;;2020;12;na;na;No;Yes;6;No;US;US;IBM;US;
Risk of health morbidity for the uninsured: 10-year evidence from a large hospital center in Boston, Massachusetts.;Chen Z and Min J and Bian J and Wang M and Zhou L and Prosperi M;30137334;Yes;;2019;6;2018;1;No;Yes;9;No;US;US;MIMIC-III;US;17.0
Retrospective Analysis of Esophageal Heat Transfer for Active Temperature Management in Post-cardiac Arrest, Refractory Fever, and Burn Patients.;Naiman M and Markota A and Hegazy A and Dingley J and Kulstad E;29635598;Yes;;2018;3;2017;5;No;Yes;9;No;US;US;Multiple;US;10.0
Psoriatic arthritis treatment regimens, therapy duration and reasons for cessation in the biologics era: a multi-centre Australian study.;Tymms K and Kelly A and Bird P and Griffiths H and de Jager J and Littlejohn G and Louw S and Roberts L and Youssef P and Zochling J and Nichols D;28730757;Yes;;2018;2;na;na;No;Yes;13;No;AU;AU;Optimising Patient Outcomes in Australian Rheumatology ;AU;
Racial disparity in mental disorder diagnosis and treatment between non-hispanic White and Asian American patients in a general hospital.;Wu C and Chiang M and Harrington A and Kim S and Ziedonis D and Fan X;29674132;Yes;;2018;4;2017;11;No;Yes;5;No;US;US;Multiple;US;5.0
A ten year longitudinal examination of the incidence rate and age of childhood encephalopathy diagnoses in an autism spectrum disorder diagnosed cohort.;Kern JK and Geier DA and Homme KG and Geier MR;32214276;Yes;;2020;;na;na;Yes;No;6;No;US;US;Independent Healthcare Research Database;US;
Consumer attitudes towards the establishment of a national Australian familial cancer research database by the Inherited Cancer Connect (ICCon) Partnership.;Forrest L and Mitchell G and Thrupp L and Petelin L and Richardson K and Mascarenhas L and Young MA;28822109;No (excluded in title and abstract screening);No real-world application (findings not based on real-world data);2018;1;2017;3;Yes;No;;;;;;;10.0
Mucopolysaccharidosis type II detection by Naïve Bayes Classifier: An example of patient classification for a rare disease using electronic medical records from the Canadian Primary Care Sentinel Surveillance Network.;Ehsani-Moghaddam B and Queenan JA and MacKenzie J and Birtwhistle RV;30566525;No (excluded in title and abstract screening);No tabular data;2018;;2018;6;No;Yes;;;;;;;
Investigating the appropriateness of physician-ordered diagnostic computed tomography for patient management in a rural hospital in New South Wales, Australia.;Barrett E and Wijenayake U and Shah U and Morris D and Preece R and Jesulola E;31585672;Yes;;2019;12;2019;3;No;Yes;;No;AU;AU;Not precisely specified;AU;9.0
The World Health Organization's hearing-impairment grading system: an evaluation for unaided communication in age-related hearing loss.;Humes LE;30318941;Yes;;2019;1;na;na;No;Yes;8;No;US;;Multiple;US, AU;
Drug Shortage Impacts Patient Receipt of Induction Treatment.;Hedlund NG and Isgor Z and Zwanziger J and Rondelli D and Crawford SY and Hynes DM and Powell LM;30198560;Yes;;2018;12;na;na;No;Yes;2;No;US;US;Surveillance, Epidemiology, and End Results (SEER);US;
Outcomes among Patients with Mantle Cell Lymphoma Post-Covalent BTK Inhibitor Therapy in the United States: A Real-World Electronic Medical Records Study.;Hess LM and Chen Y and Abada PB and Konig H and Walgren RA;36620778;Yes;;2022;12;2022;4;No;Yes;2;No;US;US;ConcertAI RWD360;US;8.0
Effectiveness and safety of rivaroxaban versus warfarin in obese patients with acute venous thromboembolism: analysis of electronic health record data.;Costa OS and Beyer-Westendorf J and Ashton V and Milentijevic D and Moore KT and Bunz TJ and Coleman CI;32588288;Yes;;2021;2;na;na;No;Yes;9;No;US;US;Optum;US;
Severity of COVID-19 and adverse long-term outcomes: a retrospective cohort study based on a US electronic health record database.;Jovanoski N and Chen X and Becker U and Zalocusky K and Chawla D and Tsai L and Borm M and Neighbors M and Yau V;34893488;Yes;;2021;12;na;na;No;Yes;22;Yes;US;US;Optum;US;
Concordance of Clinician-Documented and Imaging Response in Patients With Stage IV Non-Small Cell Lung Cancer Treated With First-Line Therapy.;Ma X and Bellomo L and Hooley I and Williams T and Samant M and Tan K and Segal B and Bourla AB;35552726;Yes;;2022;5;na;na;No;Yes;2;No;US;US;Flatiron Health;US;
Prescribing Pathways to Triple Therapy: A Retrospective Observational Study of Adults with Chronic Obstructive Pulmonary Disease in the UK.;Quint JK and Venerus A and O'Leary C and Myland M and Holmgren U and Varghese P and Cabrera C;33324049;Yes;;2020;12;2020;8;Yes;Yes;10;No;GB;SE;IQVIA Medical Research Data, Clinical Practice Research Datalink, HES;GB;4.0
Development and validation of an automated basal cell carcinoma histopathology information extraction system using natural language processing.;Ali SR and Strafford H and Dobbs TD and Fonferko-Shadrach B and Lacey AS and Pickrell WO and Hutchings HA and Whitaker IS;36439548;No (excluded in title and abstract screening);No tabular data;2022;;2022;2;No;Yes;;;;;;;
Overall survival analysis in patients with metastatic breast cancer and liver or lung metastases treated with eribulin, gemcitabine, or capecitabine.;Kazmi S and Chatterjee D and Raju D and Hauser R and Kaufman PA;32808239;Yes;;2020;11;2020;6;Yes;Yes;2;No;US;US;Cancer Treatment Centers of America;US;5.0
Prior Treatment Time Affects Survival Outcomes in Metastatic Breast Cancer.;Rocque GB and Gilbert A and Williams CP and Kenzik KM and Nakhmani A and Kandhare PG and Bhatia S and Burkard ME and Azuero A;32479187;Yes;;2020;6;na;na;Yes;Yes;2;No;US;US;Flatiron Health;US;
RD-RAP: beyond rare disease patient registries, devising a comprehensive data and analytic framework.;Bellgard MI and Snelling T and McGree JM;31300021;No (excluded in title and abstract screening);No real-world application (findings not based on real-world data);2019;7;2019;4;No;Yes;;;;;;;3.0
Population-Level Epidemiology of Concussion Concurrent with Domestic Violence in Arizona, USA.;Rowe RK and Murphy SM and Handmaker H and Lifshitz J;33794670;No (excluded in full-paper screening);No access;2021;8;na;na;No;Yes;;;;;;;
Perioperative Mortality Following Oesophagectomy and Pancreaticoduodenectomy in Australia.;Davis SS and Babidge WJ and Kiermeier A and Aitken RJ and Maddern GJ;28884329;Yes;;2018;3;na;na;No;Yes;;No;AU;AU;Australian Institute of Health and Welfare;AU;
Establishment of a Rapid Phone Consultation Service for COVID-19 Public Health Support in Nepal.;Singh I and Bista NR and Maleku K and Adhikari P and Hyanmikha A and Pradhan S and Kharel R;36120230;No (excluded in full-paper screening);No tabular data;2022;8;na;na;No;Yes;22;Yes;NP;US;;;
Gastrectomy mortality in Australia.;Davis SS and Noll D and Patel P and Maloney RT and Maddern GJ;35180327;Yes;;2022;9;2021;5;No;Yes;11;No;AU;AU;Australian Institute of Health and Welfare;AU;16.0
Prehospital response to respiratory distress by the public ambulance system in a Ukrainian city.;Meghoo CA and Gaievskyi S and Linchevskyy O and Oommen B and Stetsenko K;30598717;No (excluded in title and abstract screening);No real-world application (findings not based on real-world data);2019;;na;na;No;Yes;;;;;;;
The effect of inhalational anaesthesia during deceased donor organ procurement on post-transplantation graft survival.;Perez-Protto S and Nazemian R and Matta M and Patel P and Wagner KJ and Latifi SQ and Lebovitz DJ and Reynolds JD;29519220;Yes;;2018;3;na;na;No;Yes;;No;US;US;Cleveland Clinic;US;
Economic burden of joint analysis in psoriasis: US claims analysis.;Prince P and Skornicki M and Suruki R and Lee E and Louder A;34889582;Yes;;2021;12;na;na;No;Yes;12;No;US;US;Optum;US;
Quantifying the incidence and burden of herpes zoster in New Zealand general practice: a retrospective cohort study using a natural language processing software inference algorithm.;Turner NM and MacRae J and Nowlan ML and McBain L and Stubbe MH and Dowell A;29858420;No (excluded in full-paper screening);No tabular data;2018;5;na;na;No;Yes;1;No;NZ;NZ;Multiple;NZ;
Using business intelligence and data visualization to understand the characteristics of failed appointments in dental school clinics.;Weber K and DaSilva AF and Dault JT and Eber R and Huner K and Jones D and Kornman K and Ramaswamy V and Snyder M and Ward BB and Nalliah RP;33508149;Yes;;2021;4;2020;2;No;Yes;;No;US;US;University of Michigan;US;14.0
Pediatric CYP2D6 metabolizer status and post-tonsillectomy nausea and vomiting after ondansetron.;Black K and Brenn BR and Gaedigk A and Wanderer JP and Van Driest SL;36350309;No (excluded before screening);Outside the search period;2023;2;2022;6;No;Yes;;No;US;US;Vanderbilt University Medical Center;US;8.0
Influence of sex on survival rates of HPV-positive oropharyngeal cancers.;Preissner SH and Nahles S and Preissner S and Heiland M and Koerdt S;36119465;Yes;;2022;;2022;4;No;Yes;2;No;DE;DE;TriNetX;various;
Multi-institutional review of bowel management strategies in children with anorectal malformations.;Baxter KJ and Garza JM and Rollins MD and Drake K and Reeder RW and Wood R and Avansino J and Calkins CM and Ralls M and Garvey EM and Durham MM;32616413;Yes;;2020;12;2020;1;No;Yes;17;No;US;US;Multiple;US;11.0
Overlap of Characteristic Serological Antibodies in Rheumatoid Arthritis and Wheat-Related Disorders.;Yang Y and Deshpande P and Krishna K and Ranganathan V and Jayaraman V and Wang T and Bei K and Rajasekaran JJ and Krishnamurthy H;30755781;Yes;;2019;;2018;7;No;Yes;13;No;US;US;Vibrant America Clinical Laboratory;US;
Neuropathy and Other Risk Factors for Lower Extremity Amputation in People with Diabetes Using a Clinical Data Repository System.;Alothman S and Alenazi A and Waitman LR and LeMaster J and Kluding P;30194829;No (not retrieved);Not retrieved;2018;;na;na;No;Yes;;;;;;;
Real-World Treatment Patterns and Overall Survival of Patients with Metastatic Castration-Resistant Prostate Cancer in the US Prior to PARP Inhibitors.;Shore ND and Laliberté F and Ionescu-Ittu R and Yang L and Mahendran M and Lejeune D and Yu LH and Burgents J and Duh MS and Ghate SR;34282527;Yes;;2021;8;2021;3;No;Yes;2;No;US;US;Flatiron Health;US;5.0
Automated risk assessment of newly detected atrial fibrillation poststroke from electronic health record data using machine learning and natural language processing.;Sung SF and Sung KL and Pan RC and Lee PJ and Hu YH;35966534;Yes;;2022;;2022;5;No;Yes;9;No;TW;TW;Ditmanson Medical Foundation Chia-Yi Christian Hospital;TW;
Using set visualisation to find and explain patterns of missing values: a case study with NHS hospital episode statistics data.;Ruddle RA and Adnan M and Hall M;36410820;No (excluded in title and abstract screening);No medical research (no new insights with direct relevance to health);2022;11;na;na;No;Yes;;;;;;;
Weather variables as important clinical predictors of bacterial diarrhoea among international travellers.;Pender MA and Smith T and Brintz BJ and Pandey P and Shrestha SK and Anuras S and Demons S and Sornsakrin S and Bodhidatta L and Platts-Mills JA and Leung DT;35134202;Yes;;2022;7;2021;11;No;Yes;1;No;US;US;Bumrungrad International Hospital, CIWEC Travel Medicine Center;TH, NP;8.0
PROMISE: a real-world clinical-genomic database to address knowledge gaps in prostate cancer.;KosCNin VS and Patel VG and Ali A and Bilen MA and Ravindranathan D and Park JJ and Kellezi O and Cieslik M and Shaya J and Cabal A and Brown L and Labriola M and Graham LS and Pritchard C and Tripathi A and Nusrat S and Barata P and Jang A and Chen SR and Garje R and Acharya L and Hwang C and Pilling A and Oh W and Jun T and Natesan D and Nguyen C and Kilari D and Pierro M and Thapa B and Cackowski F and Mack A and Heath E and Marshall CH and Tagawa ST and Halabi S and Schweizer MT and Armstrong A and Dorff T and Alva A and McKay R;34363009;No (excluded in title and abstract screening);No medical research (focus on data provision);2022;9;2021;2;No;Yes;;;;;;;19.0
Understanding Women's Cardiovascular Health Using MyStrengths+MyHealth: A Patient-Generated Data Visualization Study of Strengths, Challenges, and Needs Differences.;Austin RR and Mathiason MA and Lindquist RA and McMahon SK and Pieczkiewicz DS and Monsen KA;33998130;Yes;;2021;9;na;na;No;Yes;9;No;US;US;University of Minnesota;US;
A Demographic Profile of Mothers and Their Children Who Are Victims of Family and Domestic Violence: Using Linked Police and Hospital Admissions Data.;Orr C and Fisher CM and Glauert R and Preen DB and O'Donnell M and Ed D;32370589;Yes;;2022;1;na;na;No;Yes;21;No;AU;AU;Western Australian Data Linkage System;AU;
Visual acuity outcomes and anti-VEGF therapy intensity in diabetic macular oedema: a real-world analysis of 28 658 patient eyes.;Ciulla TA and Pollack JS and Williams DF;32265201;Yes;;2021;2;2020;1;No;Yes;4;No;US;US;Vestrum Health;US;13.0
Early Treatment Innovation for Opioid-Dependent Newborns: A Retrospective Comparison of Outcomes, Utilization, Quality, and Safety, 2006-2014.;Summey J and Chen L and Mayo R and Charron E and Hudson JA and Sherrill WW and Dickes L;29793880;Yes;;2018;6;2017;6;No;Yes;5;No;US;US;Not precisely specified;US;12.0
Automated Measurements of Body Composition in Abdominal CT Scans Using Artificial Intelligence Can Predict Mortality in Patients With Cirrhosis.;Zou WY and Enchakalody BE and Zhang P and Shah N and Saini SD and Wang NC and Wang SC and Su GL;34558818;No (excluded in title and abstract screening);No tabular data;2021;11;2021;5;No;Yes;;;;;;;6.0
Underutilization of prophylactic rectal indomethacin and pancreatic duct stent for prevention of post-ERCP Pancreatitis.;Issak A and Elangovan A and Ferguson RD and Waghray N and Sandhu DS;34222616;Yes;;2021;7;2020;9;No;Yes;11;No;US;US;IBM;US;10.0
[Reversals in Decisions about Life-Sustaining Treatment and Associated Factors among Older Patients with Terminal Stage of Cardiopulmonary Disease].;Choi JJ and Kim SH and Kim SW;31266929;No (excluded before screening);not English;2019;6;2019;1;No;Yes;;;;;;;5.0
A disease burden analysis of garment factory workers in Bangladesh: proposal for annual health screening.;Solinap G and Wawrzynski J and Chowdhury N and Zaman H and Abid T and Hoque TA and Afrooz S and Hamid I and Tanjin R and Tabassum CT and Paramita P and Duda RB and Abid MR;30247588;Yes;;2019;1;2018;5;No;Yes;9;No;US;US;Child Health Awareness Foundation;BD;8.0
Predictors of aggression in 3.322 patients with affective disorders and schizophrenia spectrum disorders evaluated in an emergency department setting.;Blanco EA and Duque LM and Rachamallu V and Yuen E and Kane JM and Gallego JA;29102223;Yes;;2018;5;2017;3;No;Yes;5;No;US;US;Long Island Jewish Medical Center, The Zucker Hillside Hospital;US;14.0
Epidemiology of Eustachian tube dysfunction and related otologic diagnoses among children with achondroplasia.;Dorney I and Otteson T and Kaelber DC;36257169;No (not retrieved);Not retrieved;2022;12;2022;6;No;Yes;;;;;;;6.0
Real-World Analysis of Thromboembolic Events and Mortality of COVID-19 Outpatients in the United States.;Peacock WF and Crawford JM and Chen YC and Ashton V and Campbell AK and Milentijevic D and Spyropoulos AC;35996822;Yes;;2022;1;na;na;No;Yes;9;Yes;US;US;Optum;US;
Multisystem Inflammatory Syndrome Associated with SARS-CoV-2 Infection in an Adult: A Case Report from the Maldives.;Miqdhaadh A and Imad HA and Fazeena A and Ngamprasertchai T and Nguitragool W and Nakayama EE and Shioda T;34698279;Yes;;2021;10;2021;9;No;Yes;22;Yes;MV;JP;Indira Gandhi Memorial Hospital;MV;1.0
Front-line treatment patterns in multiple myeloma: An analysis of U.S.-based electronic health records from 2011 to 2019.;Kumar S and Williamson M and Ogbu U and Surinach A and Arndorfer S and Hong WJ;34402201;Yes;;2021;9;2021;4;No;Yes;2;No;US;US;Flatiron Health;US;5.0
Overcoming gaps: regional collaborative to optimize capacity management and predict length of stay of patients admitted with COVID-19.;Usher MG and Tourani R and Simon G and Tignanelli C and Jarabek B and Strauss CE and Waring SC and Klyn NAM and Kealey BT and Tambyraja R and Pandita D and Baum KD;34350391;No (excluded in title and abstract screening);No medical research (focus on data provision);2021;7;2021;3;No;Yes;;;;;;;4.0
Project ScanVan: Mobile mammography services to decrease socioeconomic barriers and racial disparities among medically underserved women in NYC.;Tsapatsaris A and Reichman M;33770557;Yes;;2021;10;2020;12;No;Yes;2;No;US;US;Project Renewals ScanVan;US;10.0
Clinical efficacy, timing, and outcomes of ERCP for management of bile duct leaks: a nationwide cohort study.;Desai A and Twohig P and Trujillo S and Dalal S and Kochhar GS and Sandhu DS;33553588;Yes;;2021;2;2020;8;No;Yes;11;No;US;US;IBM;US;6.0
Impact of matching error on linked mortality outcome in a data linkage of secondary mental health data with Hospital Episode Statistics (HES) and mortality records in South East London: a cross-sectional study.;Jewell A and Broadbent M and Hayes RD and Gilbert R and Stewart R and Downs J;32641360;Yes;;2020;7;na;na;No;Yes;5;No;GB;GB;South London and Maudsley NHS Foundation Trust;GB;
Use of Machine Learning and Artificial Intelligence to predict SARS-CoV-2 infection from Full Blood Counts in a population.;Banerjee A and Ray S and Vorselaars B and Kitson J and Mamalakis M and Weeks S and Baker M and Mackenzie LS;32652499;Yes;;2020;9;2020;5;No;Yes;22;Yes;GB;GB;Hospital Israelita Albert Einstein;BR;4.0
Prognostic value of plasma circulating tumor DNA fraction across four common cancer types: a real-world outcomes study.;Reichert ZR and Morgan TM and Li G and Castellanos E and Snow T and Dall'Olio FG and Madison RW and Fine AD and Oxnard GR and Graf RP and Stover DG;36208697;No (excluded before screening);Outside the search period;2023;1;2022;5;Yes;Yes;;;;;;;8.0
Validation of a machine learning algorithm for early severe sepsis prediction: a retrospective study predicting severe sepsis up to 48 h in advance using a diverse dataset from 461 US hospitals.;Burdick H and Pino E and Gabel-Comeau D and Gu C and Roberts J and Le S and Slote J and Saber N and Pellegrini E and Green-Saxena A and Hoffman J and Das R;33109167;Yes;;2020;10;2019;12;No;Yes;1;No;US;US;Cabell Huntington Hospital;US;10.0
Practical utility of general practice data capture and spatial analysis for understanding COPD and asthma.;Niyonsenga T and Coffee NT and Del Fante P and Høj SB and Daniel M;30477507;Yes;;2018;11;2018;8;No;Yes;10;No;AU;AU;Multiple;AU;3.0
Predicting In-hospital Mortality Using D-Dimer in COVID-19 Patients With Acute Ischemic Stroke.;Kim Y and Khose S and Abdelkhaleq R and Salazar-Marioni S and Zhang GQ and Sheth SA;34335456;Yes;;2021;;2021;4;No;Yes;9;Yes;US;US;Optum;US;
Associations of weight loss with obesity-related comorbidities in a large integrated health system.;Mariam A and Miller-Atkins G and Pantalone KM and Iyer N and Misra-Hebert AD and Milinovich A and Bauman J and Mocarski M and Ramasamy A and Smolarz BG and Hobbs TM and Zimmerman RS and Burguera B and Kattan MW and Rotroff DM;34472680;Yes;;2021;12;2021;5;No;Yes;4;No;US;US;Cleveland Clinic;US;7.0
Developing data-driven clinical pathways using electronic health records: The cases of total laparoscopic hysterectomy and rotator cuff tears.;Cho M and Kim K and Lim J and Baek H and Kim S and Hwang H and Song M and Yoo S;31683142;Yes;;2020;1;2019;5;No;Yes;;No;KR;KR;Seoul National University Bundang Hospital;KR;8.0
Achievement of glycemic control and antidepressant medication use in comorbid depression and type 2 diabetes.;Brieler JA and Salas J and Keegan-Garrett E and Scherrer JF;36566931;No (excluded before screening);Outside the search period;2023;3;2022;3;No;Yes;;;;;;;12.0
Real-world retrospective analysis of outcomes in patients undergoing bariatric surgery with class 1 obesity.;Altieri MS and DeMaria E and Lensing C and Derecho J and Fallorina R and Mehrotra S and Pories W and Irish WD;35241377;No (not retrieved);Not retrieved;2022;5;2021;8;No;Yes;;;;;;;9.0
Can natural language processing models extract and classify instances of interpersonal violence in mental healthcare electronic records: an applied evaluative study.;Botelle R and Bhavsar V and Kadra-Scalzo G and Mascio A and Williams MV and Roberts A and Velupillai S and Stewart R;35172999;No (excluded in title and abstract screening);No tabular data;2022;2;na;na;No;Yes;;;;;;;
The side effect profile of Clozapine in real world data of three large mental health hospitals.;Iqbal E and Govind R and Romero A and Dzahini O and Broadbent M and Stewart R and Smith T and Kim CH and Werbeloff N and MacCabe JH and Dobson RJB and Ibrahim ZM;33290433;Yes;;2020;;2020;2;No;Yes;5;No;GB;GB;Camden and Islington NHS Foundation Trust, Oxford Health NHS Foundation Trust, South London and Maudsley NHS Foundation Trust;GB;
Low Prevalence of Clinically Apparent Cardiac Amyloidosis Among Carriers of Transthyretin V122I Variant in a Large Electronic Medical Record.;Agbor-Etang BB and Okafor HE and Farber-Eger EH and Wells QS;32866461;Yes;;2021;2;2020;5;No;Yes;9;No;US;US;Vanderbilt University Medical Center;US;9.0
Using a knowledge translation framework to identify barriers and supports to effective nursing handover: A focus group study.;Hada A and Jack L and Coyer F;31294112;No (excluded in title and abstract screening);No real-world application (findings not based on real-world data);2019;6;2019;2;No;Yes;;;;;;;4.0
Improved glycaemic control and lower hypoglycaemia risk with reduced prior oral antidiabetes drug therapy in patients with type 2 diabetes treated with insulin glargine 300 U/mL.;Dailey G and Reid T and White J and Chao J and Zhou FL and Paranjape S and Berhanu P;30815563;Yes;;2018;10;2018;3;Yes;No;4;No;US;US;Optum;US;7.0
The therapy is making me sick: how online portal communications between breast cancer patients and physicians indicate medication discontinuation.;Yin Z and Harrell M and Warner JL and Chen Q and Fabbri D and Malin BA;30380083;Yes;;2018;11;2018;4;No;Yes;2;No;US;US;Vanderbilt University Medical Center;US;7.0
Clinical and genetic associations with prostacyclin response in pulmonary arterial hypertension.;Halliday SJ and Xu M and Thayer TE and Mosley JD and Sheng Q and Ye F and Farber-Eger EH and Pugh ME and Robbins IR and Assad TR and West JD and Brittain EL and Hemnes AR;30142026;Yes;;2018;10;na;na;No;Yes;9;No;US;US;Vanderbilt University Medical Center;US;
High Frequency of Extractable Nuclear Autoantibodies in Wheat-Related Disorders.;Yang Y and Krishna K and Deshpande P and Ranganathan V and Jayaraman V and Wang T and Bei K and Krishnamurthy H;29977112;Yes;;2018;;2018;2;No;Yes;11;No;US;US;Vibrant America Clinical Laboratory;US;
A cross-sectional investigation of the health needs of asylum seekers in a refugee clinic in Germany.;Goodman LF and Jensen GW and Galante JM and Farmer DL and Taché S;29769017;Yes;;2018;5;2018;1;No;Yes;;No;DE;DE;Not precisely specified;DE;4.0
Relationships between public health nurse-delivered physical activity interventions and client physical activity behavior.;Olsen JM and Horning ML and Thorson D and Monsen KA;29579488;Yes;;2018;4;2017;8;No;Yes;;No;US;US;Not precisely specified;US;8.0
Developing and implementing national health identifiers in resource limited countries: why, what, who, when and how?;Beck EJ and Shields JM and Tanna G and Henning G and de Vega I and Andrews G and Boucher P and Benting L and Garcia-Calleja JM and Cutler J and Ewing W and Kijsanayotin B and Kujinga T and Mahy M and Makofane K and Marsh K and Nacheeva C and Rangana N and Vega MFR and Sabin K and Varetska O and Macharia Wanyee S and Watiti S and Williams B and Zhao J and Nunez C and Ghys P and Low-Beer D;29502484;No (excluded in title and abstract screening);No real-world application (findings not based on real-world data);2018;;na;na;No;Yes;;;;;;;
Increasing Prescription of Opiates and Mortality in Patients With Inflammatory Bowel Diseases in England.;Burr NE and Smith C and West R and Hull MA and Subramanian V;29079223;Yes;;2018;4;2017;8;No;Yes;11;No;GB;GB;The Phoenix Partnership ;GB;8.0
The half-life of maternal transplacental antibodies against diphtheria, tetanus, and pertussis in infants: an individual participant data meta-analysis.;Oguti B and Ali A and Andrews N and Barug D and Anh Dang D and Halperin SA and Thu Hoang HT and Holder B and Kampmann B and Kazi AM and Langley JM and Leuridan E and Madavan N and Maertens K and Maldonado H and Miller E and Munoz-Rivas FM and Omer SB and Pollard AJ and Rice TF and Rots N and Sundaram ME and Wanlapakorn N and Voysey M;34949496;Yes;;2022;1;2021;8;Yes;No;15;No;GB;GB;Multiple;GB, NL, BE, VN, TH, US, CA, GT, PK;5.0
Pancreatic adenocarcinoma in liver transplant recipients: a case series.;Rauf MA and Ziogas IA and Sealock JM and Davis LK and Izzy M and Alexopoulos SP and Matsuoka LK;34825179;Yes;;2021;10;na;na;No;Yes;2;No;US;US;Vanderbilt University Medical Center;US;
Loss of function of lysosomal acid lipase (LAL) profoundly impacts osteoblastogenesis and increases fracture risk in humans.;Helderman RC and Whitney DG and Duta-Mare M and Akhmetshina A and Vujic N and Jayapalan S and Nyman JS and Misra BB and Rosen CJ and Czech MP and Kratky D and Rendina-Ruedy E;33838322;Yes;;2021;7;2020;12;No;Yes;4;No;US;US;Optum;US;7.0
Metformin Use in Diabetes Prior to Hospitalization: Effects on Mortality in Covid-19.;Li J and Wei Q and Li WX and McCowen KC and Xiong W and Liu J and Jiang W and Marin T and Thomas RL and He M and Gongol B and Hepokoski M and Yuan JX and Shyy JY and Xiong N and Malhotra A;33471718;Yes;;2020;10;2020;7;No;Yes;4;No;US;US;Wuhan Red Cross Hospital;CN;3.0
Economic and Cardiometabolic Risk Factors Are Predictors of Lower Thyroid Stimulating Hormone (TSH) Levels in Hispanic/Latinx Adults with Euthyroidism-A Community-Based Study.;Martinez SS and Gutierrez M and Delgado-Enciso I and Maisonet J and Pierre AJ and Campa A and Kallus L and Diaz Martinez J;35805800;Yes;;2022;7;2022;6;No;Yes;4;No;US;US;Not precisely specified;US;1.0
Patient characteristics, treatment patterns, and outcomes among black and white patients with multiple myeloma initiating daratumumab: A real-world chart review study.;Atrash S and Thompson-Leduc P and Tai MH and Kaila S and Gray K and Ghelerter I and Lafeuille MH and Jayabalan D and Lefebvre P and Rossi A;35490154;Yes;;2022;8;na;na;No;Yes;2;No;US;US;Levine Cancer Institute, Weill Cornell Medicine;US;
Depression and Buprenorphine Treatment in Patients with Non-cancer Pain and Prescription Opioid Dependence without Comorbid Substance Use Disorders.;Scherrer JF and Salas J and Grucza R and Sullivan MD and Lustman PJ and Copeland LA and Ballantyne JC;33022442;Yes;;2021;1;2020;3;No;Yes;5;No;US;US;Optum;US;10.0
Prevalence of Ophthalmologic Diagnoses in Children With Autism Spectrum Disorder Using the Optum Dataset: APopulation-Based Study.;Chang MY and Doppee D and Yu F and Perez C and Coleman AL and Pineles SL;32896499;Yes;;2021;1;2020;6;No;Yes;7;No;US;US;Optum;US;7.0
The impact of the Affordable Care Act on provision of endodontic services within a dental school setting in Oregon.;Peck J and Sedgley CM and Schwarz E and Replogle KJ;31020668;Yes;;2019;3;2018;9;No;Yes;;No;US;US;Oregon Health and Science University;US;6.0
Using SNOMED CT-encoded problems to improve ICD-10-CM coding-A randomized controlled experiment.;Fung KW and Xu J and Rosenbloom ST and Campbell JR;31029260;No (excluded in title and abstract screening);No tabular data;2019;6;2018;10;No;Yes;;;;;;;8.0
Fetal alcohol syndrome and the risk of neurodevelopmental disorders: A longitudinal cohort study.;Geier DA and Geier MR;35999144;Yes;;2022;11;2022;3;Yes;No;16;No;US;US;Independent Healthcare Research Database;US;8.0
Middle ear cholesteatoma prevalence in over 3,600 children with Turner Syndrome.;Dorney I and Otteson T and Kaelber DC;35987131;No (not retrieved);Not retrieved;2022;10;2022;5;No;Yes;;;;;;;5.0
Machine learning for passive mental health symptom prediction: Generalization across different longitudinal mobile sensing studies.;Adler DA and Wang F and Mohr DC and Choudhury T;35476787;No (excluded in title and abstract screening);No real-world application (findings not based on real-world data);2022;;2022;1;Yes;No;;;;;;;
Accuracy of Cone-Beam Computed Tomography Versus Periapical Radiography Measurements When Planning Placement of Implants in the Posterior Maxilla: A Retrospective Study.;Kakumoto T and Barsoum A and Froum SJ;34270273;No (not retrieved);Not retrieved;2021;7;na;na;No;Yes;;;;;;;
Cardiovascular Risk Factors Following Vertical Sleeve Gastrectomy in Black Americans Compared with White Americans.;Speed JS and Pruett WA and Lirette ST and Cook JJ and Phillips CL and Grayson BE;32827094;Yes;;2021;3;2020;3;No;Yes;9;No;US;US;University of Mississippi Medical Center;US;12.0
Discovering Associations Among Older Adults' Characteristics and Planned Nursing Interventions Using Electronic Health Record Data.;Gao G and Kerr MJ and Lindquist RA and Chi CL and Mathiason MA and Monsen KA;30796148;Yes;;2019;2;na;na;No;Yes;;No;US;US;University of Minnesota;US;
Quality of hypertension care: An improvement initiative in two outpatient health care centers.;Yusupov E and Krishnamachari B and Rand S and Abdalla M and Zwibel H;30450657;Yes;;2019;6;2018;8;No;Yes;9;No;US;US;Multiple;US;10.0
Metabolic Effects of Androgen-associated Body Mass in Klinefelter Syndrome.;Ehrhart MD and Guthrie IR and Qeadan F and Burge MR;30828410;Yes;;2018;;na;na;No;Yes;17;No;US;US;Cerner Corporation;US;
Clinical trial data sharing: here's the challenge.;Kochhar S and Knoppers B and Gamble C and Chant A and Koplan J and Humphreys GS;31439612;No (excluded in title and abstract screening);No medical research (no new insights with direct relevance to health);2019;8;na;na;Yes;No;;;;;;;
The Secure Anonymised Information Linkage databank Dementia e-cohort (SAIL-DeC).;Schnier C and Wilkinson T and Akbari A and Orton C and Sleegers K and Gallacher J and Lyons RA and Sudlow C;32935048;No (excluded in title and abstract screening);No medical research (focus on data provision);2020;2;na;na;No;Yes;;;;;;;
Harmonising Individual Patient Level Cardiac Registry Data Across the Asia Pacific Region-A Feasibility Study of In-Hospital Outcomes of STEMI Patients From the Asia Pacific Evaluation of Cardiovascular Therapies (ASPECT) Network.;Reid CM and Chih H and Duffy SJ and Brennan AL and Ajani AE and Beltrame J and Tavella R and Yan BP and Dinh D and Chin CT and Do LD and Nguyen QN and Nguyen HTT and Wijaya IP and Yamin M and Rusdi L and Alwi I and Sim KH and Yip Fong AY and Wan Ahmad WA and Yeo KK;36272954;No (excluded before screening);Outside the search period;2023;2;2021;6;No;Yes;;;;;;;20.0
Life expectancy and risk of death in 6791 communities in England from 2002 to 2019: high-resolution spatiotemporal analysis of civil registration data.;Rashid T and Bennett JE and Paciorek CJ and Doyle Y and Pearson-Stuttard J and Flaxman S and Fecht D and Toledano MB and Li G and Daby HI and Johnson E and Davies B and Ezzati M;34653419;Yes;;2021;11;2021;6;Yes;Yes;;No;GB;GB;Imperial Colllege London;GB;5.0
Comorbidities in pediatric alopecia areata.;Conic RZ and Tamashunas NL and Damiani G and Fabbrocini G and Cantelli M and Bergfeld WF;32531131;Yes;;2020;12;2020;2;No;Yes;12;No;US;US;IBM;US;10.0
Development of predictive risk models for major adverse cardiovascular events among patients with type 2 diabetes mellitus using health insurance claims data.;Young JB and Gauthier-Loiselle M and Bailey RA and Manceur AM and Lefebvre P and Greenberg M and Lafeuille MH and Duh MS and Bookhart B and Wysham CH;30143045;Yes;;2018;8;2018;5;No;Yes;9;No;US;US;Optum;US;3.0
Cost-minimization analysis of biweekly dosing of cetuximab and FOLFIRI compared with panitumumab and FOLFOX for first-line treatment of patients with KRAS wild-type metastatic colorectal cancer in the United States.;Gathirua-Mwangi WG and Sethi H and Afable MG and Bhattacharyya D and Khan T;34529522;Yes;;2021;1;na;na;Yes;Yes;2;No;US;US;Flatiron Health;US;
Concordance of real-world versus conventional progression-free survival from a phase 3 trial of endocrine therapy as first-line treatment for metastatic breast cancer.;Huang Bartlett C and Mardekian J and Cotter MJ and Huang X and Zhang Z and Parrinello CM and Bourla AB;32315295;Yes;;2020;;2019;1;No;Yes;2;No;US;US;Flatiron Health;US;
A Tale of 2 Constituencies: Exploring Patient and Clinician Perspectives in the Age of Big Data.;Goytia CN and Kastenbaum I and Shelley D and Horowitz CR and Kaushal R;30074954;No (excluded in title and abstract screening);No medical research (focus on anonymization);2018;10;na;na;No;Yes;;;;;;;
Are Social Determinants of Health Associated With Onset of Rehabilitation Services in Patients Hospitalized for Traumatic Brain Injury?;Bukhari RA and Graham JE and Kinney AR and Hoffman A and Malcolm MP;36730956;No (excluded before screening);Outside the search period;2023;3;na;na;No;Yes;;;;;;;
The US Department of Veterans Affairs Science and Health Initiative to Combat Infectious and Emerging Life-Threatening Diseases (VA SHIELD): A Biorepository Addressing National Health Threats.;Harley JB and Pyarajan S and Partan ES and Epstein L and Wertheim JA and Diwan A and Woods CW and Davey V and Blair S and Clark DH and Kaufman KM and Khan S and Chepelev I and Devine A and Cameron P and McCann MF and Ammons MCB and Bolz DD and Battles JK and Curtis JL and Holodniy M and Marconi VC and Searles CD and Beenhouwer DO and Brown ST and Moorman JP and Yao ZQ and Rodriguez-Barradas MC and Mohapatra S and Molina De Rodriguez OY and Padiernos EB and McIndoo ER and Price E and Burgoyne HM and Robey I and Schwenke DC and Shive CL and Przygodzki RM and Ramoni RB and Krull CN and Bonomo RA;36601554;No (excluded in title and abstract screening);No medical research (focus on data provision);2022;12;2022;9;No;Yes;;;;;;;3.0
A longitudinal cohort study of participation in the Boys & Girls Clubs of Winnipeg.;Enns JE and Nickel NC and Chateau D and Katz A and Sarkar J and Lambert D and Brownell M;35782200;Yes;;2022;6;na;na;Yes;No;;No;CA;CA;University of Manitoba;CA;
C-reactive protein elevation is associated with increased morbidity and mortality in elderly burned patients.;Song J and Ozhathil DK and El Ayadi A and Golovko G and Wolf SE;35618514;No (excluded before screening);Outside the search period;2023;6;2021;6;No;Yes;;;;;;;24.0
Long-term benzodiazepines and z-drug prescribing in Australian general practice between 2011 and 2018: A national study.;Woods A and Begum M and Gonzalez-Chica D and Bernardo C and Hoon E and Stocks N;34918876;Yes;;2022;2;2021;6;No;Yes;;No;AU;AU;NPS MedicineWise;AU;8.0
Community-acquired pneumonia in infants: Not simply an acute event with complete recovery.;Lapidot R and Vietri J and Shaff M and Averin A and Lonshteyn A and Weycker D and Wasserman M and Farkouh R and Pelton SI;34864372;Yes;;2022;1;2021;7;No;Yes;10;No;US;US;Optum;US;6.0
Long-term prescription opioid users' risk for new-onset depression increases with frequency of use.;Scherrer JF and Salas J and Miller-Matero LR and Sullivan MD and Ballantyne JC and Debar L and Grucza RA and Lustman PJ and Ahmedani B;34855645;Yes;;2022;8;2021;9;No;Yes;5;No;US;US;Optum;US;11.0
Understanding Factors Associated With Anaplastic Lymphoma Kinase Testing Delays in Patients With Non-Small Cell Lung Cancer in a Large Real-World Oncology Database.;Bernicker EH and Xiao Y and Croix DA and Yang B and Abraham A and Redpath S and Engstrom-Melnyk J and Shah R and Allen TC;34752598;Yes;;2022;8;na;na;No;Yes;2;No;US;US;Flatiron Health;US;
Data-driven identification of temporal glucose patterns in a large cohort of nondiabetic patients with COVID-19 using time-series clustering.;Mistry S and Gouripeddi R and Facelli JC and Facelli JC;34409266;Yes;;2021;7;2021;5;No;Yes;4;Yes;US;US;TriNetX;US;2.0
Beyond Frontline Therapy with Abiraterone and Enzalutamide in Metastatic Castration-Resistant Prostate Cancer: A Real-World US Study.;Shore ND and Ionescu-Ittu R and Laliberté F and Yang L and Lejeune D and Yu L and Duh MS and Mahendran M and Kim J and Ghate SR;34373223;Yes;;2021;12;2021;3;No;Yes;2;No;US;US;Flatiron Health;US;9.0
Mortality and readmission in the year following hospitalization for pneumonia among US adults.;Averin A and Shaff M and Weycker D and Lonshteyn A and Sato R and Pelton SI;34087608;Yes;;2021;8;2021;2;No;Yes;10;No;US;US;Optum;US;6.0
Preoperative vitamin D deficiency is associated with increased risk of postoperative hypocalcemia after total thyroidectomy.;Choi EHE and Qeadan F and Alkhalili E and Lovato C and Burge MR;33789986;Yes;;2021;8;na;na;No;Yes;4;No;US;US;Cerner Corporation;US;
Natural Language Processing and Machine Learning for Detection of Respiratory Illness by Chest CT Imaging and Tracking of COVID-19 Pandemic in the US.;Cury RC and Megyeri I and Lindsey T and Macedo R and Batlle J and Kim S and Baker B and Harris R and Clark RH;33778666;No (excluded in title and abstract screening);No tabular data;2021;2;na;na;No;Yes;;;;;;;
Text mining occupations from the mental health electronic health record: a natural language processing approach using records from the Clinical Record Interactive Search (CRIS) platform in south London, UK.;Chilman N and Song X and Roberts A and Tolani E and Stewart R and Chui Z and Birnie K and Harber-Aschan L and Gazard B and Chandran D and Sanyal J and Hatch S and Kolliakou A and Das-Munshi J;33766838;Yes;;2021;3;na;na;No;Yes;5;No;GB;GB;South London and Maudsley NHS Foundation Trust;GB;
Retrospective review of nicotine exposures in California from 2012 to 2018 and analysis of the impacts of e-cigarette regulations.;Driller G and Plasencia E and Apollonio DE;33653751;Yes;;2021;3;na;na;No;Yes;;No;US;US;California Poison Control System;US;
Association between chronic kidney disease and COVID-19-related mortality in New York.;Mohamed NE and Benn EKT and Astha V and Okhawere KE and Korn TG and Nkemdirim W and Rambhia A and Ige OA and Funchess H and Mihalopoulos M and Meilika KN and Kyprianou N and Badani KK;33481113;Yes;;2021;8;2020;8;No;Yes;14;Yes;US;US;Mount Sinai Health System;US;12.0
Real-World Comparative Effectiveness of Canagliflozin Versus Empagliflozin and Dapagliflozin in Patients with Type 2 Diabetes in the United States.;Blonde L and Patel C and Wu B and Chen YW and Pericone CD and Bookhart B;33180317;Yes;;2021;1;2020;8;Yes;No;4;No;US;US;Optum;US;5.0
Identifying Individuals With Intellectual Disability Within a Population Study.;Franklin MS and Silva SG and Maslow GR and Halpern CT and Merwin EI and Docherty SL;32969948;Yes;;2020;;na;na;No;Yes;5;No;US;US;Eunice Kennedy Shriver National Institute of Child Health and Human Development ;US;
Increased Incidence of Resistant Hypertension in Patients With Systemic Lupus Erythematosus: A Retrospective Cohort Study.;Gandelman JS and Khan OA and Shuey MM and Neal JE and McNeer E and Dickson A and Barnado A and Wang L and Anandi P and Dupont WD and Stein CM and Chung CP;30875459;Yes;;2020;4;2018;6;No;Yes;13;No;US;US;Vanderbilt University Medical Center;US;22.0
Acute kidney injury: a clinical issue in hospitalized patients with heart failure with mid-range ejection fraction.;Lala RI and Lungeanu D and Puschita M and Pop-Moldovan A and Darabantiu D;30411719;Yes;;2018;12;na;na;No;Yes;14;No;RO;RO;Arad Emergency Clinical County Hospital;RO;
Impact of the Four-Hour Rule in Western Australian hospitals: Trend analysis of a large record linkage study 2002-2013.;Ngo H and Forero R and Mountain D and Fatovich D and Man WN and Sprivulis P and Mohsin M and Toloo S and Celenza A and Fitzgerald G and McCarthy S and Hillman K;29538401;Yes;;2018;;2017;1;No;Yes;;No;AU;AU;Western Australian Data Linkage System;AU;
Impact of Primary Tracheoesophageal Puncture on Outcomes after Total Laryngectomy.;Panwar A and Militsakh O and Lindau R and Coughlin A and Sayles H and Rieke KR and Lydiatt W and Lydiatt D and Smith R;28809132;Yes;;2018;1;na;na;No;Yes;10;No;US;US;Multiple;US;
Temporal trends in primary care-recorded self-harm during and beyond the first year of the COVID-19 pandemic: Time series analysis of electronic healthcare records for 2.8 million patients in the Greater Manchester Care Record.;Steeg S and Bojanić L and Tilston G and Williams R and Jenkins DA and Carr MJ and Peek N and Ashcroft DM and Kapur N and Voorhees J and Webb RT;34746726;Yes;;2021;11;2021;7;No;Yes;5;Yes;GB;GB;NHS Greater Manchester;GB;4.0
Risk of psychiatric disorders in patients taking isotretinoin: A nationwide, population-based, cohort study in Taiwan.;Chen YH and Wang WM and Chung CH and Tsao CH and Chien WC and Hung CT;34628248;Yes;;2022;1;2021;5;Yes;No;5;No;TW;TW;National Health Insurance Research Database;TW;8.0
SPECTnet: a deep learning neural network for SPECT image reconstruction.;Shao W and Rowe SP and Du Y;34268432;No (excluded in title and abstract screening);No tabular data;2021;5;2020;4;No;Yes;;;;;;;13.0
Apheresis practice patterns in the United States of America: Analysis of a market claims database.;Zantek ND and Martinez RJ and Johnson AD and Tholkes AJ and Shah S;34252989;Yes;;2021;10;2021;2;Yes;No;;No;US;US;IBM MarketScan;US;8.0
Role of transoesophageal echocardiography in detecting patent foramen ovale in stroke patients aged ≤60 years: A retrospective study.;Najjar R and Hughes A;33253218;Yes;;2020;11;2020;7;No;Yes;9;No;AU;AU;Canberra Hospital;AU;4.0
Safety and efficacy of transcatheter edge-to-edge repair (TEER) in patients with history of cancer.;Khan S and Dani SS and Hermann J and Neilan TG and Lenihan DJ and Fradley M and Parikh R and Khan S and Deswal A and Liu J and Barac A and Labib S and Majithia A and Nohria A and Baron SJ and Ganatra S;36820391;No (excluded before screening);Outside the search period;2023;2;2022;11;No;Yes;;;;;;;3.0
Prevalence and incidence of cyclic vomiting syndrome in Japan: A study using Japanese claims data.;Chang CH and Hikita T and Takabayashi N and Sakaguchi M;36548340;Yes;;2022;;2022;4;No;Yes;18;No;JP;JP;Japan Medical Data Center;JP;
Impact of diabetes status and related factors on COVID-19-associated hospitalization: A nationwide retrospective cohort study of 116,370 adults with SARS-CoV-2 infection.;Tallon EM and Ebekozien O and Sanchez J and Staggs VS and Ferro D and McDonough R and Demeterco-Berggren C and Polsky S and Gomez P and Patel N and Prahalad P and Odugbesan O and Mathias P and Lee JM and Smith C and Shyu CR and Clements MA;36400172;Yes;;2022;12;2022;8;No;Yes;4;Yes;US;US;Cerner Corporation;US;4.0
Demographic factors, psychiatric and physical comorbidities associated with starting preexposure prophylaxis in a nationally distributed cohort.;Drallmeier T and Garrett EK and Meyr A and Salas J and Scherrer JF;36368340;No (not retrieved);Not retrieved;2022;11;2022;7;No;Yes;;;;;;;4.0
Racial inequities in second-line treatment and overall survival among patients with metastatic breast cancer.;Whitaker KD and Wang X and Ascha M and Showalter TN and Lewin HG and Calip GS and Goldstein LJ;36028783;Yes;;2022;11;2022;6;No;Yes;2;No;US;US;Flatiron Health;US;5.0
Reflective journaling of nursing students on weight bias.;Oliver TL and Shenkman R and Diewald LK and Smeltzer SC;33421744;No (excluded in title and abstract screening);Anonymous survey;2021;3;2020;1;Yes;No;;;;;;;14.0
The Prospective Studies of Atherosclerosis (Proof-ATHERO) Consortium: Design and Rationale.;Tschiderer L and Seekircher L and Klingenschmid G and Izzo R and Baldassarre D and Iglseder B and Calabresi L and Liu J and Price JF and Bae JH and Brouwers FP and de Groot E and Schmidt C and Bergström G and Aşçi G and Gresele P and Okazaki S and Kapellas K and Landecho MF and Sattar N and Agewall S and Zou ZY and Byrne CD and Nanayakkara PWB and Papagianni A and Witham MD and Bernal E and Ekart R and van Agtmael MA and Neves MF and Sato E and Ezhov M and Walters M and Olsen MH and Stolić R and Zozulińska-Ziółkiewicz DA and Hanefeld M and Staub D and Nagai M and Nieuwkerk PT and Huisman MV and Kato A and Honda H and Parraga G and Magliano D and Gabriel R and Rundek T and Espeland MA and Kiechl S and Willeit J and Lind L and Empana JP and Lonn E and Tuomainen TP and Catapano A and Chien KL and Sander D and Kavousi M and Beulens JWJ and Bots ML and Sweeting MJ and Lorenz MW and Willeit P;32610336;No (excluded in title and abstract screening);No medical research (focus on data provision);2020;;2020;1;Yes;No;;;;;;;
The impact of universal access to direct-acting antiviral therapy on the hepatitis C cascade of care among individuals attending primary and community health services.;Traeger MW and Pedrana AE and van Santen DK and Doyle JS and Howell J and Thompson AJ and El-Hayek C and Asselin J and Polkinghorne V and Membrey D and Bramwell F and Carter A and Guy R and Stoové MA and Hellard ME;32603349;Yes;;2020;;2020;3;No;Yes;1;No;AU;AU;Multiple;AU;
Hypothyroidism, Sex, and Age Predict Future Thromboembolic Events Among Younger People.;Martinez JA and Qeadan F and Burge MR;31863093;Yes;;2020;4;2019;8;No;Yes;4;No;US;US;University of New Mexico Health Sciences Center;US;8.0
US Integrated Delivery Networks Perspective on Economic Burden of Patients with Treatment-Resistant Depression: A Retrospective Matched-Cohort Study.;Pilon D and Szukis H and Joshi K and Singer D and Sheehan JJ and Wu JW and Lefebvre P and Greenberg P;31254275;Yes;;2020;3;na;na;No;Yes;5;No;CA;US;Optum;US;
Adverse Events Associated with Risperidone Use in Pediatric Patients: A Retrospective Biobank Study.;Oshikoya KA and Carroll R and Aka I and Roden DM and Van Driest SL;30919267;Yes;;2019;6;na;na;No;Yes;5;No;US;US;Vanderbilt University Medical Center;US;
"5-Fluorouracil-related Cardiotoxicity; Findings From Five Randomized Studies of 5-Fluorouracil-based Regimens in Metastatic Colorectal Cancer.";Abdel-Rahman O;30470591;Yes;;2019;3;2018;9;Yes;No;2;No;CA;;Project Data Sphere / Multiple;various;6.0
Using machine learning to identify patterns of lifetime health problems in decedents with autism spectrum disorder.;Bishop-Fitzpatrick L and Movaghar A and Greenberg JS and Page D and DaWalt LS and Brilliant MH and Mailick MR;29734508;Yes;;2018;8;2017;6;No;Yes;5;No;US;US;Marshfield clinic;US;14.0
The Relationship Between Bone Mineral Density and Cardiovascular Function in Duchenne Muscular Dystrophy: A Retrospective Cohort Study.;Kervin T and Thangarajh M;29623244;Yes;;2018;3;na;na;No;Yes;6;No;US;US;Not precisely specified;US;
Ventilator Boot Camp Improves the Knowledge and Skills Associated With Mechanical Ventilator Use During Interfacility Transport of Intubated Pediatric Patients.;Walton JL and Dunn DK and Haines NY and Heisler I and Bigham MT and Volsko TA;29559539;No (excluded in full-paper screening);No real-world application (findings not based on real-world data);2018;4;na;na;No;Yes;?;No;US;US;;?;
Exploring public concerns for sharing and governance of personal health information: a focus group study.;McCormick JB and Hopkins MA;34926998;No (excluded in title and abstract screening);No real-world application (findings not based on real-world data);2021;10;na;na;No;Yes;;;;;;;
Performance of the Access Bio/CareStart rapid diagnostic test for the detection of glucose-6-phosphate dehydrogenase deficiency: A systematic review and meta-analysis.;Ley B and Winasti Satyagraha A and Rahmat H and von Fricken ME and Douglas NM and Pfeffer DA and Espino F and von Seidlein L and Henriques G and Oo NN and Menard D and Parikh S and Bancone G and Karahalios A and Price RN;31834890;Yes;;2019;12;2019;6;Yes;No;3;No;AU;AU;Multiple;TH, PH, KH, LA, MM, UG, ID, HT;6.0
The Role of Cytoreductive Nephrectomy in Metastatic Renal Cell Carcinoma: A Real-World Multi-Institutional Analysis.;Ghatalia P and Handorf EA and Geynisman DM and Deng M and Zibelman MR and Abbosh P and Anari F and Greenberg RE and Viterbo R and Chen D and Smaldone MC and Kutikov A and Uzzo RG;35212574;Yes;;2022;7;na;na;No;Yes;2;No;US;US;Flatiron Health;US;
Preconception health service provision among women with and without substance use disorders.;Bello JK and Salas J and Grucza R;34871977;No (not retrieved);Not retrieved;2022;1;2021;9;No;Yes;;;;;;;4.0
Medication prescribing in face-to-face versus telehealth consultations during the COVID-19 pandemic in Australian general practice: a retrospective observational study.;Wabe N and Thomas J and Sezgin G and Sheikh MK and Gault E and Georgiou A;34819296;Yes;;2022;3;2021;7;No;Yes;;Yes;AU;AU;Outcome Health;AU;8.0
Subarachnoid Hemorrhage and COVID-19: An Analysis of 282,718 Patients.;Qureshi AI and Baskett WI and Huang W and Shyu D and Myers D and Lobanova I and Ishfaq MF and Naqvi SH and French BR and Siddiq F and Gomez CR and Shyu CR;33940263;Yes;;2021;7;na;na;No;Yes;9;Yes;US;US;Cerner;US;
Performance assessment of different machine learning approaches in predicting diabetic ketoacidosis in adults with type 1 diabetes using electronic health records data.;Li L and Lee CC and Zhou FL and Molony C and Doder Z and Zalmover E and Sharma K and Juhaeri J and Wu C;33480091;Yes;;2021;5;2020;8;No;Yes;4;No;US;US;Optum;US;9.0
Kept clinical visits, as scheduled in the first 6 months of antiretroviral treatment, determine long-term treatment outcomes in people living with HIV: a large retrospective cohort study in China.;Su S and Mao L and He J and Wei X and Jing J and Chen X and Zhang L;28903015;No (excluded in full-paper screening);No access;2018;2;2017;2;Yes;No;;;;;;;12.0
Outcomes for Patients With Chronic Lymphocytic Leukemia (CLL) Previously Treated With Both a Covalent BTK and BCL2 Inhibitor in the United States: A Real-World Database Study.;Mato AR and Hess LM and Chen Y and Abada PB and Konig H and Pagel JM and Walgren RA;36335022;No (excluded before screening);Outside the search period;2023;1;2022;8;No;Yes;2;No;US;US;ConcertAI;US;5.0
Prevalence of antimicrobial-resistant organisms in smaller Canadian hospitals: Community, Rural, and Northern Acute Care Point Prevalence (CNAPP-19) Survey, 2019.;Thomas S and Tropper DG and Knight B and Sheppard D and Lary T and Mackenzie J and German G and Frenette C and Bush K and Ellison J and Happe J and Shurgold J;38222826;Yes;;2022;11;na;na;No;Yes;1;No;CA;CA;Multiple;CA;
Updating Urinary Microbiome Analyses to Enhance Biologic Interpretation.;Siddiqui NY and Ma L and Brubaker L and Mao J and Hoffman C and Dahl EM and Wang Z and Karstens L;35899056;No (excluded in title and abstract screening);No tabular data;2022;;2021;10;No;Yes;;;;;;;
Incidence of COVID-19 Vaccination-Related Uveitis and Effects of Booster Dose in a Tertiary Uveitis Referral Center.;Chew MC and Wiryasaputra S and Wu M and Khor WB and Chan ASY;35814745;Yes;;2022;;2022;4;No;Yes;22;Yes;SG;SG;Singapore National Eye Center;SG;
Reporting on neurological burden in Hargeisa, Somaliland between 2019 and 2020: A cross-sectional study.;Abdulrahman H and Hijaz BA and Mumin M and Caqli I and Osman J and Gelaye B and Bousleiman S and Fricchione GL and Chemali Z;35777314;No (excluded in full-paper screening);No access;2022;9;2021;11;Yes;No;;;;;;;10.0
Can digital engagement improve outcomes for total joint replacements?;Milliren CE and Lindsay B and Biernat L and Smith TA and Weaver B;35493958;Yes;;2022;1;2020;12;No;Yes;;No;US;US;Multiple;US;13.0
Psychotropic medications use and side effects of individuals with intellectual and developmental disabilities.;Charlot LR and Doerfler LA and McLaren JL;32959471;No (excluded in full-paper screening);No access;2020;11;2020;2;Yes;No;;;;;;;9.0
A step towards personalizing next line therapy for resected pancreatic and related cancer patients: A single institution's experience.;Lowder CY and Dhir T and Goetz AB and Thomsett HL and Bender J and Tatarian T and Madhavan S and Petricoin EF 3rd and Blais E and Lavu H and Winter JM and Posey J 3rd and Brody JR and Pishvaian MJ and Yeo CJ;32561076;Yes;;2020;6;2019;7;No;Yes;2;No;US;US;Thomas Jefferson University;US;11.0
Evaluating the Impact of Oncology Care Model Reporting Requirements on Biomarker Testing and Treatment.;Castellanos EH and Orlando A and Ma X and Parikh RB and O'Connell G and Meropol NJ and Hamrick J and Adamson BJS;32496874;Yes;;2020;10;na;na;No;Yes;2;No;US;US;Flatiron Health;US;
Trends and predictors of extreme preterm birth: Western Australian population-based cohort study.;Farrant BM and White SW and Shepherd CCJ;30913277;Yes;;2019;;2017;11;No;Yes;15;No;AU;AU;Western Australian Data Linkage System;AU;
Challenges in the Analysis of Outcomes for Surgical Compared to Radiotherapy Treatment of Prostate Cancer.;Glaser SM and Kalash R and Bongiorni DR and Roberts MS and Balasubramani GK and Jacobs BL and Beriwal S and Heron DE and Greenberger JS;29275307;Yes;;2018;1;2017;10;No;Yes;2;No;US;US;University of Pittsburgh Medical Center;US;3.0
The antinuclear antibody dense fine speckled pattern and possible clinical associations: An indication of a proinflammatory microenvironment.;Lundgren MC and Sapkota S and Peterson DJ and Crosson JT;33121975;Yes;;2021;1;2020;4;No;Yes;13;No;US;US;Not precisely specified;US;9.0
Comparative effectiveness of second-line ipilimumab vs. nivolumab in combination with ipilimumab in patients with advanced melanoma who received frontline anti-PD-1 antibodies.;Baron K and Moser JC and Patel S and Grossmann KF and Colonna SV and Hyngstrom JR;32423325;Yes;;2021;4;na;na;No;Yes;2;No;US;US;Flatiron Health;US;
Outcomes of Depression Screening for Adolescents Accessing Pediatric Primary Care-Based Services.;Chowdhury T and Champion JD;32135479;No (excluded in full-paper screening);No access;2020;5;2019;8;No;Yes;;;;;;;9.0
"Local excision in mid-to-low rectal cancer patients who revealed clinically total or near-total regression after preoperative chemoradiotherapy; a proposed trial.";Lee JL and Lim SB and Yu CS and Park IJ and Yoon YS and Kim CW and Park SH and Lee JS and Hong YS and Kim SY and Kim JE and Kim JH and Park JH and Kim J and Han M;31035949;No (excluded in title and abstract screening);No real-world application (findings not based on real-world data);2019;4;2018;8;No;Yes;;;;;;;8.0
Evaluating risk factors for differences in fibroid size and number using a large electronic health record population.;Bray MJ and Torstenson ES and Jones SH and Edwards TL and Velez Edwards DR;29907250;Yes;;2018;8;2018;4;No;Yes;2;No;US;US;Vanderbilt University Medical Center;US;4.0
Racial differences in patients referred for right heart catheterization and risk of pulmonary hypertension.;Yang BQ and Assad TR and O'Leary JM and Xu M and Halliday SJ and D'Amico RW and Farber-Eger EH and Wells QS and Hemnes AR and Brittain EL;29480090;Yes;;2018;4;na;na;No;Yes;9;No;US;US;Vanderbilt Universtiy Medical Center;US;
Country of birth and non-small cell lung cancer incidence, treatment, and outcomes in New South Wales, Australia: a population-based linkage study.;Little A and Roder D and Zhao GW and Challam S and Malalasekera A and Currow D;36163039;Yes;;2022;9;2022;4;No;Yes;2;No;AU;AU;Multiple;AU;5.0
Venetoclax and Hypomethylating Agents as First-line Treatment in Newly Diagnosed Patients with AML in a Predominately Community Setting in the US.;Vachhani P and Flahavan EM and Xu T and Ma E and Montez M and Gershon A and Onishi M and Jin H and Ku G and Flores B and Bui CN and Abbas JA and Donnellan W;35925602;Yes;;2022;11;2022;2;No;Yes;2;No;US;US;Flatiron Health;US;9.0
Does real-time artificial intelligence-based visual pathology enhancement of three-dimensional optical coherence tomography scans optimise treatment decision in patients with nAMD? Rationale and design of the RAZORBILL study.;Holz FG and Abreu-Gonzalez R and Bandello F and Duval R and O'Toole L and Pauleikhoff D and Staurenghi G and Wolf A and Lorand D and Clemens A and Gmeiner B;34362776;No (excluded before screening);Outside the search period;2023;1;2021;3;No;Yes;;;;;;;22.0
Delirium in Children Undergoing Hematopoietic Cell Transplantation: A Multi-Institutional Point Prevalence Study.;Traube C and Gerber LM and Mauer EA and Small K and Broglie L and Chopra YR and Duncan CN and Ebens CL and Fitzgerald JC and Freedman JL and Hudspeth MP and Hurley C and Mahadeo KM and McArthur J and Shapiro MC and Sharron MP and Wall DA and Zinter MS and Greenwald BM and Silver G and Boulad F;33968727;Yes;;2021;4;2020;11;No;Yes;5;No;US;US;Multiple;US;5.0
Impact of Probiotic B. infantis EVC001 Feeding in Premature Infants on the Gut Microbiome, Nosocomially Acquired Antibiotic Resistance, and Enteric Inflammation.;Nguyen M and Holdbrooks H and Mishra P and Abrantes MA and Eskew S and Garma M and Oca CG and McGuckin C and Hein CB and Mitchell RD and Kazi S and Chew S and Casaburi G and Brown CN and Frese SA and Henrick BM;33665175;Yes;;2021;2;2020;10;No;Yes;15;No;US;US;Kaiser Permanente Orange County Anaheim Medical Center, Kaiser Permanente Orange County Irvine Medical Center;US;4.0
Spatial N-glycomics of the human aortic valve in development and pediatric endstage congenital aortic valve stenosis.;Angel PM and Drake RR and Park Y and Clift CL and West C and Berkhiser S and Hardiman G and Mehta AS and Bichell DP and Su YR;33516683;Yes;;2021;5;2020;5;No;Yes;9;No;US;US;Vanderbilt University Medical Center;US;12.0
Utilization Trends and Factors Associated With ROS1 Testing Among Patients With Advanced Non-small-cell Lung Cancer in US Community Practices.;Wong W and Wu N and Gupta R and Mansfield AS;32763067;Yes;;2021;5;2020;5;No;Yes;2;No;US;US;Flatiron Health;US;12.0
Machine learning prediction of incidence of Alzheimer's disease using large-scale administrative health data.;Park JH and Cho HE and Kim JH and Wall MM and Stern Y and Lim H and Yoo S and Kim HS and Cha J;32258428;Yes;;2020;;2019;9;No;Yes;5;No;US;US;Korean National Health Insurance Service;KR;
Complexity in disease management: A linked data analysis of multimorbidity in Aboriginal and non-Aboriginal patients hospitalised with atherothrombotic disease in Western Australia.;Hussain MA and Katzenellenbogen JM and Sanfilippo FM and Murray K and Thompson SC;30106971;Yes;;2018;;2018;5;No;Yes;9;No;AU;AU;Western Australian Data Linkage System;AU;
The Development and Validation of Simplified Machine Learning Algorithms to Predict Prognosis of Hospitalized Patients With COVID-19: Multicenter, Retrospective Study.;He F and Page JH and Weinberg KR and Mishra A;34951865;Yes;;2022;1;2021;6;No;Yes;22;Yes;US;US;Optum;US;7.0
The assessment of data quality issues for process mining in healthcare using Medical Information Mart for Intensive Care III, a freely available e-health record database.;Kurniati AP and Rojas E and Hogg D and Hall G and Johnson OA;30488750;No (excluded in title and abstract screening);No medical research (focus on data provision);2019;12;na;na;Yes;Yes;;;;;;;
Development and Implementation of a Multisite Registry Using Structured Templates for Actionable Findings in the Kidney.;Cook TS and Paulus R and Gillis LB and Chambers C and Nair SS and Deshmukh S and Sarwani NI and Zafar HM;35346619;No (excluded in title and abstract screening);No medical research (focus on data provision);2022;5;2021;11;No;Yes;;;;;;;6.0
The Association of Real-World CA 19-9 Level Monitoring Patterns and Clinical Outcomes Among Patients With Metastatic Pancreatic Ductal Adenocarcinoma.;George B and Kent M and Surinach A and Lamarre N and Cockrum P;34671563;Yes;;2021;;2021;8;No;Yes;2;No;US;US;Flatiron Health;US;
eARDS: A multi-center validation of an interpretable machine learning algorithm of early onset Acute Respiratory Distress Syndrome (ARDS) among critically ill adults with COVID-19.;Singhal L and Garg Y and Yang P and Tabaie A and Wong AI and Mohammed A and Chinthala L and Kadaria D and Sodhi A and Holder AL and Esper A and Blum JM and Davis RL and Clifford GD and Martin GS and Kamaleswaran R;34559819;Yes;;2021;;2021;4;No;Yes;10;Yes;US;US;Cerner Corporation;US;
High prevalence of co-occurring substance use in individuals with opioid use disorder.;Mahoney JJ 3rd and Winstanley EL and Lander LR and Berry JH and Marshalek PJ and Haut MW and Marton JL and Kimble WD and Armistead M and Wen S and Cai Y and Hodder SL;33348147;Yes;;2021;3;2020;5;No;Yes;5;No;US;US;West Virginia Clinical and Translation Science Institute;US;10.0
The research data management platform (RDMP): A novel, process driven, open-source tool for the management of longitudinal cohorts of clinical data.;Nind T and Galloway J and McAllister G and Scobbie D and Bonney W and Hall C and Tramma L and Reel P and Groves M and Appleby P and Doney A and Guthrie B and Jefferson E;29790950;No (excluded in title and abstract screening);No real-world application (findings not based on real-world data);2018;7;2018;3;Yes;Yes;;;;;;;4.0
Randomised feasibility study of prehospital recognition and antibiotics for emergency patients with sepsis (PhRASe).;Jones J and Allen S and Davies J and Driscoll T and Ellis G and Fegan G and Foster T and Francis N and Islam S and Morgan M and Nanayakkara PWB and Perkins GD and Porter A and Rainer T and Ricketts S and Sewell B and Shanahan T and Smith FG and Smyth MA and Snooks H and Moore C;34545117;Yes;;2021;9;2021;4;No;Yes;1;No;GB;GB;SAIL Databank;GB;5.0
Closing the UK care home data gap - methodological challenges and solutions.;Burton JK and Goodman C and Guthrie B and Gordon AL and Hanratty B and Quinn TJ;34046529;No (excluded in title and abstract screening);No real-world application (findings not based on real-world data);2021;5;na;na;No;Yes;;;;;;;
The real-world effectiveness of sucroferric oxyhydroxide in European hemodialysis patients: a 1-year retrospective database analysis.;Ramos R and Chazot C and Ferreira A and Di Benedetto A and Gurevich K and Feuersenger A and Wolf M and Arens HJ and Walpen S and Stuard S;33287733;Yes;;2020;12;2020;6;No;Yes;4;No;ES;DE;Fresenius;FR, IT, PT, RU, ES;6.0
COVID-19 vaccination in pregnancy: views and vaccination uptake rates in pregnancy, a mixed methods analysis from SAIL and the Born-In-Wales Birth Cohort.;Mhereeg M and Jones H and Kennedy J and Seaborne M and Parker M and Kennedy N and Beeson S and Akbari A and Zuccolo L and Davies A and Brophy S;36503414;Yes;;2022;12;2022;7;No;Yes;22;Yes;GB;GB;SAIL Databank;GB;5.0
Real-World Assessment of Weight Change in People with HIV-1 After Initiating Integrase Strand Transfer Inhibitors or Protease Inhibitors.;Chen YW and Hardy H and Pericone CD and Chow W;32766375;Yes;;2020;;2020;4;No;Yes;1;No;US;US;Optum;US;
General practice management of depression among patients with coronary heart disease in Australia.;Jahan H and Bernardo C and Gonzalez-Chica D and Benson J and Stocks N;36526976;Yes;;2022;12;2022;4;No;Yes;5;No;AU;AU;MedicineInsight;AU;8.0
Cluster analysis of patients with granulomatosis with polyangiitis (GPA) based on clinical presentation symptoms: a UK population-based cohort study.;Thayakaran R and Goel R and Adderley NJ and Chandan JS and Zemedikun D and Nirantharakumar K and Harper L;35986399;Yes;;2022;8;2021;11;Yes;No;13;No;GB;GB;IQVIA Medical Research Data, THIN, ONS;GB;9.0
Early-onset eating disorders in Australian children: A national surveillance study showing increased incidence.;Morris A and Elliott E and Madden S;35979631;Yes;;2022;12;2022;2;No;Yes;5;No;AU;AU;Australian Paediatric Surveillance Unit;AU;10.0
Comparative effectiveness of early-line nab-paclitaxel vs. paclitaxel in patients with metastatic breast cancer: a US community-based real-world analysis.;Mahtani RL and Parisi M and Glück S and Ni Q and Park S and Pelletier C and Faria C and Braiteh F;29445301;Yes;;2018;2;na;na;No;Yes;2;No;US;US;Navigating Cancer;US;
Real-world treatment patterns and outcomes of abemaciclib for the treatment of HR+, HER2- metastatic breast cancer.;Cuyun Carter G and Sheffield KM and Gossai A and Huang YJ and Zhu YE and Bowman L and Nash Smyth E and Mathur R and Cohen AB and Rasmussen E and Balakrishna S and Morato Guimaraes C and Rybowski S and Seidman AD;33970738;Yes;;2021;7;na;na;No;Yes;2;No;US;US;Flatiron Health;US;
Using deep learning and natural language processing models to detect child physical abuse.;Shahi N and Shahi AK and Phillips R and Shirek G and Lindberg DM and Moulton SL;33838900;Yes;;2021;12;2020;11;No;Yes;19;No;US;US;Children's Hospital Colorado;US;13.0
Mapping diversity and demographic-based changes to a pediatric population attending a specialist tertiary hospital: a retrospective review.;Sheppard-Law S and Cruickshank M and Debono D;33174268;Yes;;2021;2;2020;5;No;Yes;;No;AU;AU;Multiple;AU;9.0
The OPTIMISE project: protocol for a mixed methods, pragmatic, quasi-experimental trial to improve primary care delivery to refugees in Australia.;Russell G and Gunatillaka N and Lewis V and Cheng IH and Enticott J and Marsh G and Vasi S and Advocat J and Song H and Saito S and Casey S and Smith M and Harris M;31217004;No (excluded in title and abstract screening);No real-world application (findings not based on real-world data);2019;6;2019;4;No;Yes;;;;;;;2.0
Is Blockchain Technology Suitable for Managing Personal Health Records? Mixed-Methods Study to Test Feasibility.;Park YR and Lee E and Na W and Park S and Lee Y and Lee JH;30735142;No (excluded in title and abstract screening);No medical research (no new insights with direct relevance to health);2019;2;2018;10;No;Yes;;;;;;;4.0
Accuracy of emergency physicians' self-estimates of CT scan utilization and its potential effect on an audit and feedback intervention: a randomized trial.;Larkin C and Sanseverino AM and Joseph J and Eisenhauer L and Reznek MA;34315533;No (excluded in title and abstract screening);No medical research (no new insights with direct relevance to health);2021;7;2020;12;No;Yes;;;;;;;7.0
Renin-Angiotensin-Aldosterone System Modulates Blood Pressure Response During Vascular Endothelial Growth Factor Receptor Inhibition.;Bottinor WJ and Shuey MM and Manouchehri A and Farber-Eger EH and Xu M and Nair D and Salem JE and Wang TJ and Brittain EL;32984850;Yes;;2019;9;na;na;No;Yes;9;No;US;US;Vanderbilt University Medical Center;US;
Trends and patterns of benzodiazepines and Z-drugs prescriptions in Australian general practice: A national study (2011-2018).;Gonzalez-Chica D and Begum M and Bernardo C and Hoon E and Sweetman A and Stocks N;36217261;No (excluded before screening);Outside the search period;2023;2;2022;1;No;Yes;;No;AU;AU;NPS MedicineWise;AU;13.0
Increased healthcare costs by later stage cancer diagnosis.;McGarvey N and Gitlin M and Fadli E and Chung KC;36096813;Yes;;2022;9;2022;3;No;Yes;2;No;US;US;Optum;US;6.0
Effectiveness of the recombinant zoster vaccine among Kaiser Permanente Hawaii enrollees aged 50 and older: A retrospective cohort study.;Sun Y and Jackson K and Dalmon CA and Shapiro BL and Nie S and Wong C and Arnold BF and Porco TC and Acharya NR;34116874;Yes;;2021;6;2021;3;No;Yes;1;No;US;US;Kaiser Permanente Hawaii;US;3.0
Association Between Parental Type 1 and Type 2 Diabetes Diagnosis and Major Osteoporotic Fracture Risk in Adult Offspring: A Population-Based Cohort Study.;Hamad AF and Yan L and Leslie WD and Morin SN and Walld R and Roos LL and Yang S and Lix LM;34053878;No (not retrieved);Not retrieved;2022;2;2021;1;No;Yes;;;;;;;13.0
Comparative Effectiveness of Immune Checkpoint Inhibitors in Patients with Platinum Refractory Advanced Urothelial Carcinoma.;Swami U and Haaland B and Kessel A and Nussenzveig R and Maughan BL and Esther J and Sirohi D and Pal SK and Grivas P and Agarwal N;33080152;No (excluded in full-paper screening);;2021;3;na;na;Yes;No;;;;;;;
Rivaroxaban versus warfarin for treatment and prevention of recurrence of venous thromboembolism in African American patients: a retrospective cohort analysis.;Costa OS and Thompson S and Ashton V and Palladino M and Bunz TJ and Coleman CI;32292291;Yes;;2020;;2019;12;No;Yes;9;No;US;US;Optum;US;
Teaching a difficult topic using a problem-based concept resembling a computer game: development and evaluation of an e-learning application for medical molecular genetics.;Prochazkova K and Novotny P and Hancarova M and Prchalova D and Sedlacek Z;31651301;No (excluded in title and abstract screening);No real-world application (findings not based on real-world data);2019;10;na;na;No;Yes;;;;;;;
Counterintuitive results from observational data: a case study and discussion.;Doty E and Stone DJ and McCague N and Celi LA;31061037;Yes;;2019;5;na;na;No;Yes;9;No;US;US;MIMIC-III;US;
Racial and Ethnic Differences in the Association Between Diabetes Mellitus and Dry Eye Disease.;Ward MF 2nd and Le P and Donaldson JC and Van Buren E and Lin FC and Lefebvre C and Weaver M and Van Der Vaart R and Davis RM;31025588;Yes;;2019;10;na;na;No;Yes;4;No;US;US;University of North Carolina;US;
Using natural language processing to extract structured epilepsy data from unstructured clinic letters: development and validation of the ExECT (extraction of epilepsy clinical text) system.;Fonferko-Shadrach B and Lacey AS and Roberts A and Akbari A and Thompson S and Ford DV and Lyons RA and Rees MI and Pickrell WO;30940752;No (excluded in title and abstract screening);No tabular data;2019;4;na;na;No;Yes;;;;;;;
Using Dispensing Data to Evaluate Adherence Implementation Rates in Community Pharmacy.;Torres-Robles A and Wiecek E and Cutler R and Drake B and Benrimoj SI and Fernandez-Llimos F and Garcia-Cardenas V;30863308;Yes;;2019;;2018;8;No;Yes;;No;AU;AU;The Pharmacy Guild of Australia;AU;
Trends in Hospital Admissions for Intimate Partner Violence in Australian Mothers With Children Born From 1990 to 2009.;Orr C and Preen D and Fisher C and Sims S and O'Donnell M;30813820;Yes;;2021;8;na;na;No;Yes;;No;AU;AU;Western Australian Data Linkage System;AU;
Statin treatment and outcomes of metastatic pancreatic cancer: a pooled analysis of two phase III studies.;Abdel-Rahman O;30465184;Yes;;2019;6;2018;9;No;Yes;2;No;EG;;Project Data Sphere / Multiple;various;9.0
Factors associated with physician decision making on withholding cardiopulmonary resuscitation in prehospital medicine.;Zajic P and Zoidl P and Deininger M and Heschl S and Fellinger T and Posch M and Metnitz P and Prause G;33664416;Yes;;2021;3;2020;11;No;Yes;;No;AT;AT;Medical University of Graz;AT;4.0
Prevalence of non-communicable diseases and associated medication use among Syrian refugees in Lebanon: an analysis of country-wide data from the Sijilli electronic health records database.;Saleh S and Abdouni L and Dimassi H and Nabulsi D and Harb R and Jammoul Z and Hachach N and El Arnaout N;34663406;Yes;;2021;10;2020;8;No;Yes;;No;LB;LB;American University of Beirut;LB;14.0
A Longitudinal Cohort Study of Precocious Puberty and Autism Spectrum Disorder.;Geier DA and Geier MR;34425572;Yes;;2021;;2021;1;Yes;No;5;No;US;US;Independent Healthcare Research Database;US;
Predictors of Sudden Cardiac Arrest Among Patients With Post-Myocardial Infarction Ejection Fraction Greater Than 35.;Adabag S and Zimmerman P and Lexcen D and Cheng A;34259015;Yes;;2021;7;na;na;No;Yes;9;No;US;US;Optum;US;
Opioid dosing among patients with 3 or more years of continuous prescription opioid use before and after the CDC opioid prescribing guideline.;Salas J and Li X and Xian H and Sullivan MD and Ballantyne JC and Lustman PJ and Grucza R and Scherrer JF;34098282;No (not retrieved);Not retrieved;2021;11;2021;1;No;Yes;;;;;;;10.0
Effectiveness of clinical criteria in directing patient flow from the emergency department to a medical assessment unit in Queensland, Australia: a retrospective chart review of hospital administrative data.;Osborne S and Cleak H and White N and Lee X and Deacon A and de Looze JWM;34051765;Yes;;2021;5;2020;9;No;Yes;;No;AU;AU;Multiple;AU;8.0
Physician variation in the de-adoption of ineffective statin and fibrate therapy.;Everhart A and Desai NR and Dowd B and Herrin J and Higuera L and Jeffery MM and Jena AB and Ross JS and Shah ND and Smith LB and Karaca-Mandic P;33569804;Yes;;2021;10;na;na;No;Yes;4;No;US;US;Optum;US;
Hospital admissions for dental disorders in patients with severe mental illness in Southeast London: A register-based cohort study.;Chaturvedi J and Sabbah W and Gallagher JE and Turner J and Curl C and Stewart R;33538014;Yes;;2021;2;2020;6;No;Yes;11;No;GB;GB;South London and Maudsley NHS Foundation Trust;GB;8.0
Obstetric near misses among women with serious mental illness: data linkage cohort study.;Easter A and Sandall J and Howard LM;33427147;Yes;;2021;9;na;na;No;Yes;5;No;GB;GB;South London and Maudsley NHS Foundation Trust;GB;
An exploratory study to characterize the HIV testing-to-care continuum to improve outcomes for Black and Latinx residents of South Los Angeles.;McAndrew BM and Gil N and Lee DP and Teklehaimanot S and Schrode KM and Bailey S and Jordan W and Spencer LY and Rothman E and Harawa NT and Daniels J;36040966;Yes;;2022;;2021;6;No;Yes;1;No;US;US;;;
Assessing Real-World Racial Differences Among Patients With Metastatic Triple-Negative Breast Cancer in US Community Practices.;Tan R and Cassoli L and Yan Y and Shen V and Day BM and Mitchell EP;35685754;Yes;;2022;;2022;1;No;Yes;2;No;US;US;Flatiron Health;US;
Association of baseline systemic corticosteroid use with overall survival and time to next treatment in patients receiving immune checkpoint inhibitor therapy in real-world US oncology practice for advanced non-small cell lung cancer, melanoma, or urothelial carcinoma.;Drakaki A and Dhillon PK and Wakelee H and Chui SY and Shim J and Kent M and Degaonkar V and Hoang T and McNally V and Luhn P and Gutzmer R;33101774;Yes;;2020;10;na;na;No;Yes;2;No;US;DE;Flatiron Health;US;
Real-World Outcomes for Advanced Non-Small Cell Lung Cancer Patients Treated With a PD-L1 Inhibitor Beyond Progression.;Stinchcombe TE and Miksad RA and Gossai A and Griffith SD and Torres AZ;32409266;Yes;;2020;9;2019;9;No;Yes;2;No;US;US;Flatiron Health;US;12.0
Real-world data medical knowledge graph: construction and applications.;Li L and Wang P and Yan J and Wang Y and Li S and Jiang J and Sun Z and Tang B and Chang TH and Wang S and Liu Y;32143785;No (excluded in title and abstract screening);No medical research (no new insights with direct relevance to health);2020;3;2019;9;No;Yes;;;;;;;6.0
Risk Calculator to Predict Cesarean Delivery Among Women Undergoing Induction of Labor.;Rossi RM and Requarth E and Warshak CR and Dufendach KR and Hall ES and DeFranco EA;32028500;Yes;;2020;3;na;na;No;Yes;15;No;US;US;National Center for Health Statistics;US;
Development of risk models for major adverse chronic renal outcomes among patients with type 2 diabetes mellitus using insurance claims: a retrospective observational study.;Wysham CH and Gauthier-Loiselle M and Bailey RA and Manceur AM and Lefebvre P and Greenberg M and Duh MS and Young JB;31625766;Yes;;2020;2;na;na;No;Yes;4;No;US;US;Optum;US;
Attention-Deficit/Hyperactivity Disorder Medication and Unintentional Injuries in Children and Adolescents.;Ghirardi L and Larsson H and Chang Z and Chen Q and Quinn PD and Hur K and Gibbons RD and D'Onofrio BM;31302218;Yes;;2020;8;2019;2;Yes;No;5;No;SE;SE;Truven Health;US;18.0
Agreement between primary care and hospital diagnosis of schizophrenia and bipolar disorder: A cross-sectional, observational study using record linkage.;O'Neill B and Kalia S and Aliarzadeh B and Moineddin R and Fung WLA and Sullivan F and Maloul A and Bernard S and Greiver M;30615653;Yes;;2019;;2018;8;No;Yes;5;No;CA;CA;Multiple;CA;
Clostridial collagenase ointment and medicinal honey utilization for pressure ulcers in US hospitals.;Dreyfus J and Delhougne G and James R and Gayle J and Waycaster C;29295637;Yes;;2018;4;na;na;No;Yes;12;No;US;US;Premier Healthcare Database;US;
Using Public Health Data for Soil Pb Hazard Management in Ohio.;Obrycki JF and Serafini T and Hood DB and Alexander C and Blais P and Basta NT;28079647;Yes;;2018;;na;na;No;Yes;19;No;US;US;Ohio Department of Health;US;
Validation of a case definition for speech and language disorders: In community-dwelling older adults in Alberta.;Miyagishima R and Drummond N and Carroll L and Hopper T and Garies S and Williamson T;32165481;Yes;;2020;3;na;na;No;Yes;;No;CA;CA;Multiple;CA;
The effect of surgery report cards on improving radical prostatectomy quality: the SuRep study protocol.;Breau RH and Kumar RM and Lavallee LT and Cagiannos I and Morash C and Horrigan M and Cnossen S and Mallick R and Stacey D and Fung-Kee-Fung M and Morash R and Smylie J and Witiuk K and Fergusson DA;30340572;No (excluded in title and abstract screening);No real-world application (findings not based on real-world data);2018;10;2018;3;No;Yes;;;;;;;7.0
Inequity in access to continuous glucose monitoring and health outcomes in paediatric diabetes, a case for national continuous glucose monitoring funding: A cross-sectional population study of children with type 1 diabetes in New Zealand.;Burnside MJ and Williman JA and Davies HM and Jefferies CA and Paul RG and Wheeler BJ and Wiltshire EJ and Anderson YC and de Bock MI;36419466;No (excluded before screening);Outside the search period;2023;2;2022;7;No;Yes;4;No;NZ;NZ;Multiple;NZ;7.0
The impact of language barriers & interpreters on critical care patient outcomes.;Duronjic A and Ku D and Chavan S and Bucci T and Taylor S and Pilcher D;36368174;No (excluded before screening);Outside the search period;2023;2;2022;7;No;Yes;;;;;;;7.0
Clinico-Genomic Characterization of Patients with Metastatic Urothelial Carcinoma in Real-World Practice Identifies a Novel Bladder Immune Performance Index (BIPI).;Szabados B and Ponz-Sarvisé M and Machado R and Saldana D and Kadel EE and Banchereau R and Bouquet F and Garmhausen M and Powles T and Schröder C;35877091;Yes;;2022;9;2022;1;No;Yes;2;No;GB;CH;Flatiron Health;US;8.0
Evaluation for clinical benefit of metformin in patients with idiopathic pulmonary fibrosis and type 2 diabetes mellitus: a national claims-based cohort analysis.;Teague TT and Payne SR and Kelly BT and Dempsey TM and McCoy RG and Sangaralingham LR and Limper AH;35410255;Yes;;2022;4;2021;11;No;Yes;10;No;US;US;Optum;US;5.0
Genomic testing among patients with newly diagnosed advanced non-small cell lung cancer in the United States: A contemporary clinical practice patterns study.;Paz-Ares L and Gondos A and Saldana D and Thomas M and Mascaux C and Bubendorf L and Barlesi F;35397297;Yes;;2022;5;2021;10;No;Yes;2;No;ES;FR;Flatiron Health;US;7.0
Performance of diagnostic coding and laboratory testing results to measure COVID-19 during pregnancy and associations with pregnancy outcomes.;Regan AK and Arah OA and Sullivan SG;35077581;Yes;;2022;7;2021;9;No;Yes;15;Yes;US;US;Optum;US;10.0
Urinary manifestations in African American and Caucasian inflammatory bowel disease patients: a retrospective cohort study.;Herbert J and Teeter E and Burstiner LS and Doka R and Royer A and Owings AH and Liu J and Glover SC and Hosseini-Carroll P;34983468;Yes;;2022;1;2021;9;Yes;No;14;No;US;US;Multiple;US;4.0
Unmasking Fracture Risk in Type 2 Diabetes: The Association of Longitudinal Glycemic Hemoglobin Level and Medications.;Wang B and Wang Z and Poundarik AA and Zaki MJ and Bockman RS and Glicksberg BS and Nadkarni GN and Vashishth D;34888676;Yes;;2022;3;2021;8;No;Yes;4;No;US;US;Optum;US;7.0
Treatment patterns and clinical outcomes for patients with melanoma and central nervous system metastases: A real-world study.;Tawbi H and To TM and Bartley K and Sadetsky N and Burton E and Haydu L and McKenna E;34874127;Yes;;2022;1;2021;2;No;Yes;2;No;US;US;Flatiron Health;US;11.0
Study of patient characteristics, treatment patterns, EGFR testing patterns and outcomes in real-world patients with EGFRm(+) non-small cell lung cancer.;Winfree KB and Sheffield KM and Cui ZL and Sugihara T and Feliciano J;34544302;Yes;;2022;1;na;na;No;Yes;2;No;US;US;Flatiron Health;US;
Risk of Myocarditis from COVID-19 Infection in People Under Age 20: A Population-Based Analysis.;Singer ME and Taub IB and Kaelber DC;34341797;No (excluded before screening);preprint;2022;3;na;na;No;Yes;;;;;;;
Prognostic model to identify and quantify risk factors for mortality among hospitalised patients with COVID-19 in the USA.;Incerti D and Rizzo S and Li X and Lindsay L and Yau V and Keebler D and Chia J and Tsai L;33827848;Yes;;2021;4;na;na;No;Yes;22;Yes;US;US;Optum;US;
The value of preoperative spirometry testing for predicting postoperative risk in upper abdominal and thoracic surgery assessed using big-data analysis.;Park HJ and Kim SM and Kim HR and Ji W and Choi CM;32944327;Yes;;2020;8;na;na;No;Yes;10;No;KR;KR;Asan Medical Center;KR;
Sex-Related Differences in Use and Outcomes of Left Ventricular Assist Devices as Bridge to Transplantation.;DeFilippis EM and Truby LK and Garan AR and Givens RC and Takeda K and Takayama H and Naka Y and Haythe JH and Farr MA and Topkara VK;30819381;Yes;;2019;3;2018;12;Yes;No;9;No;US;US;United Network for Organ Sharing;US;3.0
Rabies vaccine initiation and adherence among animal-bite patients in Haiti, 2015.;Tran CH and Kligerman M and Andrecy LL and Etheart MD and Adrien P and Blanton JD and Millien M and Wallace RM;30422986;Yes;;2018;11;2018;6;No;Yes;1;No;US;US;Multiple;HT;5.0
Quality improvement in juvenile idiopathic arthritis: a mixed-methods implementation pilot of the CAPTURE-JIA dataset.;McErlane F and Anderson C and Lawson-Tovey S and Lee B and Lee C and Lunt L and McDonagh JE and Smith AD and Smith N and Cleary G;35717328;No (excluded in title and abstract screening);No medical research (focus on data provision);2022;6;2021;12;Yes;Yes;;;;;;;6.0
Biologic use in psoriatic arthritis and ankylosing spondylitis patients: a descriptive epidemiological study using linked, routine data in Wales, UK.;Cooksey R and Rahman MA and Kennedy J and Brophy S and Choy E;34632260;Yes;;2021;;2021;3;No;Yes;13;No;GB;GB;SAIL Databank;GB;
Regulatory-accepted drug development tools are needed to accelerate innovative CNS disease treatments.;Arnerić SP and Kern VD and Stephenson DT;29410157;No (excluded in title and abstract screening);No real-world application (findings not based on real-world data);2018;5;2017;12;Yes;Yes;;;;;;;5.0
Epidemiology of dementia: prevalence and incidence estimates using validated electronic health records from primary care.;Ponjoan A and Garre-Olmo J and Blanch J and Fages E and Alves-Cabratosa L and Martí-Lluch R and Comas-Cufí M and Parramon D and Garcia-Gil M and Ramos R;30881138;Yes;;2019;;na;na;No;Yes;5;No;ES;ES;SIDIAP;ES;
Feasibility and accuracy of linking a heart failure registry to the national claims database using indirect identifiers.;Logeart D and Damy T and Doublet M and Salvat M and Tribouilloy C and Bauer F and Eicher JC and Picard F and Roul G and Trochu JN and De Groote P and Bihry N and Berthelot E and Jondeau G and Seronde MF and Roubille F and Isnard R;36549971;No (excluded before screening);Outside the search period;2023;1;2022;9;No;Yes;;;;;;;4.0
FIMED: Flexible management of biomedical data.;Hurtado S and García-Nieto J and Navas-Delgado I and Aldana-Montes JF;34740063;No (excluded in title and abstract screening);No medical research (focus on data provision);2021;11;2021;5;Yes;Yes;;;;;;;6.0
Clinical features of early-stage possible Behçet's disease patients with a variant-type major organ involvement in Japan.;Suzuki T and Horita N and Takeuchi M and Ishido T and Mizuki Y and Mizuki R and Kawagoe T and Shibuya E and Yuta K and Yamane T and Hayashi T and Meguro A and Ishido M and Minegishi K and Yoshimi R and Kirino Y and Kato S and Arimoto J and Fukumoto T and Ishigatsubo Y and Kurosawa M and Takeno M and Kaneko T and Mizuki N;29954241;Yes;;2019;7;na;na;No;Yes;13;No;JP;JP;Japanese Ministry of Health;JP;
Treatment Trends and Clinical Outcomes of Left-Sided RAS/RAF Wild-Type Metastatic Colorectal Cancer in the United States.;Nevala-Plagemann C and Iyengar S and Trunk AD and Pappas L and Haaland B and Garrido-Laguna I;35120306;Yes;;2022;2;2021;3;No;Yes;2;No;US;US;Flatiron Health;US;11.0
Harnessing the potential of electronic general practice pathology data in Australia: An examination of the quality use of pathology for type 2 diabetes patients.;Imai C and Hardie RA and Franco GS and Sezgin G and Tepper K and McLeod A and Pearce C and Westbrook J and Georgiou A;32534436;Yes;;2020;9;2020;4;No;Yes;4;No;AU;AU;Outcome Health;AU;5.0
Prospective Evaluation of the NETest as a Liquid Biopsy for Gastroenteropancreatic and Bronchopulmonary Neuroendocrine Tumors: An ENETS Center of Excellence Experience.;Malczewska A and Witkowska M and Wójcik-Giertuga M and Kuśnierz K and Bocian A and Walter A and Rydel M and Robek A and Pierzchała S and Malczewska M and Leś-Zielińska I and Czyżewski D and Ziora D and Pilch-Kowalczyk J and Zajęcki W and Kos-Kudła B;32335553;No (excluded in title and abstract screening);No tabular data;2021;;2020;3;Yes;No;;;;;;;
Early Albumin Infusion Is Associated With Greater Survival to Discharge Among Patients With Sepsis/Septic Shock Who Develop Severe Acute Kidney Injury Among Patients With Sepsis/Septic Shock Who Develop Severe Acute Kidney Injury.;Raghunathan K and Kempker JA and Davis EA and Sindhwani NS and Telang S and Lodaya K and Martin GS;36583206;Yes;;2022;12;na;na;No;Yes;18;No;US;US;Cerner Corporation;US;
High Incidence and Unique Features of Cerebral Venous Sinus Thrombosis in Hospitalized Patients With COVID-19 Infection.;McCullough-Hicks ME and Halterman DJ and Anderson D and Cohen K and Lakshminarayan K;35920155;Yes;;2022;9;na;na;No;Yes;9;Yes;US;US;Multiple;US;
The prevalence of elevated biotin in patient cohorts presenting for routine endocrinology, sepsis, and infectious disease testing.;Rodrigo J and Bullock H and Mumma BE and Kasapic D and Tran N;34736902;No (excluded in title and abstract screening);No tabular data;2022;1;2021;6;No;Yes;;;;;;;7.0
Retrospective Comparative Analysis of Opioid Use and Intra-Articular Corticosteroid Injections Before and After Initial Treatment of Knee Osteoarthritis with Hylan G-F 20.;Khangulov V and Zhang X and Munson SH and Peyerl F and Rey F;32581606;Yes;;2020;;2020;1;No;Yes;13;No;US;FR;Cerner Corporation;US;
Sexually transmissible infections among transgender men and women attending Australian sexual health clinics.;Callander D and Cook T and Read P and Hellard ME and Fairley CK and Kaldor JM and Vlahakis E and Pollack A and Bourne C and Russell DB and Guy RJ and Donovan B;31468530;Yes;;2019;11;2018;10;No;Yes;1;No;AU;AU;Multiple;AU;13.0
Large retrospective analysis on frailty assessment in primary care: electronic Frailty Index versus frailty coding.;Millares-Martin P;31039123;Yes;;2019;4;na;na;No;Yes;18;No;GB;;NHS Leeds;GB;
Breed and conformational predispositions for prolapsed nictitating membrane gland (PNMG) in dogs in the UK: A VetCompass study.;O'Neill DG and Yin Y and Tetas Pont R and Brodbelt DC and Church DB and Pegram C and Mustikka M;35081121;No (excluded in title and abstract screening);No medical research (no new insights with direct relevance to health);2022;;2021;4;No;Yes;;;;;;;
Treatment Patterns in US Patients Receiving First-Line and Second-Line Therapy for Metastatic Pancreatic Ductal Adenocarcinoma in the Real World.;King G and Ittershagen S and He L and Shen Y and Li F and Villacorta R;36197644;Yes;;2022;12;2022;7;No;Yes;2;No;US;US;Flatiron Health;US;5.0
Effectiveness of the Recombinant Zoster Vaccine for Herpes Zoster Ophthalmicus in the United States.;Lu A and Sun Y and Porco TC and Arnold BF and Acharya NR;33892049;Yes;;2021;12;2021;2;No;Yes;1;No;US;US;Optum;US;10.0
Severity of illness and the weekend mortality effect: a retrospective cohort study.;Bressman E and Rowland JC and Nguyen VT and Raucher BG;32131816;Yes;;2020;3;2019;11;Yes;No;;No;US;US;Vizient;US;4.0
Warfarin versus direct oral anticoagulants for patients needing distal deep vein thrombosis treatment.;Pham A and Heib A and Goodman E and Cotto R and Jafari P and Lipsitz E and Indes J;35124243;Yes;;2022;7;2021;9;No;Yes;9;No;US;US;TriNetX;US;10.0
Outcomes from the medication assisted treatment pilot program for adults with opioid use disorders in rural Colorado.;Amura CR and Sorrell TR and Weber M and Alvarez A and Beste N and Hollins U and Cook PF;34980179;Yes;;2022;1;na;na;Yes;No;5;No;US;US;Multiple;US;
Leveraging Large-Scale Genetics of PTSD and Cardiovascular Disease to Demonstrate Robust Shared Risk and Improve Risk Prediction Accuracy.;Seligowski AV and Misganaw B and Duffy LA and Ressler KJ and Guffanti G;36069022;Yes;;2022;11;na;na;No;Yes;5;No;US;US;Mass General Brigham;US;
Quality use of medicines in patients with chronic kidney disease.;Castelino RL and Saunder T and Kitsos A and Peterson GM and Jose M and Wimmer B and Khanam M and Bezabhe W and Stankovich J and Radford J;32503456;Yes;;2020;6;2019;9;No;Yes;14;No;AU;AU;MedicineWise;US;9.0
Incidence Rate of Herpes Zoster Ophthalmicus: A Retrospective Cohort Study from 1994 through 2018.;Kong CL and Thompson RR and Porco TC and Kim E and Acharya NR;31668889;Yes;;2020;3;2019;9;No;Yes;1;No;US;US;Optum;US;6.0
Environmental temperature and case fatality of patients with Ebola virus disease in Sierra Leone and Liberia, 2014-2015: a retrospective cohort study.;Peters JL and Cho DK and Aluisio AR and Kennedy SB and Massaquoi MBF and Sahr F and Perera SM and Levine AC;30307686;Yes;;2019;1;na;na;No;Yes;1;No;US;US;Multiple;SL, LR;
Hospitalization for mental health related ambulatory care sensitive conditions: what are the trends for First Nations in British Columbia?;Lavoie JG and Ward A and Wong ST and Ibrahim N and Morton D and O'Neil JD and Green M;30285775;Yes;;2018;10;2018;2;No;Yes;5;No;CA;CA;Ministry of Health Services, University of British Columbia;CA;8.0
Community-based outreach associated with increased health utilization among Navajo individuals living with diabetes: a matched cohort study.;Franz C and Atwood S and Orav EJ and Curley C and Brown C and Trevisi L and Nelson AK and Begay MG and Shin S;32450874;Yes;;2020;5;2020;1;No;Yes;4;No;US;US;Multiple;US;4.0
Real-world survival of patients with advanced BRAF V600 mutated melanoma treated with front-line BRAF/MEK inhibitors, anti-PD-1 antibodies, or nivolumab/ipilimumab.;Moser JC and Chen D and Hu-Lieskovan S and Grossmann KF and Patel S and Colonna SV and Ying J and Hyngstrom JR;31677253;Yes;;2019;12;2019;9;No;Yes;2;No;US;US;Flatiron Health;US;3.0
Predicting the onset of type 2 diabetes using wide and deep learning with electronic health records.;Nguyen BP and Pham HN and Tran H and Nghiem N and Nguyen QH and Do TTT and Tran CT and Simpson CR;31505379;Yes;;2019;12;2019;3;No;Yes;4;No;NZ;NZ;Practice Fusion;US;9.0
Rising Inpatient Encounters and Economic Burden for Patients with Nonalcoholic Fatty Liver Disease in the USA.;Nguyen AL and Park H and Nguyen P and Sheen E and Kim YA and Nguyen MH;30327963;Yes;;2019;3;2018;7;Yes;No;11;No;US;US;Multiple;US;8.0
Safety and effectiveness of apixaban in comparison to warfarin in patients with nonvalvular atrial fibrillation: a propensity-matched analysis from Japanese administrative claims data.;Kohsaka S and Katada J and Saito K and Terayama Y;29772946;Yes;;2018;9;na;na;No;Yes;9;No;JP;JP;Multiple;JP;
Epidemiology of arthritis, chronic back pain, gout, osteoporosis, spondyloarthropathies and rheumatoid arthritis among 1.5 million patients in Australian general practice: NPS MedicineWise MedicineInsight dataset.;González-Chica DA and Vanlint S and Hoon E and Stocks N;29347932;Yes;;2018;1;2017;6;No;Yes;13;No;AU;AU;MedicineWise;AU;7.0
A Hybrid System of Braden Scale and Machine Learning to Predict Hospital-Acquired Pressure Injuries (Bedsores): A Retrospective Observational Cohort Study.;Dweekat OY and Lam SS and McGrath L;36611323;Yes;;2022;12;2022;11;No;Yes;12;No;US;US;ChristianaCare hospital;US;1.0
Real-world Use of Radiation for Newly Diagnosed Brain Metastases in Patients With ALK-positive Lung Cancer Receiving First-line ALK Inhibitor.;Kumar S and Wang X and Pittell H and Calip GS and Weiss SE and Meyer JE and Royce TJ;35870711;Yes;;2022;11;2022;5;No;Yes;2;No;US;US;Flatiron Health;US;6.0
Producing personalized statin treatment plans to optimize clinical outcomes using big data and machine learning.;Chi CL and Wang J and Ying Yew P and Lenskaia T and Loth M and Mani Pradhan P and Liang Y and Kurella P and Mehta R and Robinson JG and Tonellato PJ and Adam TJ;35182785;Yes;;2022;4;2021;7;No;Yes;9;No;US;US;Optum;US;9.0
Recombinant Human Follicle-Stimulating Hormone Alfa Dose Adjustment in US Clinical Practice: An Observational, Retrospective Analysis of a Real-World Electronic Medical Records Database.;Mahony MC and Hayward B and Mottla GL and Richter KS and Beall S and Ball GD and D'Hooghe T;34956077;Yes;;2021;12;2021;7;No;Yes;4;No;US;US;IntegraMed America;US;5.0
Estimating the prevalence of neurosurgical interventions in adults with spina bifida using the Health Facts data set: implications for transition planning and the development of adult clinics.;Domino JS and Lundy P and Glynn EF and Partington M;34952525;Yes;;2022;4;2021;6;No;Yes;17;No;US;US;Cerner Corporation;US;10.0
Real-world treatment patterns and clinical outcomes among patients with advanced urothelial carcinoma in the United States.;Geynisman DM and Broughton E and Hao Y and Zhang Y and Le T and Huo S;34906410;Yes;;2022;5;2021;7;No;Yes;2;No;US;US;Flatiron Health;US;10.0
Factors associated with COVID-19 viral and antibody test positivity and assessment of test concordance: a retrospective cohort study using electronic health records from the USA.;Lindsay L and Secrest MH and Rizzo S and Keebler DS and Yang F and Tsai L;34598988;Yes;;2021;10;na;na;No;Yes;22;Yes;US;US;Optum;US;
Use of Oral Anticoagulation in a Real-World Population With Device Detected Atrial Fibrillation.;Kaplan RM and Ziegler PD and Koehler J and Landman S and Sarkar S and Passman RS;33252286;Yes;;2020;12;na;na;No;Yes;9;No;US;US;Optum;US;
Body mass index and insulin use as identifiers of high-cost patients with type 2 diabetes: A retrospective analysis of electronic health records linked to insurance claims data.;Johnston SS and Ammann EM and Kashyap SR and Stokes A and Hsiao CC and Daskiran M and Scamuffa R;30768824;Yes;;2019;6;2018;9;No;Yes;4;No;US;US;Optum;US;9.0
Creating synthetic patient data to support the design and evaluation of novel health information technology.;Pollack AH and Simon TD and Snyder J and Pratt W;31078659;No (excluded in title and abstract screening);No medical research (focus on anonymization);2019;7;2018;9;No;Yes;;;;;;;10.0
Clozapine treatment and risk of COVID-19.;Osimo EF and Lewis J and Cardinal RN and Khandaker GM;35815763;Yes;;2022;7;na;na;No;Yes;5;Yes;GB;GB;Cambridgeshire and Peterborough NHS Foundation Trust, Cambridge University Hospitals NHS Foundation Trust;GB;
Democratizing data at Novartis through clinical trial data access.;Eichler GS and Imbert G and Branson J and Balibey R and Laramie JM;35227648;No (excluded in title and abstract screening);No real-world application (findings not based on real-world data);2022;6;2021;9;Yes;No;;;;;;;9.0
Using blockchain to log genome dataset access: efficient storage and query.;Gürsoy G and Bjornson R and Green ME and Gerstein M;32693796;No (excluded in title and abstract screening);No real-world application (findings not based on real-world data);2020;7;na;na;No;Yes;;;;;;;
How to Optimize Connection Between PACS and Clinical Data Warehouse: A Web Service Approach Based on Full Metadata Integration.;Lemordant P and Bouzille G and Mathieu R and Thenault R and Gibaud B and Garde C and Campillo-Gimenez B and Goudet D and Delarche S and Roland Y and Cuggia M;35672964;No (excluded in title and abstract screening);No real-world application (findings not based on real-world data);2022;6;na;na;No;Yes;;;;;;;
PerFECT 2.0: A Web-Based Platform Designed to Facilitate and Support the Diagnosis of Patients with Idiopathic Pulmonary Fibrosis in Italy.;Vancheri C and Bengus M and Bianchino L and Cagnazzo MG and Ghirardini A and Lacedonia D and Pasquali M and Rea G and Rohner SA and Sanduzzi A and Torrisi SE and Pesci A;33974238;No (excluded in title and abstract screening);No medical research (focus on data provision);2021;6;2021;2;No;Yes;;;;;;;4.0
Data Quality Check in Cancer Imaging Research: Deploying and Evaluating the DIQCT Tool.;Kosvyra A and Filos D and Fotopoulos D and Tsave O and Chouvarda I;36085798;No (excluded in title and abstract screening);No medical research (no new insights with direct relevance to health);2022;7;na;na;No;Yes;;;;;;;
MAV-clic: management, analysis, and visualization of clinical data.;Ahmed Z and Kim M and Liang BT;31984341;No (excluded in title and abstract screening);No medical research (focus on data provision);2019;4;2018;1;No;Yes;;;;;;;15.0
Spine Surgery Infection, Litigation, and Financial Compensation: Analysis of 98 Claims Involving French Spine Surgeons Between 2015 and 2019.;Debono B and Gerson C and Le Moing V and Houselstein T and Bougeard R and Lonjon G and Lonjon N;34902601;Yes;;2022;3;2021;11;No;Yes;1;No;FR;FR;Mutuelle d'Assurances du Corps de Sante Francais;FR;4.0
Collaboration, competition and publication in toxicology: views of British Toxicology Society members.;Walker ES and Roberts RA and Gill JH;31341610;No (excluded in title and abstract screening);No real-world application (findings not based on real-world data);2019;7;2019;3;Yes;No;;;;;;;4.0
The International Neuromodulation Registry: An Informatics Framework Supporting Cohort Discovery and Analysis.;Hedges DM and Hegman JC and Brown JR and Wilburn JT and Chapman BE and Butson CR;33071769;No (excluded in title and abstract screening);No medical research (focus on data provision);2020;;2019;3;No;Yes;;;;;;;
Performance of an electronic health record-based predictive model to identify patients with atrial fibrillation across countries.;Mokgokong R and Schnabel R and Witt H and Miller R and Lee TC;35802569;Yes;;2022;;2021;12;No;Yes;9;No;GB;US;IQVIA;DE, GB, FR, AU, BE;
Creating an e-cohort of individuals with lived experience of homelessness and subsequent mortality in Wales, UK.;Song J and Grey CNB and Davies AR;34121112;Yes;;2022;12;2020;12;No;Yes;;Yes;GB;GB;SAIL Databank;GB;24.0
Recurrent neural network models (CovRNN) for predicting outcomes of patients with COVID-19 on admission to hospital: model development and validation using electronic health record data.;Rasmy L and Nigo M and Kannadath BS and Xie Z and Mao B and Patel K and Zhou Y and Zhang W and Ross A and Xu H and Zhi D;35466079;Yes;;2022;6;2021;10;No;Yes;22;Yes;US;US;Cerner Corporation, Optum;US;8.0
A retrospective epidemiological study of type 1 diabetes mellitus in wales, UK between 2008 and 2018.;Rafferty J and Stephens JW and Atkinson MD and Luzio SD and Akbari A and Gregory JW and Bain S and Owens DR and Thomas RL;34007896;Yes;;2021;4;na;na;No;Yes;4;No;GB;GB;SAIL Databank;GB;
Circumcision registry promotes precise research and fosters informed parental decisions.;Van Howe RS and Frisch M and Adler PW and Svoboda JS;30626392;No (excluded in title and abstract screening);No real-world application (findings not based on real-world data);2019;1;2017;11;No;Yes;;;;;;;14.0
A Visualization and Benchmarking Simulator for Clinical Data.;Morgen M and Begic Fazlic L and Peine A and Martin L and Schmeink A and Hallawa A and Dartmann G;36325867;No (excluded in title and abstract screening);No medical research (no new insights with direct relevance to health);2022;11;na;na;No;Yes;;;;;;;
Diphtheria outbreak in Jakarta and Tangerang, Indonesia: Epidemiological and clinical predictor factors for death.;Arguni E and Karyanti MR and Satari HI and Hadinegoro SR;33539453;Yes;;2021;1;2020;6;No;Yes;1;No;ID;ID;Multiple;ID;7.0
External validation of the electronic Frailty Index using the population of Wales within the Secure Anonymised Information Linkage Databank.;Hollinghurst J and Fry R and Akbari A and Clegg A and Lyons RA and Watkins A and Rodgers SE;31566668;Yes;;2019;11;na;na;No;Yes;18;No;GB;GB;SAIL Databank;GB;
Training a machine learning classifier to identify ADHD based on real-world clinical data from medical records.;Mikolas P and Vahid A and Bernardoni F and Süß M and Martini J and Beste C and BluscCNe A;35902654;Yes;;2022;7;2021;12;No;Yes;5;No;DE;DE;Technical University Dresden;DE;7.0
The impact of COVID-19 on adjusted mortality risk in care homes for older adults in Wales, UK: a retrospective population-based cohort study for mortality in 2016-2020.;Hollinghurst J and Lyons J and Fry R and Akbari A and Gravenor M and Watkins A and Verity F and Lyons RA;32951042;Yes;;2021;1;2020;7;No;Yes;22;Yes;GB;GB;SAIL Databank;GB;6.0
Cost evaluation of an innovative outreach clinic across social insurance codes in rural Northern Germany - A routine data analysis.;Ostermann JK and Erdmann D and Birker T and Hejnal T and Albrecht M and Röwenstrunk F and Schwarz J and Stöckigt B and Berghöfer A;31758635;Yes;;2020;3;2019;2;No;Yes;;No;DE;DE;Multiple;DE;13.0
Managing Patients in the COVID-19 Pandemic: A Virtual Multidisciplinary Approach.;Ganesh R and Salonen BR and Bhuiyan MN and Bierle DM and Moehnke D and Haddad TC and Tande AJ and Wilson J and Hurt RT;33521583;Yes;;2021;2;na;na;No;Yes;22;Yes;US;US;Mayo Clinic ;US;
Outcomes for Recurrent Mantle Cell Lymphoma Post-Ibrutinib Therapy: A Retrospective Cohort Study from a Japanese Administrative Database.;Rai S and Tanizawa Y and Cai Z and Huang YJ and Taipale K and Tajimi M;35984628;Yes;;2022;10;2022;3;No;Yes;2;No;JP;JP;Medical Data Vision;JP;7.0
Timely orchiopexy by 18 months of age: Are we meeting the standards defined by the 2014 AUA guidelines?;Williamson SH and Davis-Dao CA and Huen KH and Ehwerhemuepha L and Chuang KW and Stephany HA and Wehbi EJ and Kain ZN;35981940;Yes;;2022;10;2022;4;No;Yes;17;No;US;US;Cerner Corporation;US;6.0
CHA(2)DS(2)VASc score as a predictor of ablation success defined by continuous long-term monitoring.;Lohrmann G and Liu A and Ziegler P and Monteiro J and Varberg N and Passman R;35917047;Yes;;2022;12;2022;4;No;Yes;9;No;US;US;Optum;US;8.0
Extracorporeal membrane oxygenation as a direct bridge to heart transplantation in adults.;Fukuhara S and Takeda K and Kurlansky PA and Naka Y and Takayama H;29361299;Yes;;2018;4;2017;5;Yes;No;9;No;US;US;United Network for Organ Sharing;US;11.0
In-Hospital Therapy for Heart Failure With Reduced Ejection Fraction in the United States.;Greene SJ and Triana TS and Ionescu-Ittu R and Burne RM and Guérin A and Borentain M and Kessler PD and Tugcu A and DeSouza MM and Felker GM and Chen L;32800512;Yes;;2020;11;2020;2;No;Yes;9;No;US;US;Optum;US;9.0
Disease burden of liver cancer in China from 1997 to 2016: an observational study based on the Global Burden of Diseases.;Ding C and Fu X and Zhou Y and Liu X and Wu J and Huang C and Deng M and Li Y and Li L and Yang S;31015269;Yes;;2019;4;na;na;No;Yes;2;No;CN;CN;Institute for Health Metrics and Evaluation;CN;
Predicting unintentional weight loss in patients with gastrointestinal cancer.;Yoon SL and Kim JA and Kelly DL and Lyon D and George TJ Jr;30834673;Yes;;2019;6;2018;6;No;Yes;2;No;US;US;University of Florida;US;12.0
The influence of SARS-CoV-2 vaccination on post-operative outcomes in microsurgery patients.;Taghioff SM and Slavin BR and Narasimman M and Samaha G and Samaha M and Holton T and Singh D;35838137;Yes;;2022;10;2021;12;No;Yes;;Yes;US;US;TriNetX;US;10.0
N-terminal pro-B-type natriuretic peptide testing patterns in patients with heart failure with reduced ejection fraction.;Januzzi JL and Tan X and Yang L and Brady JE and Yang M and Banka P and Lautsch D;34918487;Yes;;2022;2;2021;8;Yes;No;9;No;US;US;Humana, Veradigm;US;6.0
Metabolic Acidosis and Cardiovascular Disease in CKD.;Collister D and Ferguson TW and Funk SE and Reaven NL and Mathur V and Tangri N;34746740;Yes;;2021;9;na;na;No;Yes;14;No;CA;CA;Optum;US;
Evaluating Pediatric Sepsis Definitions Designed for Electronic Health Record Extraction and Multicenter Quality Improvement.;Scott HF and Brilli RJ and Paul R and Macias CG and Niedner M and Depinet H and Richardson T and Riggs R and Gruhler H and Larsen GY and Huskins WC and Balamuth F;32931197;Yes;;2020;10;na;na;No;Yes;1;No;US;US;Multiple;US;
Preliminary Results of the Outpatient Endovascular and Interventional Society National Registry.;Ahn SS and Tahara RW and Jones LE and Carr JG and Blebea J;32813592;No (excluded in title and abstract screening);No medical research (focus on data provision);2020;12;na;na;No;Yes;;;;;;;
Increased blood pressure visit-to-visit variability in patients with systemic lupus erythematosus: association with inflammation and comorbidity burden.;Reese T and Dickson AL and Shuey MM and Gandelman JS and Barnado A and Barker KA and Neal JE and Khan OA and Dupont WD and Stein CM and Chung CP;31221051;Yes;;2019;7;na;na;No;Yes;13;No;US;US;Vanderbilt University Medical Center;US;
Real-world PD-L1 testing and distribution of PD-L1 tumor expression by immunohistochemistry assay type among patients with metastatic non-small cell lung cancer in the United States.;Velcheti V and Patwardhan PD and Liu FX and Chen X and Cao X and Burke T;30408065;Yes;;2018;11;2018;6;No;Yes;2;No;US;US;Flatiron Health;US;5.0
Cardiovascular outcomes associated with canagliflozin versus other non-gliflozin antidiabetic drugs: population based cohort study.;Patorno E and Goldfine AB and Schneeweiss S and Everett BM and Glynn RJ and Liu J and Kim SC;29437648;Yes;;2018;2;na;na;No;Yes;9;No;US;US;Optum;US;
Identification of Semantically Similar Sentences in Clinical Notes: Iterative Intermediate Training Using Multi-Task Learning.;Mahajan D and Poddar A and Liang JJ and Lin YT and Prager JM and Suryanarayanan P and Raghavan P and Tsou CH;33245284;No (excluded in title and abstract screening);No tabular data;2020;11;2020;7;No;Yes;;;;;;;4.0
Hospitalization Rates in Patients with Heart Failure and Reduced Ejection Fraction Initiating Sacubitril/Valsartan or Angiotensin-Converting Enzyme Inhibitors/Angiotensin Receptor Blockers: A Retrospective Cohort Study.;Houchen E and Loefroth E and Schlienger R and Proudfoot C and Corda S and Saha S and Satwase SK and Studer R;35094306;Yes;;2022;3;2021;11;No;Yes;9;No;IE;CH;Optum;US;4.0
Efficacy of immune checkpoint inhibitor therapy in patients with RET fusion-positive non-small-cell lung cancer.;Bhandari NR and Hess LM and Han Y and Zhu YE and Sireci AN;34139897;Yes;;2021;8;na;na;No;Yes;2;No;US;US;Flatiron Health, Guardant Health;US;
Association of depression symptom severity with short-term risk of an initial hospital encounter in adults with major depressive disorder.;Voelker J and Wang K and Tang W and He J and Daly E and Pericone CD and Sheehan JJ;34001045;Yes;;2021;5;2020;8;No;Yes;5;No;US;US;Optum;US;9.0
Impact of Body Mass Index and Initial Respiratory Support on Pediatric Subjects in Acute Respiratory Failure.;Schlueter D and Kovaleski C and Walter V and Thomas NJ and Krawiec C;33879564;Yes;;2021;9;na;na;No;Yes;10;No;US;US;Virtual Pediatric Systems;US;
Effect of prior treatments on post-CDK 4/6 inhibitor survival in hormone receptor-positive breast cancer.;Franks J and Caston NE and Elkhanany A and Gerke T and Azuero A and Rocque GB;36539670;No (excluded before screening);Outside the search period;2023;2;2022;7;No;Yes;2;No;US;US;Flatiron Health;US;7.0
Association of metabolic acidosis with fractures, falls, protein-calorie malnutrition and failure to thrive in patients with chronic kidney disease.;Mathur V and Reaven NL and Funk SE and Whitlock R and Ferguson TW and Collister D and Tangri N;35756750;Yes;;2022;7;2021;10;No;Yes;14;No;US;CA;Optum;US;9.0
Visual Acuity Outcomes and Anti-Vascular Endothelial Growth Factor Therapy Intensity in Neovascular Age-Related Macular Degeneration Patients: A Real-World Analysis of 49 485 Eyes.;Ciulla TA and Hussain RM and Pollack JS and Williams DF;31324588;Yes;;2020;1;2019;4;No;Yes;7;No;US;US;Vestrum Health;US;9.0
Charting new territory: medication administration records and transcribing in district nursing services.;Cusens C and Jones E;36519457;No (excluded in title and abstract screening);Anonymous survey;2022;12;na;na;No;Yes;;;;;;;
Association of Social Behaviors With Community Discharge in Patients with Total Hip and Knee Replacement.;Pritchard KT and Hong I and Goodwin JS and Westra JR and Kuo YF and Ottenbacher KJ;33041232;Yes;;2021;8;2020;2;No;Yes;;No;US;US;Optum;US;18.0
Herpes zoster vaccine coverage in Australia before and after introduction of a national vaccination program.;Lin J and Wood JG and Bernardo C and Stocks NP and Liu B;32245643;Yes;;2020;4;2019;12;No;Yes;1;No;AU;AU;MedicineWise;AU;4.0
Greyhounds under general veterinary care in the UK during 2016: demography and common disorders.;O'Neill DG and Rooney NJ and Brock C and Church DB and Brodbelt DC and Pegram C;31179010;No (excluded in title and abstract screening);No medical research (no new insights with direct relevance to health);2019;;2019;3;No;Yes;;;;;;;
Demographic and clinical factors associated with different antidepressant treatments: a retrospective cohort study design in a UK psychiatric healthcare setting.;Fernandes AC and Chandran D and Khondoker M and Dewey M and Shetty H and Dutta R and Stewart R;30185574;Yes;;2018;9;na;na;No;Yes;5;No;GB;GB;South London and Maudsley NHS Foundation Trust;GB;
Moderation effect of community health on the relationship between racial/ethnic residential segregation and HIV viral suppression in South Carolina: A county-level longitudinal study from 2013 to 2018.;Shi F and Zhang J and Yang X and Sun X and Li Z and Zeng C and Ning H and Weissman S and Olatosi B and Li X;36699939;Yes;;2022;1;2022;8;No;Yes;1;No;US;US;South Carolina Department of Health and Environmental Control;US;-7.0
Cardiovascular outcomes with sodium-glucose cotransporter-2 inhibitors vs other glucose-lowering drugs in 13 countries across three continents: analysis of CVD-REAL data.;Khunti K and Kosiborod M and Kim DJ and Kohsaka S and Lam CSP and Goh SY and Chiang CE and Shaw JE and Cavender MA and Tangri N and Franch-Nadal J and Holl RW and Jørgensen ME and Norhammar A and Eriksson JG and Zaccardi F and Karasik A and Magliano DJ and Thuresson M and Chen H and Wittbrodt E and Bodegård J and Surmont F and Fenici P;34332558;Yes;;2021;7;2021;4;No;Yes;9;No;GB;GB;Multiple;AU, CA, DK, FI, DE, IL, JP, NO, SG, KR, ES, SE, TW, US;3.0
Thromboembolism, bleeding and vascular death in nonvalvular atrial fibrillation patients with type 2 diabetes receiving rivaroxaban or warfarin.;Coleman CI and Costa OS and Brescia CW and Vardar B and Abdelgawwad K and Sood N;33637082;Yes;;2021;2;2021;1;No;Yes;9;No;US;US;Optum;US;1.0
Comparison of Male and Female Patients in Louisiana Medical Marijuana Dispensaries.;Allen HR and Boudreaux D and Keller JN;32549257;Yes;;2020;6;2020;5;No;Yes;5;No;US;US;Louisiana Association of Therapeutic Alternatives;US;1.0
Characteristics of available studies and dissemination of research using major clinical data sharing platforms.;Vazquez E and Gouraud H and Naudet F and Gross CP and Krumholz HM and Ross JS and Wallach JD;34407656;No (excluded in title and abstract screening);No medical research (no new insights with direct relevance to health);2021;12;na;na;Yes;Yes;;;;;;;
Primary tumor location and survival in colorectal cancer: A retrospective cohort study.;Aggarwal H and Sheffield KM and Li L and Lenis D and Sorg R and Barzi A and Miksad R;32368319;Yes;;2020;4;2019;9;Yes;Yes;2;No;US;US;Flatiron Health;US;7.0
Population-Based Linkage of Big Data in Dental Research.;Joda T and Waltimo T and Pauli-Magnus C and Probst-Hensch N and Zitzmann NU;30366416;No (excluded in title and abstract screening);No real-world application (findings not based on real-world data);2018;10;na;na;No;Yes;;;;;;;
Enhancing medical data quality through data curation: a case study in primary Sjögren's syndrome.;Pezoulas VC and Kourou KD and Kalatzis F and Exarchos TP and Venetsanopoulou AI and Zampeli E and Gandolfo S and Skopouli FN and De Vita S and Tzioufas AG and Fotiadis DI;31287405;No (excluded in title and abstract screening);No medical research (no new insights with direct relevance to health);2019;5;na;na;No;Yes;;;;;;;
Concealment and discovery: The role of information security in biomedical data re-use.;Tempini N and Leonelli S;30322372;No (excluded in title and abstract screening);No real-world application (findings not based on real-world data);2018;10;na;na;Yes;Yes;;;;;;;
What Can We Learn about Fall Risk Factors from EHR Nursing Notes? A Text Mining Study.;Bjarnadottir RI and Lucero RJ;30263902;No (excluded in title and abstract screening);No tabular data;2018;9;na;na;No;Yes;;;;;;;
Why Test study protocol: a UK-wide audit using the Primary Care Academic CollaboraTive (PACT) to explore the reasons for primary care testing.;Burrell A and Duncan P and Bennett-Britton I and Hodgson S and Merriel SW and Waqar S and Whiting P and Watson J;35508322;No (excluded in title and abstract screening);No real-world application (findings not based on real-world data);2022;9;2022;2;No;Yes;;;;;;;7.0
The Danish Medical Birth Register.;Bliddal M and Broe A and Pottegård A and Olsen J and Langhoff-Roos J;29349587;No (excluded in title and abstract screening);No medical research (focus on data provision);2018;1;2017;11;No;Yes;;;;;;;2.0
Validation of an algorithm using inpatient electronic health records to determine the presence and severity of cirrhosis in patients with hepatocellular carcinoma in England: an observational study.;Driver RJ and Balachandrakumar V and Burton A and Shearer J and Downing A and Cross T and Morris E and Rowe IA;31292182;Yes;;2019;7;na;na;No;Yes;11;No;GB;GB;Leeds Teaching Hospitals NHS Trust;GB;
A step-by-step guide on preregistration and effective data sharing for psychopathology research.;Krypotos AM and Klugkist I and Mertens G and Engelhard IM;31368731;No (excluded in title and abstract screening);No real-world application (findings not based on real-world data);2019;8;na;na;Yes;No;;;;;;;
RIDDLE: Race and ethnicity Imputation from Disease history with Deep LEarning.;Kim JS and Gao X and Rzhetsky A;29698408;No (excluded in title and abstract screening);No medical research (no new insights with direct relevance to health);2018;4;2017;6;Yes;Yes;;;;;;;10.0
Postsurgical neuropathic pain: lidocaine 700 mg medicated plaster or oral treatments in clinical practice.;A Überall M and Bösl I and Hollanders E and Sabatschus I and Eerdekens M;35713406;Yes;;2022;9;na;na;No;Yes;;No;DE;DE;German Pain e-Registry;DE;
[Possible increase of myopia prevalence among children in Sweden].;Bro T;30063242;No (excluded before screening);not English;2018;7;na;na;No;Yes;;;;;;;
Dermatologic Research Potential of the Observational Health Data Sciences and Informatics (OHDSI) Network.;Sivesind TE and Runion T and Branda M and Schilling LM and Dellavalle RP;33735862;No (excluded in title and abstract screening);No real-world application (findings not based on real-world data);2022;;2020;11;No;Yes;;;;;;;
Associations with baseline visual acuity in 12,414 eyes starting treatment for neovascular AMD.;Relton SD and Chi GC and Lotery AJ and West RM and McKibbin M;36028762;No (excluded before screening);Outside the search period;2023;6;2021;11;No;Yes;7;No;GB;GB;Multiple;GB;19.0
Missing diagnoses of congenital cytomegalovirus infection in electronic health records for infants with laboratory-confirmed infection.;Campione A and Lanzieri TM and Ricotta E and Grosse SD and Kadri SS and Nussenblatt V and Prevots DR;34775876;Yes;;2022;2;na;na;No;Yes;16;No;US;US;Cerner Corporation;US;
CBN: Constructing a clinical Bayesian network based on data from the electronic medical record.;Shen Y and Zhang L and Zhang J and Yang M and Tang B and Li Y and Lei K;30399432;No (excluded in title and abstract screening);No medical research (no new insights with direct relevance to health);2018;12;2018;6;No;Yes;;;;;;;6.0
Innovative Study Designs Optimizing Clinical Pharmacology Research in Infants and Children.;Balevic SJ and Cohen-Wolkowiez M;30248192;No (excluded in title and abstract screening);No real-world application (findings not based on real-world data);2018;10;2017;9;No;Yes;;;;;;;13.0
Comparing antibiotic prescribing between clinicians in UK primary care: an analysis in a cohort study of eight different measures of antibiotic prescribing.;Van Staa T and Li Y and Gold N and Chadborn T and Welfare W and Palin V and Ashcroft DM and Bircher J;35241573;Yes;;2022;10;2020;7;Yes;Yes;1;No;GB;GB;Clinical Practice Research Datalink;GB;27.0
Data Ingestion for AI in Prostate Cancer.;Kondylakis H and Sfakianakis S and Kalokyri V and Tachos N and Fotiadis D and Marias K and Tsiknakis M;35612065;No (excluded in title and abstract screening);No real-world application (findings not based on real-world data);2022;5;na;na;No;Yes;;;;;;;
Relationship between very low low-density lipoprotein cholesterol concentrations not due to statin therapy and risk of type 2 diabetes: A US-based cross-sectional observational study using electronic health records.;Feng Q and Wei WQ and Chung CP and Levinson RT and Sundermann AC and Mosley JD and Bastarache L and Ferguson JF and Cox NJ and Roden DM and Denny JC and Linton MF and Edwards DRV and Stein CM;30153257;Yes;;2018;8;2017;9;No;Yes;4;No;US;US;Vanderbilt University Medical Center;US;11.0
Relationship of CT densitometry to lung physiological parameters and health status in alpha-1 antitrypsin deficiency: initial report of a centralised database of the NIHR rare diseases translational research collaborative.;Crossley D and Stockley J and Bolton CE and Hopkinson NS and Mahadeva R and Steiner M and Wilkinson T and Hurst JR and Gooptu B and Stockley RA;32606060;No (excluded in title and abstract screening);No tabular data;2020;6;na;na;No;Yes;;;;;;;
Population birth outcomes in 2020 and experiences of expectant mothers during the COVID-19 pandemic: A 'born in Wales' mixed methods study using routine data.;Jones H and Seaborne M and Cowley L and Odd D and Paranjothy S and Akbari A and Brophy S;35609019;Yes;;2022;11;2021;9;No;Yes;22;Yes;GB;GB;SAIL Databank;GB;14.0
The Performance of Artificial Intelligence in Cervical Colposcopy: A Retrospective Data Analysis.;Zhao Y and Li Y and Xing L and Lei H and Chen D and Tang C and Li X;35035480;Yes;;2022;1;2021;8;No;Yes;2;No;CN;CN;Chongqing University Cancer Hospital ;CN;5.0
Development of a General Statistical Analytical System Using Nationally Standardized Medical Information.;Matsuo R and Yamazaki T and Araki K;33969427;No (excluded in title and abstract screening);No real-world application (findings not based on real-world data);2021;5;2021;3;No;Yes;;;;;;;2.0
Comorbidity clusters associated with newly treated type 2 diabetes mellitus: a Bayesian nonparametric analysis.;Martinez-De la Torre A and Perez-Cruz F and Weiler S and Burden AM;36450743;Yes;;2022;11;2022;5;Yes;Yes;4;No;CH;CH;The Health Improvement Network;GB;6.0
Antibiotic prescribing for common infections in UK general practice: variability and drivers.;Palin V and Mölter A and Belmonte M and Ashcroft DM and White A and Welfare W and van Staa T;31038162;Yes;;2019;8;2018;11;Yes;Yes;;No;GB;GB;Clinical Practice Research Datalink;GB;9.0
International benchmarking of childhood cancer survival by stage at diagnosis: The BENCHISTA project protocol.;Botta L and Gatta G and Didonè F and Lopez Cortes A and Pritchard-Jones K;36327231;No (excluded in title and abstract screening);No real-world application (findings not based on real-world data);2022;;2022;4;Yes;No;;;;;;;
Metabolic acidosis is associated with increased risk of adverse kidney outcomes and mortality in patients with non-dialysis dependent chronic kidney disease: an observational cohort study.;Tangri N and Reaven NL and Funk SE and Ferguson TW and Collister D and Mathur V;34011303;Yes;;2021;5;2020;12;No;Yes;14;No;CA;US;Optum;US;5.0
A Retrospective Study of COVID-19-Related Urgent Medical Visits and Hospitalizations After Outpatient COVID-19 Diagnosis in the US.;Wei W and Sivapalasingam S and Mellis S and Geba GP and Jalbert JJ;33961213;Yes;;2021;6;2021;3;No;Yes;22;Yes;US;US;Optum;US;3.0
Temperature and place associations with Inuit mental health in the context of climate change.;Middleton J and Cunsolo A and Pollock N and Jones-Bitton A and Wood M and Shiwak I and Flowers C and Harper SL;33857460;Yes;;2021;7;2020;9;No;Yes;5;No;CA;CA;Multiple;CA;10.0
Prevalence of Lyme Disease Attributable to Military Service at the USMA, West Point NY: FY2016-2018.;Schubert SL and Melanson VR;31247105;Yes;;2020;2;2019;1;No;Yes;1;No;US;US;Keller Army community Hospital;US;13.0
Assessing the Impacts of Integrated Decision Support Software on Sexual Orientation Recording, Comprehensive Sexual Health Testing, and Detection of Infections Among Gay and Bisexual Men Attending General Practice: Observational Study.;Callander D and Bourne C and Wand H and Stoové M and Hocking JS and de Wit J and Kaldor JM and Donovan B and Pell C and Finlayson R and Baker D and Forssman B and Tee BK and Kefalas B and Duck T and Guy R;30401672;Yes;;2018;11;2018;4;No;Yes;1;No;AU;AU;Multiple;AU;7.0
Epidemiology, comorbidities, and healthcare utilization of patients with chronic urticaria in Germany.;Weller K and Maurer M and Bauer A and Wedi B and Wagner N and Schliemann S and Kramps T and Baeumer D and Multmeier J and Hillmann E and Staubach P;34622498;Yes;;2022;1;2021;4;Yes;No;12;No;DE;DE;InGef;DE;9.0
Outcomes of lung transplantation at a Canadian center using donors declined in the United States.;Cypel M and Yeung J and Donahoe L and Yasufuku K and Wang A and Pietroski R and Lange P and Pierre A and De Perrot M and Waddell TK and Keshavjee S;35461711;Yes;;2022;12;2021;1;Yes;No;10;No;CA;CA;United Network for Organ Sharing;CA, US;23.0
Treatment patterns and effectiveness of patients with multiple myeloma initiating Daratumumab across different lines of therapy: a real-world chart review study.;Atrash S and Thompson-Leduc P and Tai MH and Kaila S and Gray K and Ghelerter I and Lafeuille MH and Lefebvre P and Rossi A;34772368;Yes;;2021;11;2021;7;Yes;No;2;No;US;US;Weill Cornell Medicine, Atrium Health;US;4.0
Use of Liraglutide 3.0 mg for Weight Management in a Real-World Setting in Switzerland.;Haase CL and Serratore Achenbach MG and Lucrezi G and Jeswani N and Maurer S and Egermann U;34515194;Yes;;2021;8;2021;3;No;Yes;4;No;DK;CH;Adimed;CH;5.0
Use of the PROMIS-10 global health in patients with chronic low back pain in outpatient physical therapy: a retrospective cohort study.;Pak SS and Miller MJ and Cheuy VA;34487270;Yes;;2021;9;2021;3;No;Yes;13;No;US;US;University of California;US;6.0
"Factors associated with the timely uptake of initial HIV virologic test among HIV-exposed infants attending clinics within a faith-based HIV program in Kenya; a cross-sectional study.";Gaitho D and Kinoti F and Mwaniki L and Kemunto D and Ogoti V and Njigua C and Kubo E and Langat A and Mecha J;33757463;Yes;;2021;3;2020;3;No;Yes;1;No;KE;KE;Multiple;KE;12.0
Survival of infants born at periviable gestation: The US national database.;Qattea I and Farghaly MAA and Kattea MO and Abdula N and Mohamed MA and Aly H;36777383;Yes;;2022;10;na;na;No;Yes;15;No;US;US;Agency for Healthcare Research and Quality;US;
Adherence to guidelines-recommended diagnostic testing was associated with overall survival in patients with diffuse large B-cell lymphoma after rituximab-based treatment: an observational cohort study.;Yang F and Zhang J and Abraham A and Yan JT and Hammer RD and Prime MS;35974175;No (excluded before screening);Outside the search period;2023;7;2022;4;No;Yes;2;No;CH;CH;Flatiron Health;US;15.0
Computational Approaches for Supporting Combination Therapy in the Post-Aducanumab Era in Alzheimer's Disease.;Geerts H and van der Graaf P;34966890;No (excluded in title and abstract screening);No medical research (no new insights with direct relevance to health);2021;;2021;8;No;Yes;;;;;;;
Clinical Application of 3D-CISS MRI Sequences for Diagnosis and Surgical Planning of Spinal Arachnoid Diverticula and Adhesions in Dogs.;Tauro A and Jovanovik J and Driver CJ and Rusbridge C;29534275;No (excluded in title and abstract screening);No tabular data;2018;2;na;na;No;Yes;;;;;;;
Process Mining of Nursing Routine Data: Cool, but also Useful?;Jonk J and Schaller M and Netzer M and Pfeifer B and Ammenwerth E and Hackl W;35592973;No (excluded in title and abstract screening);No tabular data;2022;5;na;na;No;Yes;;;;;;;
Disparities in Prehospital Non-Traumatic Pain Management.;Aceves A and Crowe RP and Zaidi HQ and Gill J and Johnson R and Vithalani V and Fairbrother H and Huebinger R;35939557;No (excluded before screening);Outside the search period;2023;;na;na;No;Yes;;No;US;US;ESO Solutions;US;
Incidence of Pelvic Ring Fractures in the U.S. Military Population.;Pisquiy JJ and Carter JT and Chan A and Kusnezov N and Adler A;32190457;Yes;;2020;2;na;na;No;Yes;19;No;US;US;Defense Medical Surveillance System;US;
Real-World Outcomes of Selective Laser Trabeculoplasty in the United Kingdom.;Khawaja AP and Campbell JH and Kirby N and Chandwani HS and Keyzor I and Parekh M and McNaught AI;31952882;Yes;;2020;6;2019;6;No;Yes;7;No;GB;GB;Multiple;GB;12.0
EPIDEMIOLOGY of NECK INJURIES ACCOMPANYING SPORT CONCUSSIONS in YOUTH OVER a 13-YEAR PERIOD IN a COMMUNITY-BASED HEALTHCARE SYSTEM.;Carmichael JP and Staton EW and Blatchford PJ and Stevens-Lapsley J;31681492;Yes;;2019;6;na;na;No;Yes;19;No;US;US;University of Colorado Health, Childrens Hospital Colorado;US;
Prognostic Value of Baseline ALBI Score Among Patients With Colorectal Liver Metastases: A Pooled Analysis of Two Randomized Trials.;Abdel-Rahman O;30348618;Yes;;2019;3;2018;8;Yes;No;2;No;EG;;Project Data Sphere;unknown;7.0
Demography and disorders of the French Bulldog population under primary veterinary care in the UK in 2013.;O'Neill DG and Baral L and Church DB and Brodbelt DC and Packer RMA;29750111;No (excluded in title and abstract screening);No medical research (no new insights with direct relevance to health);2018;;2018;2;No;Yes;;;;;;;
Linking data from a large clinical trial with the Australian Cerebral Palsy Register.;Shepherd E and Mcintyre S and Smithers-Sheedy H and Ashwood P and Sullivan TR and Te Velde A and Doyle LW and Makrides M and Middleton P and Crowther CA;32383806;Yes;;2020;10;na;na;Yes;No;6;No;AU;AU;;AU;
The electronic frailty index as an indicator of community healthcare service utilisation in the older population.;Boyd PJ and Nevard M and Ford JA and Khondoker M and Cross JL and Fox C;30590413;Yes;;2019;3;2018;6;No;Yes;18;No;GB;GB;Multiple;GB;9.0
Zero Watermarking: Critical Analysis of Its Role in Current Medical Imaging.;Roček A and Javorník M and Slavíček K and Dostál O;33415445;No (excluded in title and abstract screening);No tabular data;2021;2;2020;2;Yes;No;;;;;;;12.0
Indirect acute effects of the COVID-19 pandemic on physical and mental health in the UK: a population-based study.;Mansfield KE and Mathur R and Tazare J and Henderson AD and Mulick AR and Carreira H and Matthews AA and Bidulka P and Gayle A and Forbes H and Cook S and Wong AYS and Strongman H and Wing K and Warren-Gash C and Cadogan SL and Smeeth L and Hayes JF and Quint JK and McKee M and Langan SM;33612430;Yes;;2021;4;2020;12;No;Yes;5;Yes;GB;GB;Clinical Practice Research Datalink;GB;4.0
[The first data challenge of the french society of pathology: An international competition in 2020, a research tool in A.I. for the future?].;Delaune A and Valmary-Degano S and Loménie N and Zryouil K and Benyahia N and Trassard O and Eraville V and Bergeron C and Devouassoux-Shisheboran M and Glaser C and Bataillon G and Bacry E and Combes S and Prevot S and Bertheau P;35012784;No (excluded before screening);not English;2022;3;2021;5;No;Yes;;;;;;;10.0
Adverse childhood experiences and adult self-harm in a female forensic population.;Holden R and Stables I and Brown P and Fotiadou M;33958018;Yes;;2022;6;na;na;No;Yes;5;No;GB;GB;South London and Maudsley NHS Foundation Trust;GB;
Real world evidence of the use of metamizole (dipyrone) by the Brazilian population. A retrospective cohort with over 380,000 patients.;Sznejder H and Amand C and Stewart A and Salazar R and Scala WAR;35584441;Yes;;2022;;2020;12;No;Yes;;No;BR;BR;Amil;BR;
Integrated digital pathology at scale: A solution for clinical diagnostics and cancer research at a large academic medical center.;Schüffler PJ and Geneslaw L and Yarlagadda DVK and Hanna MG and Samboy J and Stamelos E and Vanderbilt C and Philip J and Jean MH and Corsale L and Manzo A and Paramasivam NHG and Ziegler JS and Gao J and Perin JC and Kim YS and Bhanot UK and Roehrl MHA and Ardon O and Chiang S and Giri DD and Sigel CS and Tan LK and Murray M and Virgo C and England C and Yagi Y and Sirintrapun SJ and Klimstra D and Hameed M and Reuter VE and Fuchs TJ;34260720;No (excluded in title and abstract screening);No tabular data;2021;8;2020;11;Yes;Yes;;;;;;;9.0
Prevalence and outcomes of atrial fibrillation in older people living in care homes in Wales: a routine data linkage study 2003-2018.;Ritchie LA and Harrison SL and Penson PE and Akbari A and Torabi F and Hollinghurst J and Harris D and Oke OB and Akpan A and Halcox JP and Rodgers SE and Lip GYH and Lane DA;36469091;Yes;;2022;12;2022;5;No;Yes;9;No;GB;GB;SAIL Databank;GB;7.0
The association between SARS-CoV-2 RT-PCR cycle threshold and mortality in a community cohort.;Waudby-West R and Parcell BJ and Palmer CNA and Bell S and Chalmers JD and Siddiqui MK;34172468;No (excluded in full-paper screening);Correspondence;2021;7;na;na;No;Yes;;;;;;GB;
Maternal health, pregnancy and birth outcomes for women involved in care proceedings in Wales: a linked data study.;Griffiths LJ and Johnson RD and Broadhurst K and Bedston S and Cusworth L and Alrouh B and Ford DV and John A;33198668;Yes;;2020;11;2020;6;No;Yes;15;No;GB;GB;SAIL Databank;GB;5.0
Comorbidities in patients with polymyalgia rheumatica prior to and following diagnosis: A case control and cohort study.;Partington R and Muller S and Mallen CD and Abdul Sultan A and Helliwell T;32512261;Yes;;2020;8;2020;1;Yes;Yes;13;No;GB;GB;Clinical Practice Research Datalink;GB;7.0
Incidence, prevalence and treatment burden of polymyalgia rheumatica in the UK over two decades: a population-based study.;Partington RJ and Muller S and Helliwell T and Mallen CD and Abdul Sultan A;30297332;Yes;;2018;12;2018;6;Yes;Yes;13;No;GB;GB;Clinical Practice Research Datalink;GB;6.0
Associations with visual acuity outcomes after 12 months of treatment in 9401 eyes with neovascular AMD.;Relton SD and Chi GC and Lotery A and West RM and McKibbin M;36161843;Yes;;2022;6;2022;4;No;Yes;7;No;GB;GB;Multiple;GB;2.0
Can routine Primary Care Records Help in Detecting Suicide Risk? A Population-Based Case-Control Study in Barcelona.;Fradera M and Ouchi D and Prat O and Morros R and Martin-Fumadó C and Palao D and Cardoner N and Campillo MT and Pérez-Solà V and Pontes C;33896400;Yes;;2022;7;na;na;No;Yes;;No;ES;ES;System for the Development of Research in Primary Care;ES;
Predictors of objectively measured physical activity in 12-month-old infants: A study of linked birth cohort data with electronic health records.;Raza H and Zhou SM and Todd C and Christian D and Marchant E and Morgan K and Khanom A and Hill R and Lyons RA and Brophy S;30729733;Yes;;2019;7;2018;10;No;Yes;;No;GB;GB;SAIL Databank;GB;9.0
Early detection of COVID-19 outbreaks using human mobility data.;Guan G and Dery Y and Yechezkel M and Ben-Gal I and Yamin D and Brandeau ML;34283839;No (excluded in title and abstract screening);No medical research (no new insights with direct relevance to health);2021;;2021;5;No;Yes;;;;;;;
Quantifying the Risk of Drug-Induced Pancreatitis With Angiotensin-Converting Enzyme Inhibitors and Statins Using a Large Electronic Medical Record Database.;Twohig PA and de-Madaria E and Thakkar S and Dulai P and Gardner TB and Kochhar G and Sandhu DS;34714286;No (not retrieved);Not retrieved;2021;9;na;na;No;Yes;;;;;;;
Prevalence of Patients with Uncontrolled Asthma Despite NVL/GINA Step 4/5 Treatment in Germany.;Bergmann KC and Skowasch D and Timmermann H and Lindner R and Virchow JC and Schmidt O and Koschel D and Neurohr C and Heck S and Milger K;35815115;Yes;;2022;7;2022;3;No;Yes;10;No;DE;DE;IQVIA Disease Analyser;DE;4.0
Accounting for Delayed Entry in Analyses of Overall Survival in Clinico-Genomic Databases.;Backenroth D and Snider J and Shen R and Seshan V and Castellanos E and McCusker M and Feuchtbaum D and Gönen M and Sarkar S;35027431;Yes;;2022;6;2021;7;No;Yes;;No;US;US;Flatiron Health;US;11.0
Active digital pedagogies as a substitute for clinical placement during the COVID-19 pandemic: the case of physiotherapy education.;Wojniusz S and Thorkildsen VD and Heiszter ST and Røe Y;36474236;No (excluded in title and abstract screening);No real-world application (findings not based on real-world data);2022;12;2021;10;No;Yes;;;;;;;14.0
Localized peripheral neuropathic pain: topical treatment with lidocaine 700 mg medicated plaster in routine clinical practice.;Überall MA and Bösl I and Hollanders E and Sabatschus I and Eerdekens M;35001660;Yes;;2022;5;na;na;No;Yes;;No;DE;DE;German Pain e-Registry;DE;
Risk factors for degenerative, symptomatic rotator cuff tears: a case-control study.;Song A and Cannon D and Kim P and Ayers GD and Gao C and Giri A and Jain NB;34687917;Yes;;2022;4;2021;6;No;Yes;19;No;US;US;Vanderbilt University Medical Center;US;10.0
Opioid use disorder and health service utilization among COVID-19 patients in the US: A nationwide cohort from the Cerner Real-World Data.;Qeadan F and Tingey B and Bern R and Porucznik CA and English K and Saeed AI and Madden EF;34109308;Yes;;2021;7;2021;1;No;Yes;5;Yes;US;US;Cerner Corporation;US;6.0
Retention in care among older adults living with HIV in western Kenya: A retrospective observational cohort study.;Kiplagat J and Mwangi A and Keter A and Braitstein P and Sang E and Negin J and Chasela C;29590150;Yes;;2018;;2017;9;No;Yes;1;No;KE;ZA;Multiple;KE;
Clinical Impact of Adherence to NCCN Guidelines for Biomarker Testing and First-Line Treatment in Advanced Non-Small Cell Lung Cancer (aNSCLC) Using Real-World Electronic Health Record Data.;John A and Yang B and Shah R;33537872;Yes;;2021;3;2020;11;No;Yes;2;No;US;US;Flatiron Health;US;4.0
Anemia Screening in Naval Aviation: Is Hemoglobin a Better Indicator Than Hematocrit as the Primary Index?;Nguyen WB and Wyse JM and Drollinger SM and Cheng K;31665402;Yes;;2020;3;na;na;No;Yes;3;No;US;US;Naval Aerospace Medical Institute Clinic;US;
Metformin and risk of mortality in patients hospitalised with COVID-19: a retrospective cohort analysis.;Bramante CT and Ingraham NE and Murray TA and Marmor S and Hovertsen S and Gronski J and McNeil C and Feng R and Guzman G and Abdelwahab N and King S and Tamariz L and Meehan T and Pendleton KM and Benson B and Vojta D and Tignanelli CJ;33521772;Yes;;2021;1;na;na;No;Yes;22;Yes;US;US;UnitedHealth Group;US;
Real-World Outcomes and Prognostic Factors Among Patients with Advanced Non-Small Cell Lung Cancer and High PD-L1 Expression Treated with Immune Checkpoint Inhibitors as First-Line Therapy.;Ge W and Wu N and Jalbert JJ and Quek RGW and Liu J and Rietschel P and Pouliot JF and Harnett J and Hsu ML and Feliciano JL;36415537;Yes;;2022;;2022;6;No;Yes;2;No;US;US;Flatiron Health;US;
Comparing the Clinical Frailty Scale and an International Classification of Diseases-10 Modified Frailty Index in Predicting Long-Term Survival in Critically Ill Patients.;Subramaniam A and Ueno R and Tiruvoipati R and Darvall J and Srikanth V and Bailey M and Pilcher D and Bellomo R;36259062;Yes;;2022;10;na;na;No;Yes;;No;AU;AU;Multiple;AU;
Outcomes of acute limb ischemia in COVID-19.;Pham A and Heib A and Goodman E and Lipsitz E and Indes J;35970633;Yes;;2022;10;2021;11;No;Yes;9;Yes;US;US;TriNetX;US;11.0
West Highland White Terriers under primary veterinary care in the UK in 2016: demography, mortality and disorders.;O'Neill DG and Ballantyne ZF and Hendricks A and Church DB and Brodbelt DC and Pegram C;31508236;No (excluded in title and abstract screening);No medical research (no new insights with direct relevance to health);2019;;2019;6;No;Yes;;;;;;;
Mortality Among Patients With Polymyalgia Rheumatica: A Retrospective Cohort Study.;Partington R and Muller S and Mallen CD and Abdul Sultan A and Helliwell T;32741132;Yes;;2021;12;2020;6;Yes;Yes;13;No;GB;GB;Clinical Practice Research Datalink, ONS;GB;18.0
Pediatric sepsis phenotypes for enhanced therapeutics: An application of clustering to electronic health records.;Koutroulis I and Velez T and Wang T and Yohannes S and Galarraga JE and Morales JA and Freishtat RJ and Chamberlain JM;35112102;Yes;;2022;2;2021;9;No;Yes;16;No;US;US;MedStar Washington Hospital Center;US;5.0
Is it time to use real-world data from primary care in Alzheimer's disease?;Ponjoan A and Garre-Olmo J and Blanch J and Fages E and Alves-Cabratosa L and Martí-Lluch R and Comas-Cufí M and Parramon D and Garcia-Gil M and Ramos R;32423489;Yes;;2020;5;2019;11;No;Yes;5;No;ES;ES;SIDIAP;ES;6.0
Development and Evaluation of a Point-of-Care Test in a Low-Resource Setting with High Rates of Chlamydia trachomatis Urogenital Infections in Fiji.;Dean D and Swaminathan S and Kama M and Goemans S and Faktaufon D and Alnabelseya N and Spelke D and Kahrizi K and Black M and Mitra D;33910964;Yes;;2021;6;na;na;No;Yes;1;No;US;US;Fijian Ministry of Health and Medical Services health centers and outreach locations;FJ;
Adherence to National Comprehensive Cancer Network ALK Testing Guidelines for Patients with Advanced Non-Small Cell Lung Cancer in U.S. Community Medical Centers.;Bernicker EH and Xiao Y and Abraham A and Yang B and Croix DA and Redpath S and Engstrom-Melnyk J and Shah R and Madala J and Allen TC;33823082;Yes;;2021;6;2021;1;No;Yes;2;No;US;US;Flatiron Health;US;5.0
Honouring 'Patient 38' - a mother of all IVF mothers?;Littleton F and Bewley S;30859140;No (excluded in title and abstract screening);No real-world application (findings not based on real-world data);2019;6;2018;5;No;Yes;;;;;;;13.0
Machine Learning Based Prediction of Gamma Passing Rate for VMAT Radiotherapy Plans.;Sadowski B and Milewska K and Ginter J;36556291;Yes;;2022;12;2022;11;No;Yes;2;No;PL;PL;Maria Sklodowska-Curie National Research Institute of Oncology;PL;1.0
Susceptibility to COVID-19 Diagnosis in People with Down Syndrome Compared to the General Population: Matched-Cohort Study Using Primary Care Electronic Records in the UK.;Baksh RA and Strydom A and Pape SE and Chan LF and Gulliford MC;35386043;Yes;;2022;6;2021;12;Yes;Yes;17;Yes;GB;GB;Clinical Practice Research Datalink;GB;6.0
Multimorbidity in a selected cohort compared to a representative sample: Does selection bias influence outcomes?;Hanlon P and Bhautesh J and Mair F and McAllister D;36696232;No (excluded in full-paper screening);abstract only;2022;4;na;na;No;Yes;;;;;;;
Alcohol-Specific Mortality in People With Epilepsy: Cohort Studies in Two Independent Population-Based Datasets.;Gorton HC and Webb RT and Parisi R and Carr MJ and DelPozo-Banos M and Moriarty KJ and Pickrell WO and John A and Ashcroft DM;33551978;Yes;;2020;1;2020;10;Yes;Yes;5;No;GB;GB;Clinical Practice Research Datalink, SAIL Databank, Hospital Episode Statistics, Office for National Statistics;GB;-9.0
On the Annotation of Health Care Pathways to Allow the Application of Care-Plans That Generate Data for Multiple Purposes.;Ingvar M and Blom MC and Winsnes C and Robinson G and Vanfleteren L and Huff S;34713160;No (excluded in title and abstract screening);No medical research (focus on data provision);2021;;na;na;No;Yes;;;;;;;
Individualised risk prediction model for new-onset, progression and regression of chronic kidney disease in a retrospective cohort of patients with type 2 diabetes under primary care in Hong Kong.;Yang L and Chu TK and Lian J and Lo CW and Zhao S and He D and Qin J and Liang J;32641324;Yes;;2020;7;na;na;No;Yes;4;No;CN;CN;New Territory West Cluster;CN;
Disorders of Bulldogs under primary veterinary care in the UK in 2013.;O'Neill DG and Skipper AM and Kadhim J and Church DB and Brodbelt DC and Packer RMA;31188857;No (excluded in title and abstract screening);No medical research (no new insights with direct relevance to health);2019;;2019;1;Yes;Yes;;;;;;;
Measuring continuity of care in general practice: a comparison of two methods using routinely collected data.;Hull SA and Williams C and Schofield P and Boomla K and Ashworth M;35995578;Yes;;2022;11;2022;1;No;Yes;;No;GB;GB;Multiple;GB;10.0
Social determinants of pertussis and influenza vaccine uptake in pregnancy: a national cohort study in England using electronic health records.;Walker JL and Rentsch CT and McDonald HI and Bak J and Minassian C and Amirthalingam G and Edelstein M and Thomas S;34155074;Yes;;2021;6;na;na;Yes;Yes;10;No;GB;GB;Clinical Practice Research Datalink;GB;
Primary care consultations after hospitalisation for pneumonia: a large population-based cohort study.;Baskaran V and Pearce F and Harwood RH and McKeever TM and Lim WS;33753348;Yes;;2021;4;2020;9;Yes;Yes;10;No;GB;GB;Clinical Practice Research Datalink, Hospital Episode Statistics, Office for National Statistics;GB;7.0
Safety of inadvertent administration of live zoster vaccine to immunosuppressed individuals in a UK-based observational cohort analysis.;Grint DJ and McDonald HI and Walker JL and Amirthalingam G and Andrews N and Thomas S;32001495;Yes;;2020;1;na;na;Yes;Yes;1;No;GB;GB;Clinical Practice Research Datalink;GB;
Protocol for an individual patient data meta-analysis on blood pressure targets after cardiac arrest.;Skrifvars MB and Ameloot K and Grand J and Reinikainen M and Hästbacka J and Niemelä V and Hassager C and Kjaergaard J and Åneman A and Tiainen M and Nielsen N and Ullen S and Dankiewicz J and Olsen MH and Jørgensen CK and Saxena M and Jakobsen JC;35616252;No (excluded in title and abstract screening);No real-world application (findings not based on real-world data);2022;8;2022;4;No;Yes;;;;;;;4.0
The Induction with Foley OR Misoprostol (INFORM) Study dataset. A dataset of 602 women with hypertensive disease in pregnancy, in India, randomised to either Foley catheter or oral misoprostol for induction of labour.;Mundle S and Bracken H and Khedikar V and Mulik J and Faragher B and Easterling T and Leigh S and Granby P and Haycox A and Turner MA and Lightly K and Ebringer M and Alfirevic Z and Winikoff B and Weeks AD;34507611;No (excluded in title and abstract screening);No real-world application (findings not based on real-world data);2021;9;2021;4;Yes;No;;;;;;;5.0
Two cases of monomorphic epitheliotropic intestinal T-cell lymphoma associated with coeliac disease.;Lenti MV and Biagi F and Lucioni M and Di Sabatino A and Paulli M and Corazza GR;31361171;No (excluded in full-paper screening);No tabular data;2019;8;na;na;No;Yes;2;No;IT;IT;;IT;
Long term extension of a randomised controlled trial of probiotics using electronic health records.;Davies G and Jordan S and Brooks CJ and Thayer D and Storey M and Morgan G and Allen S and Garaiova I and Plummer S and Gravenor M;29769554;Yes;;2018;5;2017;9;No;Yes;;No;GB;GB;SAIL Databank;GB;8.0
Ophthalmic Surgeries and Systemic Medical Conditions Associated With the Development of Involutional Ptosis.;Cohen LM and Campbell BC and Esfandiari M and Goldberg RA and Rootman DB;32427726;No (excluded in full-paper screening);No access;2021;3;na;na;No;Yes;;;US;US;;;
Using applied machine learning to predict healthcare utilization based on socioeconomic determinants of care.;Chen S and Bergman D and Miller K and Kavanagh A and Frownfelter J and Showalter J;31951356;Yes;;2020;1;na;na;Yes;Yes;;No;US;US;Multiple;US;
Quantifying Variation in Treatment Utilization for Type 2 Diabetes Across Five Major University of California Health Systems.;Peterson TA and Fontil V and Koliwad SK and Patel A and Butte AJ;33531419;Yes;;2021;4;2020;2;No;Yes;4;No;US;US;University of California;US;14.0
Aligning restricted access data with FAIR: a systematic review.;Martorana M and Kuhn T and Siebes R and van Ossenbruggen J;36091999;No (excluded in title and abstract screening);No real-world application (findings not based on real-world data);2022;;2022;4;Yes;No;;;;;;;
Immunolab: Combining targeted real-world data with advanced analytics to generate evidence at scale in immunology.;Hamelin B and Rowe P and Molony C and Kruger M and LoCasale R and Khan AH and Jacob-Nara J and Jacob D;36407087;No (excluded in title and abstract screening);No medical research (focus on data provision);2022;;2022;5;No;Yes;;;;;;;
Shoulder girdle injuries involving the medial clavicle differ from lateral clavicle injuries with a focus on concomitant injuries and management strategies: A retrospective study based on nationwide routine data.;Bakir MS and Unterkofler J and Hönning A and Haralambiev L and Kim S and Ekkernkamp A and Schulz-Drost S;31652299;Yes;;2019;10;2019;7;No;Yes;19;No;DE;DE;German Federal Statistical Office;DE;3.0
Gastrografin may reduce time to oral diet in prolonged post-operative ileus: a pooled analysis of two randomized trials.;Milne TGE and Vather R and O'Grady G and Miquel J and Biondo S and Bissett I;29510463;Yes;;2018;3;2017;12;Yes;Yes;11;No;NZ;NZ;;unknown;3.0
A Data-Driven Strategy for Identifying Individuals Resistant to SARS-CoV-2 Virus under In-Household Exposure.;Hen Gabzi R and Patalon T and Shomron N and Gazit S;36556196;Yes;;2022;11;2022;10;No;Yes;22;Yes;IL;IL;Maccabi Healthcare Services;IL;1.0
Diabetic retinopathy as a predictor of cardiovascular morbidity and mortality in subjects with type 2 diabetes.;Barrot J and Real J and Vlacho B and Romero-Aroca P and Simó R and Mauricio D and Mata-Cases M and Castelblanco E and Mundet-Tuduri X and Franch-Nadal J;36052329;Yes;;2022;;2022;5;No;Yes;9;No;ES;ES;SIDIAP;ES;
Ethnic inequalities in mental and physical multimorbidity in women of reproductive age: a data linkage cohort study.;Catalao R and Dorrington S and Pritchard M and Jewell A and Broadbent M and Ashworth M and Hatch S and Howard L;35840295;Yes;;2022;7;na;na;No;Yes;5;No;GB;GB;South London and Maudsley NHS Foundation Trust;GB;
A reporting and analysis framework for structured evaluation of COVID-19 clinical and imaging data.;Salg GA and Ganten MK and Bucher AM and Kenngott HG and Fink MA and Seibold C and Fischbach RE and Schlamp K and Velandia CA and Fervers P and Doellinger F and Luger A and Afat S and Merle U and Diener MK and Pereira PL and Penzkofer T and Persigehl T and Othman A and Heußel CP and Baumhauer M and Widmann G and Stathopoulos K and Hamm B and Vogl TJ and Nikolaou K and Kauczor HU and Kleesiek J;33846548;No (excluded in title and abstract screening);No medical research (no new insights with direct relevance to health);2021;4;2020;8;No;Yes;;;;;;;8.0
Intra-database validation of case-identifying algorithms using reconstituted electronic health records from healthcare claims data.;Thurin NH and Bosco-Levy P and Blin P and Rouyer M and Jové J and Lamarque S and Lignot S and Lassalle R and Abouelfath A and Bignon E and Diez P and Gross-Goupil M and Soulié M and Roumiguié M and Le Moulec S and Debouverie M and Brochet B and Guillemin F and Louapre C and Maillart E and Heinzlef O and Moore N and Droz-Perroteau C;33933001;No (excluded in title and abstract screening);No real-world application (findings not based on real-world data);2021;5;2020;12;No;Yes;;;;;;;5.0
Lidocaine 700 mg medicated plaster for postherpetic neuralgia: real-world data from the German Pain e-Registry.;Überall MA and Eerdekens M and Hollanders E and Bösl I and Sabatschus I;34372662;Yes;;2022;3;na;na;No;Yes;1;No;DE;DE;German Pain Association;DE;
Tapentadol prolonged release in patients with chronic low back pain: real-world data from the German Pain eRegistry.;Überall MA and Elling C and Eibl C and Müller-Schwefe GH and Lefeber C and Heine M and Heckes B;34376059;Yes;;2022;3;na;na;No;Yes;13;No;DE;DE;German Pain Association;DE;
Renin-Angiotensin Blockade Reduces Readmission for Acute Chest Syndrome in Sickle Cell Disease.;Wamkpah N and Shrestha A and Salzman G and Simon S and Suman S and Poisner A and Molteni A;35494947;Yes;;2022;3;na;na;No;Yes;3;No;US;US;Health Facts / Cerner;US;
Lack of a Tricuspid Regurgitation Doppler Signal and Pulmonary Hypertension by Invasive Measurement.;O'Leary JM and Assad TR and Xu M and Farber-Eger E and Wells QS and Hemnes AR and Brittain EL;29960993;Yes;;2018;6;na;na;No;Yes;9;No;US;US;Vanderbilt University Medical Center;US;
CE: Original Research: An Investigation into the Safety of Oral Intake During Labor.;Shea-Lewis A and Eckardt P and Stapleton D;29424752;Yes;;2018;3;na;na;No;Yes;15;No;US;US;Not precisely specified;US;
Real-world data suggest antibody positivity to SARS-CoV-2 is associated with a decreased risk of future infection.;Harvey RA and Rassen JA and Kabelac CA and Turenne W and Leonard S and Klesh R and Meyer WA 3rd and Kaufman HW and Anderson S and Cohen O and Petkov VI and Cronin KA and Van Dyke AL and Lowy DR and Sharpless NE and Penberthy LT;33354682;No (excluded before screening);preprint;2020;12;na;na;No;Yes;;;;;;;
The Safety of the Kahook Dual Blade in the Surgical Treatment of Glaucoma.;Barry M and Alahmadi MW and Alahmadi M and AlMuzaini A and AlMohammadi M;31976190;Yes;;2020;1;na;na;No;Yes;7;No;SA;SA;Al-Maghrabi Hospital;SA;
Increased risk for COVID-19 breakthrough infection in fully vaccinated patients with substance use disorders in the United States between December 2020 and August 2021.;Wang L and Wang Q and Davis PB and Volkow ND and Xu R;34612005;Yes;;2022;2;na;na;No;Yes;22;Yes;US;US;TriNetX;US;
Risk of cardiovascular events and death associated with initiation of SGLT2 inhibitors compared with DPP-4 inhibitors: an analysis from the CVD-REAL 2 multinational cohort study.;Kohsaka S and Lam CSP and Kim DJ and Cavender MA and Norhammar A and Jørgensen ME and Birkeland KI and Holl RW and Franch-Nadal J and Tangri N and Shaw JE and Ilomäki J and Karasik A and Goh SY and Chiang CE and Thuresson M and Chen H and Wittbrodt E and Bodegård J and Surmont F and Fenici P and Kosiborod M;32559476;Yes;;2020;7;2019;12;No;Yes;4;No;JP;AU;Multiple;AU, CA, DK, DE, IL, JP, NO, SG, KR, ES, SE, CN, US;7.0
Quantifying the Value of Multigene Testing in Resected Early Stage Lung Adenocarcinoma.;Muthusamy B and Raskina K and Lofgren KT and Li G and Tolba K and Schwed K and Castellanos E and Huang RSP and Oxnard GR and Schrock AB and Pennell N;36494074;No (excluded before screening);Outside the search period;2023;4;2022;9;No;Yes;2;No;US;US;Flatiron Health;US;7.0
Adoption and Deadoption of Medications to Treat Hospitalized Patients With COVID-19.;Barbash IJ and Davis BS and Minturn JS and Kahn JM;35923589;Yes;;2022;7;na;na;No;Yes;22;Yes;US;US;Optum;US;
Toward microelimination of hepatitis C and HIV coinfection in NHS Tayside, Scotland: Real-world outcomes.;Byrne C and Robinson E and Rae N and Dillon JF;33033752;Yes;;2020;12;2020;4;No;Yes;1;No;GB;GB;NHS Tayside ;GB;8.0
A retrospective cohort study evaluating healthcare resource utilization in patients with asthma in Japan.;Inoue H and Kozawa M and Milligan KL and Funakubo M and Igarashi A and Loefroth E;31036818;Yes;;2019;4;2018;9;No;Yes;10;No;JP;SE;Japan Medical Data Center;JP;7.0
Ramucirumab in Indian Patients with Advanced Gastric Cancer-Does Borderline Performance Status and Heavy Burden of Disease in Real World Practice Impact Clinical Benefit?;Ramaswamy A and Bajaj K and Talwar V and Prabhash K and Batra U and Dhabhar B and Sharma M and Ghadyalpatil N and Ct S and Goyal G and Muzamil J and Bhatt A and Jain P and Ranade A and Kamath M and Gawande JP and Thippeswamy R and Mirani J and Reddy N and Ganguly S and Mishra SK and Madabhavi I and Hp S and Panda SS and Patil S and Bhargava P and Ostwal V;35833042;Yes;;2022;1;na;na;No;Yes;2;No;IN;IN;Multiple;IN;
Blood pressure control and adverse outcomes of COVID-19 infection in patients with concomitant hypertension in Wuhan, China.;Ran J and Song Y and Zhuang Z and Han L and Zhao S and Cao P and Geng Y and Xu L and Qin J and He D and Wu F and Yang L;32855527;Yes;;2020;11;2020;7;No;Yes;22;Yes;CN;CN;Huoshenshan Hospital;CN;4.0
The Safety of Delayed Versus Immediate Antibiotic Prescribing for Upper Respiratory Tract Infections.;van Staa TP and Palin V and Brown B and Welfare W and Li Y and Ashcroft DM;32594104;Yes;;2021;7;2020;1;Yes;Yes;10;No;GB;GB;SAIL Databank, Clinical Practice Research Datalink;GB;18.0
Clinical Relevance of Drug-Drug Interactions With Antibiotics as Listed in a National Medication Formulary: Results From Two Large Population-Based Case-Control Studies in Patients Aged 65-100 Years Using Linked English Primary Care and Hospital Data.;van Staa TP and Pirmohamed M and Sharma A and Buchan I and Ashcroft DM;36448824;No (excluded before screening);Outside the search period;2023;2;2022;9;Yes;Yes;;No;GB;GB;Clinical Practice Research Datalink;GB;5.0
Headache, Opiate Use, and Prescribing Trends in Women With Idiopathic Intracranial Hypertension: A Population-Based Matched Cohort Study.;Adderley NJ and Subramanian A and Perrins M and Nirantharakumar K and Mollan SP and Sinclair AJ;35985824;Yes;;2022;10;2022;2;Yes;Yes;6;No;GB;GB;IQVIA Medical Research Data, The Health Improvement Network (THIN);GB;8.0
Use of digital periodontal data to compare periodontal treatment outcomes in a practice-based research network (PBRN): a proof of concept.;Peikert SA and Mittelhamm F and Frisch E and Vach K and Ratka-Krüger P and Woelber JP;33115466;Yes;;2020;10;2020;2;Yes;Yes;11;No;DE;DE;Multiple;DE;8.0
Retinal Changes in Schizophrenia: A Systematic Review and Meta-analysis Based on Individual Participant Data.;Kazakos CT and Karageorgiou V;31626695;Yes;;2020;1;na;na;Yes;No;5;No;GR;GR;Multiple;various;
Disorder predispositions and protections of Labrador Retrievers in the UK.;Pegram C and Woolley C and Brodbelt DC and Church DB and O'Neill DG;34262062;No (excluded in title and abstract screening);No medical research (no new insights with direct relevance to health);2021;7;2020;9;No;Yes;;;;;;;10.0
Effectiveness of oral rotavirus vaccination in England against rotavirus-confirmed and all-cause acute gastroenteritis.;Walker JL and Andrews NJ and Atchison CJ and Collins S and Allen DJ and Ramsay ME and Ladhani SN and Thomas SL;31384727;Yes;;2019;4;2018;9;Yes;Yes;1;No;GB;GB;Clinical Practice Research Datalink;GB;7.0
First-generation versus second-generation long-acting injectable antipsychotic drugs and time to relapse.;Stone JM and Roux S and Taylor D and Morrison PD;30524701;Yes;;2018;12;2017;12;No;Yes;5;No;GB;GB;South London and Maudsley NHS Foundation Trust;GB;12.0
Healthcare resource use and costs of severe, uncontrolled eosinophilic asthma in the UK general population.;Kerkhof M and Tran TN and Soriano JB and Golam S and Gibson D and Hillyer EV and Price DB;28918400;Yes;;2018;2;2017;5;Yes;Yes;10;No;SG;SG;Clinical Practice Research Datalink, Optimum Patient Care Research Database;GB;9.0
Impact of the temporary suspension of the Bowel Screening Wales programme on inequalities during the COVID-19 pandemic: a retrospective register-based study.;Bright D and Song J and Hillier S and Huws DW and Greene G and Hodgson K and Akbari A and Griffiths R and Davies AR and Gjini A;36929968;No (excluded in full-paper screening);abstract only;2022;11;na;na;No;Yes;?;Yes;GB;GB;SAIL;GB;
Development and validation of a multivariable prediction model for infection-related complications in patients with common infections in UK primary care and the extent of risk-based prescribing of antibiotics.;Mistry C and Palin V and Li Y and Martin GP and Jenkins D and Welfare W and Ashcroft DM and van Staa T;32434588;Yes;;2020;5;2019;9;Yes;Yes;1;No;GB;GB;SAIL Databank, Clinical Practice Research Datalink;GB;8.0
Short proximal components in modular revision stems carry a higher risk for stem fractures.;Herold F and Nötzli H and Eijer H;31640427;Yes;;2021;5;na;na;No;Yes;13;No;CH;CH;Not precisely specified;CH;
A big-data approach to producing descriptive anthropometric references: a feasibility and validation study of paediatric growth charts.;Heude B and Scherdel P and Werner A and Le Guern M and Gelbert N and Walther D and Arnould M and Bellaïche M and Chevallier B and Cheymol J and Jobez E and N'Guyen S and Pietrement C and Reynaud R and Salaün JF and Khoshnood B and Zeitlin J and Maccario J and Breart G and Thalabard JC and Charles MA and Botton J and Frandji B and Chalumeau M;33323223;Yes;;2019;12;2019;7;No;Yes;;No;FR;FR;Multiple;FR;5.0
Provider Teams Outperform Solo Providers In Managing Chronic Diseases And Could Improve The Value Of Care.;Pany MJ and Chen L and Sheridan B and Huckman RS;33646870;Yes;;2021;3;na;na;No;Yes;;No;US;US;Athenahealth;US;
Each patient is a research biorepository: informatics-enabled research on surplus clinical specimens via the living BioBank.;Alekseyenko AV and Hamidi B and Faith TD and Crandall KA and Powers JG and Metts CL and Madory JE and Carroll SL and Obeid JS and Lenert LA;33166379;No (excluded in title and abstract screening);No medical research (focus on data provision);2021;1;2020;5;No;Yes;;;;;;;8.0
The Society of Thoracic Surgeons General Thoracic Surgery Database: 2019 Update on Research.;Crabtree TD and Boffa DJ and Lobdell KW and Habib RH and Gaissert HA;31520641;No (excluded in title and abstract screening);No medical research (focus on data provision);2019;11;2019;8;Yes;No;;;;;;;3.0
Counseling dropout, retention, and ethnic/language match for Asian Americans.;Presley S and Day SX;29517255;No (excluded in full-paper screening);No access;2019;8;na;na;Yes;No;;;US;US;;;
CHAIMELEON Project: Creation of a Pan-European Repository of Health Imaging Data for the Development of AI-Powered Cancer Management Tools.;Bonmatí LM and Miguel A and Suárez A and Aznar M and Beregi JP and Fournier L and Neri E and Laghi A and França M and Sardanelli F and Penzkofer T and Lambin P and Blanquer I and Menzel MI and Seymour K and Figueiras S and Krischak K and Martínez R and Mirsky Y and Yang G and Alberich-Bayarri Á;35280732;No (excluded in title and abstract screening);No real-world application (findings not based on real-world data);2022;;2021;7;No;Yes;;;;;;;
High prevalence of comorbid autoimmune diseases in adults with type 1 diabetes from the HealthFacts database.;Bao YK and Weide LG and Ganesan VC and Jakhar I and McGill JB and Sahil S and Cheng AL and Gaddis M and Drees BM;30226016;Yes;;2019;4;2018;6;No;Yes;4;No;US;US;HealthFacts / Cerner;US;10.0
Irish School Entry Screening referral trends and cohort comparison with preschool specialist referrals.;Pitt-Byrne T;29504414;Yes;;2018;7;na;na;No;Yes;;No;IE;;Multiple;IE;
Quantifying the natural variation in lesion counts over time in untreated hidradenitis suppurativa: Implications for outcome measures and trial design.;Frew JW and Jiang CS and Singh N and Navrazhina K and Vaughan R and Krueger JG;34409342;Yes;;2020;12;na;na;Yes;Yes;12;No;US;US;;US;
Trastuzumab-based regimens beyond progression: A crucial treatment option for HER2+ advanced/metastatic breast cancer.;Sanglier T and Ross R and Shi T and Mouta J and Swain S and Cardoso F;36375387;Yes;;2022;12;2022;7;Yes;Yes;2;No;CH;PT;Flatiron Health;US;5.0
Can AI predict epithelial lesion categories via automated analysis of cervical biopsies: The TissueNet challenge?;Loménie N and Bertrand C and Fick RHJ and Ben Hadj S and Tayart B and Tilmant C and Farré I and Azdad SZ and Dahmani S and Dequen G and Feng M and Xu K and Li Z and Prevot S and Bergeron C and Bataillon G and Devouassoux-Shisheboran M and Glaser C and Delaune A and Valmary-Degano S and Bertheau P;36605109;No (excluded in title and abstract screening);No tabular data;2022;;2022;7;No;Yes;;;;;;;
Using Ethereum blockchain to store and query pharmacogenomics data via smart contracts.;Gürsoy G and Brannon CM and Gerstein M;32487214;No (excluded in title and abstract screening);No medical research (no new insights with direct relevance to health);2020;6;2019;11;No;Yes;;;;;;;7.0
Developing the infrastructure to support the optimisation of antibiotic prescribing using the learning healthcare system to improve healthcare services in the provision of primary care in England.;Palin V and Tempest E and Mistry C and van Staa TP;32565417;No (excluded in title and abstract screening);No medical research (no new insights with direct relevance to health);2020;6;2020;3;Yes;No;;;;;;;3.0
The eICU Collaborative Research Database, a freely available multi-center database for critical care research.;Pollard TJ and Johnson AEW and Raffa JD and Celi LA and Mark RG and Badawi O;30204154;No (excluded in title and abstract screening);No medical research (focus on data provision);2018;9;2018;1;Yes;No;;;;;;;8.0
NCI Imaging Data Commons.;Fedorov A and Longabaugh WJR and Pot D and Clunie DA and Pieper S and Aerts HJWL and Homeyer A and Lewis R and Akbarzadeh A and Bontempi D and Clifford W and Herrmann MD and Höfener H and Octaviano I and Osborne C and Paquette S and Petts J and Punzo D and Reyes M and Schacherer DP and Tian M and White G and Ziegler E and Shmulevich I and Pihl T and Wagner U and Farahani K and Kikinis R;34185678;No (excluded in title and abstract screening);No medical research (focus on data provision);2021;8;2021;3;Yes;No;;;;;;;5.0
Mendelian Disease Associations Reveal Novel Insights into Inflammatory Bowel Disease.;Han L and Maciejewski M and Brockel C and Afzelius L and Altman RB;29462399;Yes;;2018;2;2017;8;No;Yes;11;No;US;US;Optum;US;6.0
The Effect of Nonsteroidal Anti-inflammatory Drugs and Selective COX-2 Inhibitors on Bone Healing.;White AE and Henry JK and Dziadosz D;34421436;No (excluded in title and abstract screening);No real-world application (findings not based on real-world data);2021;7;2020;10;No;Yes;;;;;;;9.0
Evaluation of COVID-19 Mortality and Adverse Outcomes in US Patients With or Without Cancer.;Chavez-MacGregor M and Lei X and Zhao H and Scheet P and Giordano SH;34709356;Yes;;2022;1;na;na;No;Yes;22;Yes;US;US;Optum;US;
Classification of clinically relevant intravascular volume status using point of care ultrasound and machine learning.;Wshah S and Xu B and Steinharter J and Reilly C and Morrissette K;36186002;No (excluded in title and abstract screening);No tabular data;2022;9;2022;2;No;Yes;;;;;;;7.0
Development of Phenotyping Algorithms for the Identification of Organ Transplant Recipients: Cohort Study.;Wheless L and Baker L and Edwards L and Anand N and Birdwell K and Hanlon A and Chren MM;33156808;Yes;;2020;12;2020;1;No;Yes;;No;US;US;Vanderbilt University Medical Center;US;11.0
Predicting the immediate impact of national lockdown on neovascular age-related macular degeneration and associated visual morbidity: an INSIGHT Health Data Research Hub for Eye Health report.;Mollan SP and Fu DJ and Chuo CY and Gannon JG and Lee WH and Hopkins JJ and Hughes C and Denniston AK and Keane PA and Cantrell R;34518162;No (excluded before screening);Outside the search period;2023;2;2021;4;Yes;Yes;7;Yes;GB;US;INSIGHT;GB;22.0
Daratumumab-lenalidomide-dexamethasone vs standard-of-care regimens: Efficacy in transplant-ineligible untreated myeloma.;Durie BGM and Kumar SK and Usmani SZ and Nonyane BAS and Ammann EM and Lam A and Kobos R and Maiese EM and Facon T;32804408;Yes;;2020;12;2020;7;No;Yes;2;No;US;FR;Flatiron Health;US;5.0
Early Identification of Delirium in Intensive Care Unit Patients: Improving the Quality of Care.;Spiegelberg J and Song H and Pun B and Webb P and Boehm LM;32236428;Yes;;2020;4;na;na;No;Yes;5;No;US;US;Not precisely specified;US;
Investigating the relationship between thought interference, somatic passivity and outcomes in patients with psychosis: a natural language processing approach using a clinical records search platform in south London.;Magrangeas TT and Kolliakou A and Sanyal J and Patel R and Stewart R;35918110;Yes;;2022;8;na;na;No;Yes;5;No;GB;GB;South London and Maudsley NHS Foundation Trust;GB;
Toward Understanding the Value of Missing Social Determinants of Health Data in Care Transition Planning.;Feldman SS and Davlyatov G and Hall AG;32851616;Yes;;2020;8;na;na;No;Yes;;No;US;US;University of Alabama Hospital;US;
Prediction and Visualisation of Bony Impingement for Subject Specific Total Hip Arthroplasty().;Palit A and King R and Gu Y and Pierrepont J and Hart Z and Elliott MT and Williams MA;31946321;No (excluded in title and abstract screening);No tabular data;2019;7;na;na;No;Yes;;;;;;;
An advanced self-care delivery model for leg ulcer management: a service evaluation.;Hallas-Hoyes L and Williamson S and Kerr A and Andrews T and Calladine L;34554835;No (excluded in full-paper screening);No access;2021;9;na;na;No;Yes;;;GB;GB;;;
Investigation of dual antiplatelet therapy after coronary stenting in patients with chronic kidney disease.;Kao CC and Wu MS and Chuang MT and Lin YC and Huang CY and Chang WC and Chen CW and Chang TH;34347826;Yes;;2021;;2021;4;No;Yes;14;No;TW;TW;Taipei Medical University Hospital;TW;
Use of algorithms for identifying patients in a German claims database: learnings from a lung cancer case.;Neugebauer S and Griesinger F and Dippel S and Heidenreich S and Gruber N and Chruscz D and Lempfert S and Kaskel P;35765059;Yes;;2022;6;2021;2;No;Yes;2;No;DE;DE;InGef;DE;16.0
An animal health example of managing and analyzing a large volume of data on a PC: Modeling body weight and age of over 13 million cats for explanatory and predictive purposes.;Campigotto A and Bernardo T and Stone E and Stacey D and Poljak Z;31733427;No (excluded in title and abstract screening);No medical research (no new insights with direct relevance to health);2020;1;2019;6;No;Yes;;;;;;;7.0
Practice patterns and outcomes with the use of regorafenib in metastatic colorectal cancer: Results from the Regorafenib in Metastatic colorectal cancer - An Indian exploratory analysis study.;Ramaswamy A and Ostwal V and Pande N and Sharma A and Patil S and Thippeswamy R and Ghadyalpatil N and Roy R and Peshwe H and Poladia B and Rajamanickam D and Rangarajan B and Neelesh Reddy PR and Pandita V and Mukherjee A and Thoke A and Sarkar A and Satish CT and Shashidara H and Banavali SD;30766846;Yes;;2019;1;na;na;No;Yes;2;No;IN;IN;Multiple;IN;
Long term miscarriage-related hypertension and diabetes mellitus. Evidence from a United Kingdom population-based cohort study.;Okoth K and Subramanian A and Chandan JS and Adderley NJ and Thomas GN and Nirantharakumar K and Antza C;35061706;Yes;;2022;;2021;6;Yes;Yes;15;No;GB;GB;IQVIA;GB;
Epilepsy and mortality: a retrospective cohort analysis with a nested case-control study identifying causes and risk factors from primary care and linkage-derived data.;Wojewodka G and Gulliford MC and Ashworth M and Richardson MP and Ridsdale L;34697121;Yes;;2021;10;na;na;Yes;Yes;6;No;GB;GB;Clinical Practice Research Datalink;GB;
Using routinely recorded data in a UK RCT: a comparison to standard prospective data collection methods.;Powell GA and Bonnett LJ and Smith CT and Hughes DA and Williamson PR and Marson AG;34225782;Yes;;2021;7;2020;8;No;Yes;6;No;GB;GB;SAIL Databank;GB;11.0
At-risk registers integrated into primary care to stop asthma crises in the UK (ARRISA-UK): study protocol for a pragmatic, cluster randomised trial with nested health economic and process evaluations.;Smith JR and Musgrave S and Payerne E and Noble M and Sims EJ and Clark AB and Barton G and Pinnock H and Sheikh A and Wilson AM;30157917;No (excluded in title and abstract screening);No real-world application (findings not based on real-world data);2018;8;2018;3;No;Yes;;;;;;;5.0
Artificial Intelligence in Dermatology: A Threat or an Opportunity?;Martorell A and Martin-Gorgojo A and Ríos-Viñuela E and Rueda-Carnero JM and Alfageme F and Taberner R;35249709;No (excluded in title and abstract screening);No real-world application (findings not based on real-world data);2022;1;2021;6;No;Yes;;;;;;;7.0
Defining the rate of, and factors influencing, radiographic progression of osteoarthritis of the canine hip joint.;Enomoto M and Baines EA and Roe SC and Marcellin-Little DJ and Lascelles BDX;34118160;No (excluded in title and abstract screening);No tabular data;2021;11;2020;12;No;Yes;;;;;;;11.0
Discovery of Knowledge in the Incidence of a Type of Lung Cancer for Patients through Data Mining Models.;Saleh Ibrahim Y and Muhammed Y and Al-Douri AT and Faisal MS and Mohamad AAH and Al-Husban A and Birhan M;35685154;Yes;;2022;;2022;4;No;Yes;2;No;IQ;ET;Not precisely specified;IQ;
Patterning in Patient Referral to and Uptake of a National Exercise Referral Scheme (NERS) in Wales From 2008 to 2017: A Data Linkage Study.;Morgan K and Rahman M and Moore G;32498367;Yes;;2020;6;2020;5;No;Yes;;No;GB;GB;SAIL Databank;GB;1.0
Re-examining physician-scientist training through the prism of the discovery-invention cycle.;Sarma GP and Levey A and Faundez V;32089830;No (excluded in title and abstract screening);No medical research (no new insights with direct relevance to health);2019;;na;na;No;Yes;;;;;;;
Real-world adverse events with niraparib 200 mg/day maintenance therapy in ovarian cancer: a retrospective study.;Gallagher JR and Heap KJ and Carroll S and Travers K and Harrow B and Westin SN;31707856;Yes;;2019;12;na;na;No;Yes;2;No;US;US;Multiple;US;
Laboratory reform counteracts the WHO hepatitis C elimination strategy in Germany.;Kramer J and Wolffram I and Früh U and Bätz O and Berg T and Wiegand J;31386783;Yes;;2019;12;2019;3;No;Yes;1;No;DE;DE;Multiple;DE;9.0
Cognitive DDx Assistant in Rare Diseases.;Reumann M and Giovannini A and Nadworny B and Auer C and Girardi I and Marchiori C;30441083;No (excluded in full-paper screening);No access;2018;7;na;na;No;Yes;;;;;;;
Prospective study feasibility: Screening of antenatal total abnormal pulmonary venous return.;Levêque C and Paret L and Cochet T and Joinau-Zoulovits F and Chantalat E and Vidal F and Vayssière C and David N;29240234;No (excluded in title and abstract screening);No tabular data;2018;1;2017;1;No;Yes;;;;;;;12.0
Hereditary hearing loss SNP-microarray pilot study.;Vona B and Hofrichter MAH and Schröder J and Shehata-Dieler W and Nanda I and Haaf T;29903040;No (excluded in title and abstract screening);No tabular data;2018;6;2018;3;No;Yes;;;;;;;3.0
Application of Data Mining to a Large Hearing-Aid Manufacturer's Dataset to Identify Possible Benefits for Clinicians, Manufacturers, and Users.;Mellor J and Stone MA and Keane J;29848201;Yes;;2018;1;na;na;No;Yes;8;;GB;GB;Not precisely specified;unknown;
Developing an AI-assisted clinical decision support system to enhance in-patient holistic health care.;Juang WC and Hsu MH and Cai ZX and Chen CM;36315554;Yes;;2022;10;2021;11;No;Yes;;No;TW;TW;Not precisely specified;TW;11.0
[Clinical Research Using the Large Health Insurance Claims Database].;Takekuma Y and Imai S and Sugawara M;35370187;No (excluded before screening);not English;2022;;na;na;No;Yes;;;;;;;
Patch test results with the European baseline series and additions thereof in the ESSCA network, 2015-2018.;Uter W and Bauer A and Belloni Fortina A and Bircher AJ and Brans R and Buhl T and Cooper SM and Czarnecka-Operacz M and Dickel H and Dugonik A and Geier J and Giménez-Arnau AM and Gonçalo M and Johansen JD and Johnston GA and Mahler V and Rustemeyer T and Sanchez-Perez J and Schuttelaar MLA and Simon D and Spiewak R and Valiukevičienė S and Weisshaar E and White IR and Wilkinson M;32945543;Yes;;2021;2;2020;7;No;Yes;12;No;DE;GB;Multiple;DE, AT, CH, DK, PT;7.0
Accelerating ophthalmic artificial intelligence research: the role of an open access data repository.;Kras A and Celi LA and Miller JB;32740059;No (excluded in title and abstract screening);No real-world application (findings not based on real-world data);2020;9;na;na;No;Yes;;;;;;;
Pan-European Data Harmonization for Biobanks in ADOPT BBMRI-ERIC.;Mate S and Kampf M and Rödle W and Kraus S and Proynova R and Silander K and Ebert L and Lablans M and Schüttler C and Knell C and Eklund N and Hummel M and Holub P and Prokosch HU;31509880;No (excluded in title and abstract screening);No tabular data;2019;8;na;na;No;Yes;;;;;;;
Clinical profile of children and adolescents diagnosed with anorexia nervosa in Indian context.;Sravanti L and Velusamy AJP and Karki U and Kommu JVS and Girimaji SC;35299144;No (excluded in title and abstract screening);No real-world application (findings not based on real-world data);2022;5;2022;1;No;Yes;;;;;;;4.0
Correlation analysis of the proportion of monocytic myeloid-derived suppressor cells in colorectal cancer patients.;Shirasuna K and Ito M and Matsuda T and Enomoto T and Ohara Y and Yamamoto M and Nishijima S and OCNohchi N and Kuromitsu S;33370317;No (excluded in title and abstract screening);No real-world application (findings not based on real-world data);2020;;2020;5;No;Yes;;;;;;;
An open repository of real-time COVID-19 indicators.;Reinhart A and Brooks L and Jahja M and Rumack A and Tang J and Agrawal S and Al Saeed W and Arnold T and Basu A and Bien J and Cabrera ÁA and Chin A and Chua EJ and Clark B and Colquhoun S and DeFries N and Farrow DC and Forlizzi J and Grabman J and Gratzl S and Green A and Haff G and Han R and Harwood K and Hu AJ and Hyde R and Hyun S and Joshi A and Kim J and Kuznetsov A and La Motte-Kerr W and Lee YJ and Lee K and Lipton ZC and Liu MX and Mackey L and Mazaitis K and McDonald DJ and McGuinness P and Narasimhan B and O'Brien MP and Oliveira NL and Patil P and Perer A and Politsch CA and Rajanala S and Rucker D and Scott C and Shah NH and Shankar V and Sharpnack J and Shemetov D and Simon N and Smith BY and Srivastava V and Tan S and Tibshirani R and Tuzhilina E and Van Nortwick AK and Ventura V and Wasserman L and Weaver B and Weiss JC and Whitman S and Williams K and Rosenfeld R and Tibshirani RJ;34903654;No (excluded in title and abstract screening);No medical research (focus on data provision);2021;12;na;na;No;Yes;;;;;;;
HIV Status and Contraceptive Utilization among Women in Cameroon.;Budhwani H and Hearld KR and Dionne-Odom J and Manga S and Nulah K and Khan M and Welty T and Welty E and Tita AT;30776955;Yes;;2019;1;na;na;No;Yes;1;No;US;US;Cameroon Baptist Convention Health Services;CM;
Advancing In-Hospital Clinical Deterioration Prediction Models.;Jeffery AD and Dietrich MS and Fabbri D and Kennedy B and Novak LL and Coco J and Mion LC;30173171;Yes;;2018;9;na;na;No;Yes;;No;US;US;Not precisely specified;US;
Pregnancy Outcomes after Endometrial Ablation in a Multi-institutional Cohort.;Bauer AM and Hackney DN and El-Nashar S and Sheyn D;29528466;Yes;;2018;8;na;na;No;Yes;15;No;US;US;IBM;US;
Herpes zoster vaccine effectiveness against herpes zoster and postherpetic neuralgia in New Zealand: a retrospective cohort study.;Mbinta JF and Wang AX and Nguyen BP and Paynter J and Awuni PMA and Pine R and Sporle AA and Simpson CR;36879782;No (excluded before screening);Outside the search period;2023;2;na;na;No;Yes;1;No;NZ;NZ;New Zeeland Ministry of Health;NZ;
Expiratory airflow in late adolescence and early adulthood in individuals born very preterm or with very low birthweight compared with controls born at term or with normal birthweight: a meta-analysis of individual participant data.;Doyle LW and Andersson S and Bush A and Cheong JLY and Clemm H and Evensen KAI and Gough A and Halvorsen T and Hovi P and Kajantie E and Lee KJ and McGarvey L and Narang I and Näsänen-Gilmore P and Steinshamn S and Vollsaeter M and Vrijlandt EJLE;31078498;Yes;;2019;8;2018;9;Yes;No;10;No;AU;NL;Multiple;various;11.0
A Good Practice-Compliant Clinical Trial Imaging Management System for Multicenter Clinical Trials: Development and Validation Study.;Shin Y and Kim KW and Lee AJ and Sung YS and Ahn S and Koo JH and Choi CG and Ko Y and Kim HS and Park SH;31471962;No (excluded in title and abstract screening);No tabular data;2019;8;2019;4;No;Yes;;;;;;;4.0
Associations between body-mass index and COVID-19 severity in 6·9 million people in England: a prospective, community-based, cohort study.;Gao M and Piernas C and Astbury NM and Hippisley-Cox J and O'Rahilly S and Aveyard P and Jebb SA;33932335;Yes;;2021;6;2021;1;Yes;No;4;Yes;GB;GB;QResearch;GB;5.0
Heart Disease, Advanced Age, Minority Race, and Hispanic Ethnicity Are Associated With Mortality in COVID-19 Patients.;Conway BJ and Kim JW and Brousseau DC and Conroy M;34255958;Yes;;2021;7;na;na;Yes;No;22;Yes;US;US;Froedtert Health System, Childrens Hospital of Wisconsin;US;
An Unsupervised Cluster Analysis of Post-COVID-19 Mental Health Outcomes and Associated Comorbidities.;Brown KA and Sarkar IN and Crowley KM and Aluthge DP and Chen ES;37128434;Yes;;2022;;na;na;No;Yes;5;Yes;US;US;Rhode Island Quality Institute;US;
Patients Who Die by Suicide: A Study of Treatment Patterns and Patient Safety Incidents in Norway.;Krvavac S and Jansson B and Bukholm IRK and Wynn R and Bystad M;36078401;Yes;;2022;8;2022;7;No;Yes;20;No;NO;NO;The Norwegian System of Patient Injury Compensation;NO;1.0
Female genital mutilation - a blind spot in Dutch general practice? A case-control study.;Kawous R and Kerimova N and van den Muijsenbergh ME;33262149;Yes;;2021;1;2020;5;No;Yes;21;No;NL;NL;Multiple;NL;8.0
Screening for infection in unaccompanied asylum-seeking children and young people.;Williams B and Boullier M and Cricks Z and Ward A and Naidoo R and Williams A and Robinson K and Eisen S and Cohen J;32094246;Yes;;2020;6;na;na;No;Yes;1;No;GB;GB;Multiple;GB;
A Real-World Analysis of Commonly Prescribed FVIII Products Based on U.S. Medical Charts: Consumption and Bleeding Outcomes in Hemophilia A Patients.;Yan S and Maro GS and Desai V and Simpson ML;32820685;Yes;;2020;10;na;na;No;Yes;3;No;US;US;Multiple;US;
Ethnic inequalities in COVID-19 vaccine uptake and comparison to seasonal influenza vaccine uptake in Greater Manchester, UK: A cohort study.;Watkinson RE and Williams R and Gillibrand S and Sanders C and Sutton M;35239661;Yes;;2022;3;2021;10;No;Yes;22;Yes;GB;GB;NHS Greater Manchester;GB;5.0
General hospital admission rates in people diagnosed with personality disorder.;Fok ML and Chang CK and Broadbent M and Stewart R and Moran P;30689214;Yes;;2019;3;na;na;No;Yes;5;No;GB;GB;South London and Maudsley NHS Foundation Trust;GB;
Listening to Mental Health Crisis Needs at Scale: Using Natural Language Processing to Understand and Evaluate a Mental Health Crisis Text Messaging Service.;Liu Z and Peach RL and Lawrance EL and Noble A and Ungless MA and Barahona M;34939068;No (excluded in title and abstract screening);No tabular data;2021;;2021;9;No;Yes;;;;;;;
Antidepressant and antipsychotic treatment of Psychotic Major Depression in a British mental healthcare setting.;Jami ES and Pritchard M and Shetty H and Stewart R and Young AH and Heslin M;33961752;No (excluded before screening);Outside the search period;2023;2;na;na;No;Yes;5;No;GB;GB;South London and Maudsley NHS Foundation Trust;GB;
Death from cancer: frequent unscheduled care.;Mills SEE and Buchanan D and Donnan PT and Smith BH;35351803;Yes;;2022;3;2021;11;No;Yes;2;No;GB;GB;Multiple;GB;4.0
Establishment and 12-month progress of the New Zealand Motor Neurone Disease Registry.;Walker KL and Rodrigues MJ and Watson B and Reilly C and Scotter EL and Brunton H and Turnbull J and Roxburgh RH;30473407;No (excluded in title and abstract screening);No medical research (no new insights with direct relevance to health);2019;2;2018;10;No;Yes;;;;;;;4.0
Cartilage debris and osteoarthritis risk factors influence gene expression in the synovium in end stage osteoarthritis.;Roebuck MM and Jamal J and Lane B and Wood A and Santini A and Wong PF and Bou-Gharios G and Frostick SP;35679783;No (not retrieved);Not retrieved;2022;8;2021;7;No;Yes;;;;;;;13.0
Cardiovascular disease preventive medication dispensing for almost every New Zealander 65 years and over: a preventive treatment paradox?;Wells S and Choi Y and Jackson R and Parwaiz M and Mehta S and Selak V and Harwood M and Grey C and Kerse N and Poppe K;35077560;Yes;;2022;1;2021;7;No;Yes;9;No;NZ;NZ;New Zeeland Ministry of Health;NZ;6.0
How expensive are post-traumatic stress disorders? Estimating incremental health care and economic costs on anonymised claims data.;Bothe T and Jacob J and Kröger C and Walker J;32458163;Yes;;2020;8;2019;6;Yes;No;5;No;DE;DE;InGef;DE;14.0
Descriptive analysis of real-world medication use pattern of statins and antiplatelet agents among patients with acute coronary syndrome in Hong Kong and the USA.;Wang Y and Nichol MB and Yan BP and Wu J and Tomlinson B and Lee VW;31315855;Yes;;2019;7;na;na;No;Yes;9;No;AU;CN;Optum, Hong Kong Hospital Authority;US, CN;
UK prevalence of underlying conditions which increase the risk of severe COVID-19 disease: a point prevalence study using electronic health records.;Walker JL and Grint DJ and Strongman H and Eggo RM and Peppa M and Minassian C and Mansfield KE and Rentsch CT and Douglas IJ and Mathur R and Wong AYS and Quint JK and Andrews N and Bernal JL and Scott JA and Ramsay M and Smeeth L and McDonald HI;33706738;Yes;;2021;3;2020;9;Yes;Yes;22;Yes;GB;GB;Clinical Practice Research Datalink;GB;6.0
Clinical characteristics of people with heart failure in Australian general practice: results from a retrospective cohort study.;Sindone AP and Haikerwal D and Audehm RG and Neville AM and Lim K and Parsons RW and Piazza P and Liew D;34708559;Yes;;2021;12;2021;3;No;Yes;9;No;AU;AU;Multiple;AU;9.0
The Connected Intensive Care Unit Patient: Exploratory Analyses and Cohort Discovery From a Critical Care Telemedicine Database.;Essay P and Shahin TB and Balkan B and Mosier J and Subbian V;30679148;No (excluded in title and abstract screening);No medical research (focus on data provision);2019;1;2018;12;Yes;Yes;;;;;;;1.0
Zoster vaccination inequalities: A population based cohort study using linked data from the UK Clinical Practice Research Datalink.;Jain A and Walker JL and Mathur R and Forbes HJ and Langan SM and Smeeth L and van Hoek AJ and Thomas SL;30439975;Yes;;2018;;2018;1;Yes;Yes;1;No;GB;GB;Clinical Practice Research Datalink;GB;
Shielding reduced incidence of COVID-19 in patients with inflammatory arthritis but vulnerability is associated with increased mortality.;Cooksey R and Underwood J and Brophy S and Atkinson M and Kennedy J and Choy E;35567479;Yes;;2022;6;2022;1;No;Yes;13;Yes;GB;GB;SAIL Databank;GB;5.0
Approaches for Enhanced Extrapolation of Long-Term Survival Outcomes Using Electronic Health Records of Patients With Cancer.;Wang X and Adamson BJ and Briggs A and Tan K and Bargo D and Ghosh S and Baxi S and Ramsey S;35094796;Yes;;2022;2;2020;12;Yes;Yes;2;No;US;US;Flatiron Health;US;14.0
ERBB2 Copy Number as a Quantitative Biomarker for Real-World Outcomes to Anti-Human Epidermal Growth Factor Receptor 2 Therapy in Advanced Gastroesophageal Adenocarcinoma.;Zhang L and Hamdani O and Gjoerup O and Cho-Phan C and Snider J and Castellanos E and Nimeiri H and Frampton G and Venstrom JM and Oxnard G and Klempner SJ and Schrock AB;35050711;Yes;;2022;1;na;na;No;Yes;2;No;US;US;Flatiron Health;US;
Predictive Modeling of Morbidity and Mortality in Patients Hospitalized With COVID-19 and its Clinical Implications: Algorithm Development and Interpretation.;Wang JM and Liu W and Chen X and McRae MP and McDevitt JT and Fenyö D;34081611;Yes;;2021;7;2021;4;No;Yes;22;Yes;US;US;New York University Langone Health;US;3.0
Pertuzumab Plus Trastuzumab for Treatment-Refractory HER2-Amplified Metastatic Colorectal Cancer: Comparison of the MyPathway Trial With a Real-World External Control Arm.;Narita Y and Yoshimoto T and Namai T and Asakawa T and Kawakami S and Gower-Page C and Reyes-Rivera I and Patel A and Nakamura Y;35649212;Yes;;2022;5;na;na;Yes;Yes;2;No;JP;JP;Flatiron Health;US;
Maximizing Adherence and Gaining New Information For Your Chronic Obstructive Pulmonary Disease (MAGNIFY COPD): Study Protocol for the Pragmatic, Cluster Randomized Trial Evaluating the Impact of Dual Bronchodilator with Add-On Sensor and Electronic Monitoring on Clinical Outcomes.;Price D and Jones R and Pfister P and Cao H and Carter V and Kemppinen A and Holzhauer B and Kaplan A and Clark A and Halpin DMG and Pinnock H and Chalmers JD and van Boven JFM and Beeh KM and Kostikas K and Roche N and Usmani O and Mastoridis P;34079422;No (excluded in title and abstract screening);No real-world application (findings not based on real-world data);2021;;2021;1;Yes;Yes;;;;;;;
Cardiovascular medication changes over 5 years in a national data linkage study: implications for risk prediction models.;Mehta S and Jackson R and Wells S and Harrison J and Exeter DJ and Kerr AJ;29391835;Yes;;2018;;na;na;No;Yes;9;No;NZ;NZ;New Zeeland Ministry of Health;NZ;
Computerized cardiotocography analysis during labor - A state-of-the-art review.;Ben M'Barek I and Jauvion G and Ceccaldi PF;36541016;No (excluded before screening);Outside the search period;2023;2;2022;9;No;Yes;;;;;;;5.0
Pushing boundaries of video review in trauma: using comprehensive data to improve the safety of trauma care.;Nolan B and Hicks CM and Petrosoniak A and Jung J and Grantcharov T;32685694;No (excluded in title and abstract screening);No medical research (focus on data provision);2020;;2020;5;No;Yes;;;;;;;
Accuracy of High-Speed Video Analysis to Diagnose Primary Ciliary Dyskinesia.;Rubbo B and Shoemark A and Jackson CL and Hirst R and Thompson J and Hayes J and Frost E and Copeland F and Hogg C and O'Callaghan C and Reading I and Lucas JS;30826306;No (excluded in title and abstract screening);No tabular data;2019;5;2018;10;No;Yes;;;;;;;7.0
How the new European data protection regulation affects clinical research and recommendations?;Demotes-Mainard J and Cornu C and Guérin A;30642661;No (excluded in title and abstract screening);No real-world application (findings not based on real-world data);2019;2;2018;10;Yes;No;;;;;;;4.0
Annual Bleeding Rates: Pitfalls of Clinical Trial Outcomes in Hemophilia Patients.;Keipert C and Müller-Olling M and Gauly F and Arras-Reiter C and Hilger A;32472976;No (excluded in title and abstract screening);No real-world application (findings not based on real-world data);2020;11;2020;3;Yes;No;;;;;;;8.0
Designing an on-line database for morphological studies of three-dimensional liver tumors.;Streba CT and Şerbănescu MS and Popescu S and Cruce R and Gheonea DI and Gheonea IA;31912106;No (excluded in title and abstract screening);No medical research (focus on data provision);2019;;na;na;No;Yes;;;;;;;
Care structure of patients with mycosis fungoides and Sézary syndrome in Germany - Care research based on SHI claims data.;Assaf C and Dobos G and Zech IM and Doess A and Hibbe T and Jadasz JJ;35499207;Yes;;2022;5;2021;10;No;Yes;2;No;DE;DE;InGef;DE;7.0
Societal Cost of Ischemic Stroke in Romania: Results from a Retrospective County-Level Study.;Strilciuc S and Grad DA and Mixich V and Stan A and Buzoianu AD and Vladescu C and Vintan MA;34073732;Yes;;2021;5;2021;4;No;Yes;9;No;RO;RO;Iuliu Hatieganu University of Medicine and Pharmacy;RO;1.0
Bayesian Modeling for the Detection of Adverse Events Underreporting in Clinical Trials.;Barmaz Y and Ménard T;34260043;Yes;;2021;9;na;na;Yes;No;;No;CH;CH;;various;
Neonatal bacterial meningitis versus ventriculitis: a cohort-based overview of clinical characteristics, microbiology and imaging.;Peros T and van Schuppen J and Bohte A and Hodiamont C and Aronica E and de Haan T;32621136;No (excluded in title and abstract screening);No tabular data;2020;12;2020;2;No;Yes;;;;;;;10.0
2015 UK software audit of hepatobiliary scintigraphy.;O'Shaughnessy ER and Murray A and Taylor JC and Barnfield M and Cullis J and Cade S and Kenny B and Carson KJ and Towey DJ and White D;30650067;No (excluded in title and abstract screening);No real-world application (findings not based on real-world data);2019;2;na;na;No;Yes;;;;;;;
Bacterial Colonization and Tissue Compatibility of Denture Base Resins.;Olms C and Yahiaoui-Doktor M and Remmerbach TW and Stingu CS;29914101;No (excluded in title and abstract screening);No tabular data;2018;6;2018;5;No;Yes;;;;;;;1.0
Future Medical Artificial Intelligence Application Requirements and Expectations of Physicians in German University Hospitals: Web-Based Survey.;Maassen O and Fritsch S and Palm J and Deffge S and Kunze J and Marx G and Riedel M and Schuppert A and Bickenbach J;33666563;No (excluded in title and abstract screening);No real-world application (findings not based on real-world data);2021;3;2020;12;No;Yes;;;;;;;3.0
Prescribing patterns of opioid analgesics in a dental setting: 2013-2018.;Miller CS and Ke C and Witty JT and Nagarajan R;32660860;Yes;;2020;10;2020;4;No;Yes;11;No;US;US;University of Kentucky College of Dentistry;US;6.0
Care reality of menopausal women in Germany: healthcare research using quantitative (SHI claims data) and qualitative (survey) data collection.;Stute P and Eversheim H and Ortius-Lechner D and May M and Feig C;35253085;Yes;;2022;8;2021;10;No;Yes;14;No;CH;DE;InGef;DE;10.0
Exploring the health and service utilisation of general practice patients with a history of adverse childhood experiences (ACEs): an observational study using electronic health records.;Hardcastle K and Bellis MA and Sharp CA and Hughes K;32978186;Yes;;2020;9;na;na;No;Yes;;No;GB;GB;Multiple;GB;
Long-term antipsychotic polypharmacy prescribing in secondary mental health care and the risk of mortality.;Kadra G and Stewart R and Shetty H and MacCabe JH and Chang CK and Taylor D and Hayes RD;29845597;Yes;;2018;8;na;na;No;Yes;5;No;GB;GB;South London and Maudsley NHS Foundation Trust;GB;
Predictors of Functional Dependence After COVID-19: A Retrospective Examination Among Veterans.;Leigh AE and McCall J and Burke RV and Rome R and Raines AM;33048890;Yes;;2021;1;na;na;No;Yes;22;Yes;US;US;Southeast Louisiana Veterans Healthcare System;US;
Long-stay in forensic-psychiatric care in the UK.;Hare Duke L and Furtado V and Guo B and Völlm BA;29387921;Yes;;2018;3;2017;1;No;Yes;5;No;GB;GB;Multiple;GB;14.0
Characteristics of patients with motor functional neurological disorder in a large UK mental health service: a case-control study.;O'Connell N and Nicholson TR and Wessely S and David AS;30773149;Yes;;2020;2;na;na;No;Yes;5;No;GB;GB;South London and Maudsley NHS Foundation Trust;GB;
Acute respiratory infections in an adult refugee population: an observational study.;Jablonka A and Dopfer C and Happle C and Shalabi A and Wetzke M and Hummers E and Friede T and Heinemann S and Hillermann N and Simmenroth A and Müller F;34934070;Yes;;2021;12;2021;1;No;Yes;10;Yes;DE;DE;Multiple;DE;11.0
Clinical and health economic evaluation of a post-stroke arrhythmia monitoring service.;Muggeridge D and Callum K and Macpherson L and Howard N and Graune C and Megson I and Giangreco A and Gallacher S and Campbell L and Williams G and Macaden A and Leslie SJ;36212791;Yes;;2022;5;na;na;No;Yes;9;No;GB;GB;Raigmore Hospital;GB;
An open-source data set of anti-VEGF therapy in diabetic macular oedema patients over 4 years and their visual acuity outcomes.;Kern C and Fu DJ and Huemer J and Faes L and Wagner SK and Kortuem K and Patel PJ and Rajendram R and Balaskas K and Hamilton R and Sim DA and Keane PA;32591734;No (excluded in title and abstract screening);No real-world application (findings not based on real-world data);2021;5;2019;11;No;Yes;;;;;;;18.0
Basic open surgical training course.;Christensen JB and Nodin E and Zetner DB and Fabrin A and Thingaard E;30511634;No (excluded in title and abstract screening);No real-world application (findings not based on real-world data);2018;12;na;na;Yes;No;;;;;;;
Antidepressant prescriptions and mental health nurses: an observational study in Dutch general practice from 2011 to 2015.;Magnée T and de Beurs DP and Schellevis FG and Verhaak PF;29338537;Yes;;2018;3;na;na;No;Yes;5;No;NL;NL;NIVEL Primary Care Database;NL;
Cost of managing patients with venous leg ulcers.;Phillips CJ and Humphreys I and Thayer D and Elmessary M and Collins H and Roberts C and Naik G and Harding K;32383324;Yes;;2020;8;2019;11;No;Yes;9;No;GB;GB;SAIL Databank;GB;9.0
Late-life depression in people from ethnic minority backgrounds: Differences in presentation and management.;Mansour R and Tsamakis K and Rizos E and Perera G and Das-Munshi J and Stewart R and Mueller C;32056770;Yes;;2020;3;2019;10;No;Yes;5;No;GB;GB;South London and Maudsley NHS Foundation Trust;GB;5.0
Exo-anal imaging of the anal sphincter: a comparison between introital and transperineal image acquisition.;Cattani L and Van Schoubroeck D and Housmans S and Callewaert G and Werbrouck E and Verbakel JY and Deprest J;31802159;No (excluded in title and abstract screening);No tabular data;2020;6;2019;7;No;Yes;;;;;;;11.0
Juvenile-onset and adult-onset demodicosis in dogs in the UK: prevalence and breed associations.;O'Neill DG and Turgoose E and Church DB and Brodbelt DC and Hendricks A;31584708;No (excluded in title and abstract screening);No medical research (no new insights with direct relevance to health);2020;1;2018;10;No;Yes;;;;;;;15.0
Multi- and univariate analyses of the weekend effect for elective lower-limb joint replacements.;Briggs W and Guevel B and McCaskie AW and McDonnell SM;28768430;Yes;;2018;1;na;na;No;Yes;;No;GB;GB;Cambridge University Hospitals;GB;
The effects of an evidence- and theory-informed feedback intervention on opioid prescribing for non-cancer pain in primary care: A controlled interrupted time series analysis.;Alderson SL and Farragher TM and Willis TA and Carder P and Johnson S and Foy R;34606504;Yes;;2021;10;2020;11;No;Yes;;No;GB;GB;Multiple;GB;11.0
Impact of a Multidisciplinary Long-Term Opioid Therapy Safety Program at a Military Tertiary Academic Medical Center.;Jaskiewicz JL and Garry CB and Ernst AJ and Cole JH and Allen ML and Fox CC and Gendron RT and Gentry SL and Hughey SB and Stedje-Larsen ET;34179995;Yes;;2022;1;2021;2;No;Yes;;No;US;US;Multiple;US;11.0
Decreased hospital admissions through emergency departments during the COVID-19 pandemic.;Nourazari S and Davis SR and Granovsky R and Austin R and Straff DJ and Joseph JW and Sanchez LD;33279331;Yes;;2021;4;2020;10;No;Yes;22;Yes;US;US;Multiple;US;6.0
Medical Needs in Minamisanriku Town after the Great East Japan Earthquake.;Suda T and Murakami A and Nakamura Y and Sasaki H and Tsuji I and Sugawara Y and Hatsugai K and Nishizawa M and Egawa S;31178539;Yes;;2019;6;na;na;No;Yes;;No;JP;JP;Multiple;JP;
Disease Progression Modeling Analysis of the Change of Bone Mineral Density by Postoperative Hormone Therapies in Postmenopausal Patients With Early Breast Cancer.;Yoon S and Bae KS and Cho YS and Han S and Kim H and Lim HS;31172521;Yes;;2019;11;2019;2;No;Yes;13;No;KR;KR;Asan Medical Center;KR;9.0
Developing a real-world database for oncology: a descriptive analysis of breast cancer in Argentina.;Streich G and Villalba MB and Cid C and Bramuglia GF;36200013;No (excluded in title and abstract screening);No medical research (focus on data provision);2022;;2021;12;No;Yes;;;;;;;
Time Trend Analysis of Tuberculosis Treatment While Using Digital Adherence Technologies-An Individual Patient Data Meta-Analysis of Eleven Projects across Ten High Tuberculosis-Burden Countries.;de Groot LM and Straetemans M and Maraba N and Jennings L and Gler MT and Marcelo D and Mekoro M and Steenkamp P and Gavioli R and Spaulding A and Prophete E and Bury M and Banu S and Sultana S and Onjare B and Efo E and Alacapa J and Levy J and Morales MLL and Katamba A and Bogdanov A and Gamazina K and Kumarkul D and Ekaterina OL and Cattamanchi A and Khan A and Bakker MI;35622692;Yes;;2022;4;2021;12;No;Yes;1;No;NL;NL;Multiple;BD, ET, HT, KG, NA, PH, ZA, TZ, UG, UA;4.0
The diagnostic value of intravenous contrast computed tomography in addition to plain computed tomography in dogs with head trauma.;Vali Y and Gielen I and Soroori S and Ludewig E;33482817;No (excluded in title and abstract screening);No tabular data;2021;1;2020;4;No;Yes;;;;;;;9.0
Investigation of relationships between body weight and age among domestic cats stratified by breed and sex.;Campigotto AJ and Poljak Z and Stone EA and Stacey D and Bernardo TM;31260398;No (excluded in title and abstract screening);No real-world application (findings not based on real-world data);2019;7;na;na;No;Yes;;;;;;;
ESTROGEN LEVELS DO NOT RISE WITH TESTOSTERONE TREATMENT FOR TRANSGENDER MEN.;Chan KJ and Jolly D and Liang JJ and Weinand JD and Safer JD;29561193;Yes;;2018;4;na;na;No;Yes;;No;US;US;Boston Medical Center;US;
"Tune-In and Time-Out: Toward Surgeon-Led Prevention of ""Never"" Events.";Jones N;26756728;No (excluded in title and abstract screening);Anonymous survey;2019;12;na;na;No;Yes;;;;;;;
How well is each learner learning? Validity investigation of a learning curve-based assessment approach for ECG interpretation.;Hatala R and Gutman J and Lineberry M and Triola M and Pusic M;30171512;No (excluded in title and abstract screening);No tabular data;2019;3;2017;9;No;Yes;;;;;;;18.0
Impact of the COVID-19 pandemic on routine surveillance for adults with chronic hepatitis B virus (HBV) infection in the UK.;Campbell C and Wang T and Smith DA and Freeman O and Noble T and Várnai KA and Harris S and Salih H and Roadknight G and Little S and Glampson B and Mercuri L and Papadimitriou D and Jones CR and Taylor V and Chaudhry A and Phan H and Borca F and Olza J and Warricker F and Romão L and Ramlakhan D and English L and Klenerman P and Andersson MI and Collier J and Nastouli E and Khakoo SI and Gelson W and Cooke GS and Woods K and Davies J and Barnes E and Matthews PC;38721280;Yes;;2022;na;na;na;No;Yes;1;Yes;GB;GB;"National
Institute for Health Research (NIHR) Health Informatics Collaborative (HIC)";GB;
Chorionic Bump: Radiologic Features and Pregnancy Outcomes.;Yousaf A and Tayyab A and Anil MSU and Ahmed MMH and Ahmed SSHBA Sr and Alobadli A;33329976;Yes;;2020;11;na;na;No;Yes;17;No;QA;QA;Hamad General Hospital;QA;
Artificial intelligence system for training diagnosis and differentiation with molar incisor hypomineralization (MIH) and similar pathologies.;Alevizakos V and Bekes K and Steffen R and von See C;36065023;No (excluded in title and abstract screening);No tabular data;2022;12;2021;10;No;Yes;;;;;;;14.0
Second Opinions before Surgery Have the Potential to Reduce Costs - An Exploratory Analysis.;Weyerstraß J and Prediger B and Neugebauer E and Pieper D;32316057;Yes;;2021;8;na;na;No;Yes;;No;DE;DE;Institute for Research in Operative Medicine;DE;
The French glioblastoma biobank (FGB): a national clinicobiological database.;Clavreul A and Soulard G and Lemée JM and Rigot M and Fabbro-Peray P and Bauchet L and Figarella-Branger D and Menei P;31014363;No (excluded in title and abstract screening);No medical research (focus on data provision);2019;4;2019;2;No;Yes;;;;;;;2.0
Applying Machine Learning to Pediatric Critical Care Data.;Williams JB and Ghosh D and Wetzel RC;29727354;Yes;;2018;7;na;na;No;Yes;;No;US;US;Childrens Hospital Los Angeles;US;
Pediatric neurosurgical workforce, access to care, equipment and training needs worldwide.;Dewan MC and Baticulon RE and Rattani A and Johnston JM and Warf BC and Harkness W;30269579;No (excluded in title and abstract screening);Anonymous survey;2018;10;na;na;No;Yes;;;;;;;
Mental health outcomes in patients with a long-term condition: analysis of an Improving Access to Psychological Therapies service.;Seaton N and Moss-Morris R and Norton S and Hulme K and Hudson J;35640903;Yes;;2022;6;na;na;Yes;No;5;Yes;GB;GB;Not precisely specified;GB;
One year of psychiatric presentations to a hospital emergency department during COVID-19.;Hartnett Y and Alshurafa K and McAndrew J and Daly D and Alsaffar M and Cotter D and Cannon M and MacHale S and Murphy KC and Barry H;35285434;No (excluded before screening);Outside the search period;2023;9;na;na;No;Yes;5;Yes;IE;IE;Beaumont Hospital ;IE;
Reducing short-acting beta-agonist overprescribing in asthma: lessons from a quality-improvement prescribing project in East London.;De Simoni A and Hajmohammadi H and Pfeffer P and Cole J and Griffiths C and Hull SA;35995577;Yes;;2022;6;2021;12;No;Yes;10;No;GB;GB;Multiple;GB;6.0
Increased Risk of Humeral Fracture With Open Versus Arthroscopic Tenodesis of the Long Head of the Biceps Brachii.;Parisien RL and Trofa DP and Kang HP and Swindell HW and Trasolini N and Li X and Ahmad CS;32875296;Yes;;2020;8;2019;10;No;Yes;19;No;US;US;Medicare Standard Analytic File;US;10.0
Understanding the profile of Personal Alert Victoria clients who fall.;Soh SE and Ayton D and Morello R and Natora A and Yallop S and Barker A;30011101;Yes;;2018;7;2017;8;No;Yes;;No;AU;AU;Department of Health and Human Services;AU;11.0
Incidence and survival of uveal melanoma in Northern Ireland: how incomplete data can skew results in rare cancers.;Quhill H and Jefferis JM and Rennie IG and Salvi SM and Gavin A and Fitzpatrick D and Savage G and Curragh D and Rundle P;36494430;No (excluded before screening);Outside the search period;2023;8;2021;11;Yes;No;;;;;;;21.0
Evaluation of the effectiveness of the Family Nurse Partnership home visiting programme in first time young mothers in Scotland: a protocol for a natural experiment.;Lugg-Widger F and Robling M and Lau M and Paranjothy S and Pell J and Sanders J and White J and Cannings-John R;32935057;No (excluded in title and abstract screening);No real-world application (findings not based on real-world data);2020;3;na;na;No;Yes;;;;;;;
Psychiatric comorbidity as a risk factor for the mortality of people with bulimia nervosa.;Himmerich H and Hotopf M and Shetty H and Schmidt U and Treasure J and Hayes RD and Stewart R and Chang CK;30756148;Yes;;2019;7;2018;5;No;Yes;5;No;GB;GB;South London and Maudsley NHS Foundation Trust;GB;14.0
Data resource profile: children looked after administrative records in Wales.;Allnatt G and Lee A and Scourfield J and Elliott M and Broadhurst K and Griffiths L;35974979;No (excluded in title and abstract screening);No medical research (focus on data provision);2022;;na;na;No;Yes;;;;;;;
Real-world use of an etanercept biosimilar including selective versus automatic substitution in inflammatory arthritis patients: a UK-based electronic health records study.;Cooksey R and Brophy S and Kennedy J and Seaborne M and Choy E;35910710;Yes;;2022;;2021;10;No;Yes;13;No;GB;GB;SAIL Databank;GB;
[Health and Social Status in Hamburg's Urban Quarters - An Approach to Mapping Social Status with Health-Related Routine Data].;Meinert N and Busch S and Swart E;34758506;No (excluded before screening);not English;2021;11;na;na;No;Yes;;;;;;;
A comparison of routine and case-managed pathways for recovery from musculoskeletal disorders in people in employment.;Bergman BP and Demou E and Lewsey J and Macdonald E;33896322;Yes;;2022;8;na;na;No;Yes;13;No;GB;GB;NHS Scotland;GB;
A comparison of two national frailty scoring systems.;Hollinghurst J and Housley G and Watkins A and Clegg A and Gilbert T and Conroy SP;33252680;Yes;;2021;6;na;na;No;Yes;18;No;GB;GB;SAIL Databank;GB;
Comorbid Psychiatric Aspects of Bainbridge-Ropers Syndrome.;Ikekwere JC and Osuagwu FC and LePlatte D and Ghaziuddin M;34086428;No (excluded in title and abstract screening);No real-world application (findings not based on real-world data);2021;6;2020;8;No;Yes;;;;;;;10.0
Decentralized and reproducible geocoding and characterization of community and environmental exposures for multisite studies.;Brokamp C and Wolfe C and Lingren T and Harley J and Ryan P;29126118;No (excluded in title and abstract screening);No tabular data;2018;3;2017;7;No;Yes;;;;;;;8.0
Baseball injuries in adolescent athletes with ADHD.;Feldkamp JM and Stevens AR and Blaakman SR and Hale EW;36699984;Yes;;2022;;2022;8;Yes;No;19;No;US;US;TriNetX;various;
Prevalence and risk factors for delirium in critically ill patients with COVID-19 (COVID-D): a multicentre cohort study.;Pun BT and Badenes R and Heras La Calle G and Orun OM and Chen W and Raman R and Simpson BK and Wilson-Linville S and Hinojal Olmedillo B and Vallejo de la Cueva A and van der Jagt M and Navarro Casado R and Leal Sanz P and Orhun G and Ferrer Gómez C and Núñez Vázquez K and Piñeiro Otero P and Taccone FS and Gallego Curto E and Caricato A and Woien H and Lacave G and O'Neal HR Jr and Peterson SJ and Brummel NE and Girard TD and Ely EW and Pandharipande PP;33428871;Yes;;2021;3;2020;10;No;Yes;5;Yes;US;US;Multiple;various;5.0
Disparities in Utilization and Outcomes With Continuous Subcutaneous Insulin Infusion in Young Adults With Type 1 Diabetes.;McKee AM and Al-Hammadi N and Hinyard LJ;33991655;No (not retrieved);Not retrieved;2021;8;2021;1;No;Yes;;;;;;;7.0
Obesity Pharmacotherapy is Effective in the Veterans Affairs Patient Population: A Local and Virtual Cohort Study.;Pendse J and Vallejo-García F and Parziale A and Callanan M and Tenner C and Alemán JO;33491308;Yes;;2021;2;2020;6;No;Yes;4;No;US;US;VA New York Harbor Health Care;US;8.0
"Ten-year patient journey of stage III non-small cell lung cancer patients: A single-center, observational, retrospective study in Korea (Realtime autOmatically updated data warehOuse in healTh care; UNIVERSE-ROOT study).";Jung HA and Sun JM and Lee SH and Ahn JS and Ahn MJ and Park K;32526601;Yes;;2020;8;2020;4;No;Yes;2;No;KR;KR;Not precisely specified;KR;4.0
Clinical characteristics and risk factors of in-hospital gastrointestinal bleeding in patients with acute myocardial infarction.;Zhong L and Quan X and Dang P and Tang M and Yu H and Guo F;36237901;Yes;;2022;;2022;5;No;Yes;9;No;CN;CN;Xi'an Jiaotong University;CN;
Bisphosphonates to reduce bone fractures in stage 3B+ chronic kidney disease: a propensity score-matched cohort study.;Robinson DE and Ali MS and Strauss VY and Elhussein L and Abrahamsen B and Arden NK and Ben-Shlomo Y and Caskey F and Cooper C and Dedman D and Delmestri A and Judge A and Javaid MK and Prieto-Alhambra D;33739919;Yes;;2021;3;na;na;Yes;Yes;14;No;GB;GB;Clinical Practice Research Datalink;GB, DK;
"Clinically decisive (dis)agreement in multidisciplinary team assessment of esophageal squamous cell carcinoma; a prospective, national, multicenter study.";Achiam MP and Nordsmark M and Ladekarl M and Olsen A and Loft A and Garbyal RS and Larsen MH and Ainsworth AP and Kristensen TS and Dikinis S and Kjær DW and Bæksgaard L and Siemsen M and Nielsen MB and Schlander S and Kramer S and Katballe N and Kruhlikava I and Tabaksblat E and Fisker RV and Mortensen PB and Holtved E and Eckardt J and Detlefsen S and Naujokaite G and Lütken CD;34313177;Yes;;2021;9;na;na;No;Yes;2;No;DK;DK;Multiple;DK;
Disease burden in a large cohort of asylum seekers and refugees in Germany.;Müller F and Kleinert E and Hillermann N and Simmenroth A and Hummers E and Scharff AZ and Dopfer C and Happle C and Jablonka A;33643633;Yes;;2021;1;na;na;No;Yes;;No;DE;DE;Multiple;DE;
Selenium Deficiency in Lymphedema and Lipedema-A Retrospective Cross-Sectional Study from a Specialized Clinic.;Pfister C and Dawczynski H and Schingale FJ;32344864;Yes;;2020;4;2020;3;No;Yes;4;No;DE;DE;Lympho-Opt Clinic Pommelsbrunn-Hohenstadt;DE;1.0
Application of Machine Learning Methods to Ambulatory Circadian Monitoring (ACM) for Discriminating Sleep and Circadian Disorders.;Rodriguez-Morilla B and Estivill E and Estivill-Domènech C and Albares J and Segarra F and Correa A and Campos M and Rol MA and Madrid JA;31920488;Yes;;2019;;2019;3;No;Yes;5;No;ES;ES;University of Murcia;ES;
Characterization of Medical Professional Liability Risks Associated With Transesophageal Echocardiography.;Dudzinski DM and Mangalmurti SS and Oetgen WJ;30679140;Yes;;2019;3;2018;7;No;Yes;;No;US;US;Not precisely specified;US;8.0
Accuracy Beyond ISO: Introducing a New Method for Distinguishing Differences Between Blood Glucose Monitoring Systems Meeting ISO 15197:2013 Accuracy Requirements.;Pardo S and Shaginian RM and Simmons DA;29542346;No (excluded in full-paper screening);4a (the Systems were anonymized);2018;5;na;na;No;Yes;4;?;US;?;;;
Differences in Temporal Relapse Characteristics Between Affective and Non-affective Psychotic Disorders: Longitudinal Analysis.;Immanuel SA and Schrader G and Bidargaddi N;33692704;Yes;;2021;;2020;5;No;Yes;5;No;AU;AU;Multiple;AU;
Negotiating the turning point in the transition from curative to palliative treatment: a linguistic analysis of medical records of dying patients.;Hov L and Synnes O and Aarseth G;32590962;No (excluded in title and abstract screening);No tabular data;2020;6;2020;2;No;Yes;;;;;;;4.0
Diagnostic behaviour of general practitioners when suspecting Lyme disease: a database study from 2010-2015.;Botman E and Ang CW and Joosten JCN and Slottje P and van der Wouden JC and Maarsingh OR;29614977;Yes;;2018;4;2017;4;No;Yes;1;No;NL;NL;Multiple;NL;12.0
Risk Factors Associated With Pressure Injuries in Surgical Patients: A Retrospective Case-Control Study.;Kim JY and Lee HH;36417372;Yes;;2022;11;na;na;No;Yes;12;No;KR;KR;Bundang Hospital;KR;
Comparison of Titer and Signal to Noise (S/N) for Determination of Anti-drug Antibody Magnitude Using Clinical Data from an Industry Consortium.;Starcevic Manning M and Hassanein M and Partridge MA and Jawa V and Mora J and Ryman J and Barker B and Braithwaite C and Carleton K and Hay L and Hottenstein C and Kubiak RJ and Devanarayan V;35821280;Yes;;2022;7;2022;5;No;Yes;;No;US;US;Multiple;US;2.0
Prevalence, incidence and presence of comorbidities in patients with prurigo and pruritus in Germany: A population-based claims data analysis.;Augustin M and Garbe C and Hagenström K and Petersen J and Pereira MP and Ständer S;34192369;Yes;;2021;11;2021;3;No;Yes;12;No;DE;DE;DAK-Gesundheit;DE;8.0
Severity score for predicting in-facility Ebola treatment outcome.;Kangbai JB and Heumann C and Hoelscher M and Sahr F and Froeschl G;32763341;Yes;;2020;9;2020;1;No;Yes;1;No;DE;DE;Multiple;SL;8.0
Fluoropyridmidine use and hypertriglyceridemia among Japanese patients: analysis of adverse event database.;Mitsuboshi S and Niimura T and Yoshino M and Sakamoto Y and Zamami Y and Ishizawa K;34482500;Yes;;2022;2;2021;6;No;Yes;4;No;JP;JP;Japanese Adverse Drug Event Report;JP;8.0
Effect of the fixed combination of valerian, lemon balm, passionflower, and butterbur extracts (Ze 185) on the prescription pattern of benzodiazepines in hospitalized psychiatric patients-A retrospective case-control investigation.;Keck ME and Nicolussi S and Spura K and Blohm C and Zahner C and Drewe J;31985131;Yes;;2020;6;2019;4;No;Yes;5;No;CH;CH;Clienia Private Clinic Schlössli;CH;14.0
Detection of incident breast and colorectal cancer cases from an administrative healthcare database in Catalonia, Spain.;Escribà JM and Banqué M and Macià F and Gálvez J and Esteban L and Pareja L and Clèries R and Sanz X and Castells X and Borrás JM and Ribes J;31586294;Yes;;2020;6;2019;9;No;Yes;2;No;ES;ES;Multiple;ES;9.0
[Characteristics of Care and Outcome Quality within the Specialized Ambulatory Palliative Care (SAPV): Analysis of Patient Characteristics and Indicators of Care of a Palliative Care Team].;Dengler R and Kirchgessner C and Albrecht E and Rockmann K and Cassens M;30841001;No (excluded before screening);not English;2020;10;na;na;No;Yes;;;;;;;
Childhood Factors and Dental Caries in the Permanent Dentition: Findings of an 8-Year Study Under a Nationwide School Dental Service.;Tan SHX and Teo YY and Tan MHX and Gao X;33743991;Yes;;2021;12;na;na;No;Yes;11;No;SG;SG;Health Promotion Board (Singapore);SG;
Neurological and psychiatric disorders among autistic adults: a population healthcare record study.;Underwood JFG and DelPozo-Banos M and Frizzati A and Rai D and John A and Hall J;36189783;No (excluded before screening);Outside the search period;2023;9;na;na;No;Yes;5;No;GB;GB;SAIL Databank;GB;
Characteristics and outcomes of health and social care workers testing positive for SARS-CoV-2 in the Tayside region of Scotland.;Siddiqui MK and Parcell B and Allstaff S and Palmer C and Chalmers JD and Bell S;32675210;No (excluded in full-paper screening);Correspondence;2020;9;na;na;No;Yes;22;Yes;;;;;
Demographic variation in fit note receipt and long-term conditions in south London.;Dorrington S and Carr E and Stevelink SAM and Dregan A and Whitney D and Durbaba S and Ashworth M and Mykletun A and Broadbent M and Madan I and Hatch S and Hotopf M;32209610;Yes;;2020;6;2019;6;No;Yes;;No;GB;GB;Lambeth DataNet;GB;12.0
Impact of initial COVID-19 restrictions on psychiatry presentations to the emergency department of a large academic teaching hospital.;McAndrew J and O'Leary J and Cotter D and Cannon M and MacHale S and Murphy KC and Barry H;32996441;Yes;;2021;6;na;na;No;Yes;5;Yes;IE;IE;Beaumont Hospital;IE;
Impact of Air Pollution and Trans-Boundary Haze on Nation-Wide Emergency Department Visits and Hospital Admissions in Singapore.;Chan SL and Ho AF and Ding H and Liu N and Earnest A and Koh MS and Chuah JS and Lau ZY and Tan KB and Zheng H and Morgan GG and Ong ME;32246709;Yes;;2020;2;na;na;No;Yes;;No;SG;SG;Multiple healthcare facilities, Ministry of Health Singapore;SG;
Detecting Undiagnosed Diabetes: Proof-of-Concept Based on the Health-Information Exchange System of the Veneto Region (North-East Italy).;Longato E and Camillo BD and Sparacino G and Saccavini C and Cocchiglia A and Tramontan L and Fadini GP;31946817;No (excluded in full-paper screening);No access;2019;7;na;na;No;Yes;;;;;;;
Primary therapy of Graves' disease and cardiovascular morbidity and mortality: a linked-record cohort study.;Okosieme OE and Taylor PN and Evans C and Thayer D and Chai A and Khan I and Draman MS and Tennant B and Geen J and Sayers A and French R and Lazarus JH and Premawardhana LD and Dayan CM;30827829;Yes;;2019;4;2018;12;Yes;Yes;4;No;GB;GB;SAIL Databank;GB;4.0
Use of telephone helpline data for syndromic surveillance of adverse events following immunization in Australia: A retrospective study, 2009 to 2017.;Mesfin YM and Cheng AC and Enticott J and Lawrie J and Buttery JP;32593607;No (excluded in title and abstract screening);Anonymous survey;2020;7;2020;2;No;Yes;;;;;;;5.0
Development of a structured clinical pharmacology review for specialist support for management of complex polypharmacy in primary care.;Threapleton CJD and Kimpton JE and Carey IM and DeWilde S and Cook DG and Harris T and Baker EH;32058606;Yes;;2020;7;2019;7;Yes;No;;No;GB;GB;Clinical Practive Research Datalink;GB;12.0
Adherence to guidelines in management of symptoms suggestive of heart failure in primary care.;Hayhoe B and Kim D and Aylin PP and Majeed FA and Cowie MR and Bottle A;30514731;Yes;;2019;5;2018;8;Yes;No;9;No;GB;GB;Clinical Practive Research Datalink, Hospital Episode Statistics, Office for National Statistics;GB;9.0
The burden associated with, and management of, difficult-to-treat depression in patients under specialist psychiatric care in the United Kingdom.;Costa T and Menzat B and Engelthaler T and Fell B and Franarin T and Roque G and Wei Y and Zhang X and McAllister-Williams RH;35506640;Yes;;2022;5;na;na;No;Yes;5;No;GB;GB;Oxford Health NHS Foundation Trust, Cumbria Northumberland Tyne and Wear NHS Foundation Trust, Southern Health NHS Foundation Trust, South West London & St George’s Mental Health NHS Trust, West London NHS Trust;GB;
HIV/SARS-CoV-2 co-infection: T cell profile, cytokine dynamics and role of exhausted lymphocytes.;Sharov KS;33115677;Yes;;2021;1;2020;8;No;Yes;1;Yes;RU;;Multiple;RU;5.0
Spatial distribution of Mycobacterium Tuberculosis in metropolitan Harare, Zimbabwe.;Chirenda J and Gwitira I and Warren RM and Sampson SL and Murwira A and Masimirembwa C and Mateveke KM and Duri C and Chonzi P and Rusakaniko S and Streicher EM;32315335;Yes;;2020;4;2019;11;No;Yes;1;No;ZW;ZA;Harare City Health;ZW;5.0
A Survey of Patient's Perceptions and Proposed Provision of a 'Patient Portal' in Endocrine Outpatients.;Lockhart S and Wallace I and Nugent A and Black N and Quinn M and Johnston PC;31619849;No (excluded in title and abstract screening);Anonymous survey;2019;9;na;na;No;Yes;;;;;;;
Assessing service provision and outcomes at the Canberra Obesity Management Service: A retrospective chart review.;Burns R and Firman E and Huang HC;36321271;Yes;;2022;11;2022;6;No;Yes;;No;CN;CN;Aviation General Hospital;CN;5.0
A multi-model fusion algorithm as a real-time quality control tool for small shift detection.;Zhou R and Liang YF and Cheng HL and Padoan A and Wang Z and Feng X and Han ZW and Song B and Wang W and Plebani M and Wang QT;35849951;No (excluded in title and abstract screening);No real-world application (findings not based on real-world data);2022;9;2022;5;Yes;No;;;;;;;4.0
Repurposing of a Thromboxane Receptor Inhibitor Based on a Novel Role in Metastasis Identified by Phenome-Wide Association Study.;Werfel TA and Hicks DJ and Rahman B and Bendeman WE and Duvernay MT and Maeng JG and Hamm H and Lavieri RR and Joly MM and Pulley JM and Elion DL and Brantley-Sieders DM and Cook RS;33033174;Yes;;2020;12;2019;11;No;Yes;2;No;US;US;Vanderbilt University Medical Center;US;13.0
SIERRA-AMD: A Retrospective, Real-World Evidence Study of Patients with Neovascular Age-Related Macular Degeneration in the United States.;Khanani AM and Skelly A and Bezlyak V and Griner R and Torres LR and Sagkriotis A;31812631;Yes;;2020;2;2019;5;No;Yes;7;No;US;CH;Vestrum Health Retina database;US;9.0
Temporal Trends and Patterns in Mortality After Incident Heart Failure: A Longitudinal Analysis of 86 000 Individuals.;Conrad N and Judge A and Canoy D and Tran J and Pinho-Gomes AC and Millett ERC and Salimi-Khorshidi G and Cleland JG and McMurray JJV and Rahimi K;31479100;Yes;;2019;11;na;na;Yes;Yes;9;No;GB;GB;Clinical Practice Research Datalink;GB;
Using data visualization to detect patterns in whole-person health data.;Austin RR and Mathiason MA and Monsen KA;35717597;Yes;;2022;8;2021;9;No;Yes;;No;US;US;University of Minnesota;US;11.0
Maternal and neonatal outcomes among incarcerated women who gave birth in custody.;Shlafer R and Saunders JB and Boraas CM and Kozhimannil KB and Mazumder N and Freese R;33368480;Yes;;2021;3;2020;4;No;Yes;15;No;US;US;University of Minnesota, Minnesota Department of Corrections;US;11.0
Elevation of C-reactive protein in adolescent bipolar disorder vs. anxiety disorders.;Whitney MS and Scott SL and Perez JA and Barnes S and McVoy MK;36306709;No (not retrieved);Not retrieved;2022;12;2022;3;No;Yes;;;;;;;9.0
Comparing Clinical Characteristics of Influenza and Common Coronavirus Infections Using Electronic Health Records.;Li D and Wolk DM and Cantor MN;33011809;Yes;;2021;6;2020;6;No;Yes;10;Yes;US;US;Geisinger Health System;US;12.0
Epidemiology of pre-existing multimorbidity in pregnant women in the UK in 2018: a population-based cross-sectional study.;Lee SI and Azcoaga-Lorenzo A and Agrawal U and Kennedy JI and Fagbamigbe AF and Hope H and Subramanian A and Anand A and Taylor B and Nelson-Piercy C and Damase-Michel C and Yau C and Crowe F and Santorelli G and Eastwood KA and Vowles Z and Loane M and Moss N and Brocklehurst P and Plachcinski R and Thangaratinam S and Black M and O'Reilly D and Abel KM and Brophy S and Nirantharakumar K and McCowan C;35148719;Yes;;2022;2;2021;11;Yes;Yes;15;No;GB;GB;Clinical Practive Research Datalink, SAIL Databank;GB;3.0
Comparative effectiveness over time of the mRNA-1273 (Moderna) vaccine and the BNT162b2 (Pfizer-BioNTech) vaccine.;Islam N and Sheils NE and Jarvis MS and Cohen K;35501319;Yes;;2022;5;2021;10;Yes;No;22;Yes;US;US;Not precisely specified;US;7.0
Data-driven method to enhance craniofacial and oral phenotype vocabularies.;Mishra R and Burke A and Gitman B and Verma P and Engelstad M and Haendel MA and Alevizos I and Gahl WA and Collins MT and Lee JS and Sincan M;31668172;No (excluded in title and abstract screening);No tabular data;2019;11;2019;1;No;Yes;;;;;;;10.0
Acute Post-Tracheostomy Clinical Decompensations in Infants-Are There Predictive Markers?;Nyp MF and Taylor JB and Petralia A and Oschman A and Norberg M and Weatherly RA and Truog W and Manimtim W;29702711;Yes;;2018;10;na;na;No;Yes;17;No;US;US;Children's Mercy Hospital Kansas City;US;
Readily accessible risk model to predict in-hospital major adverse cardiac events in patients with acute myocardial infarction: a retrospective study of Chinese patients.;Hou X and Du X and Wang G and Zhao X and Zheng Y and Li Y and Xia E and Qin Y and Dong J and Ma CS;34210722;Yes;;2021;7;na;na;No;Yes;9;No;CN;CN;Multiple;CN;
Safety of ACEi and ARB in COVID-19 management: A retrospective analysis.;Kumar S and Nikravesh M and Chukwuemeka U and Randazzo M and Flores P and Choday P and Raja A and Aseri M and Shivang S and Chaudhuri S and Barve P;35481554;Yes;;2022;7;2022;2;No;Yes;22;Yes;US;US;Multiple;US;5.0
Cohort profile: the Nigerian HIV geriatric cohort study.;Dakum P and Avong YK and Odutola MK and Okuma J and Kayode GA and Nta IE and Ndembi N and Mensah C and Khamofu H and Okonkwo P and Okpanachi JO and Ezeanolue E;33243227;Yes;;2020;11;2019;12;Yes;Yes;1;No;NG;NG;Multiple;NG;11.0
Evaluation of Dose Accuracy in the Near-Surface Region for Whole Breast Irradiation Techniques in a Multi-institutional Consortium.;Moncion A and Wilson M and Ma R and Marsh R and Burmeister J and Dryden D and Lack D and Grubb M and Mayville A and Jursinic P and Dess K and Kamp J and Young K and Dilworth JT and Kestin L and Jagsi R and Mietzel M and Vicini F and Pierce LJ and Moran JM;35219880;No (excluded in full-paper screening);No access;2022;7;2021;8;No;Yes;;;US;US;;;11.0
Multi-institutional Experience with Patient Image Access Through Electronic Health Record Patient Portals.;Choi HH and Kotsenas AL and Chen JV and Bronsky C and Roth CJ and Kohli MD;35022926;No (excluded in title and abstract screening);Anonymous survey;2022;4;2021;9;No;Yes;;;;;;;7.0
Lung cancer patients' comorbidities and attendance of German ambulatory physicians in a 5-year cross-sectional study.;Bossert J and Ludwig M and Wronski P and Koetsenruijter J and Krug K and Villalobos M and Jacob J and Walker J and Thomas M and Wensing M;33510177;Yes;;2021;1;2020;7;Yes;No;2;No;DE;DE;InGef;DE;6.0
Epidemiology of metastatic castration-resistant prostate cancer: A first estimate of incidence and prevalence using the French nationwide healthcare database.;Thurin NH and Rouyer M and Gross-Goupil M and Rebillard X and Soulié M and Haaser T and Roumiguié M and Le Moulec S and Capone C and Pierrès M and Lamarque S and Jové J and Bignon E and Droz-Perroteau C and Moore N and Blin P;33068878;Yes;;2020;12;2020;6;No;Yes;2;No;FR;FR;French nationwide healthcare database;FR;6.0
Predicting parkinsonism side-effects of antipsychotic polypharmacy prescribed in secondary mental healthcare.;Kadra G and Spiros A and Shetty H and Iqbal E and Hayes RD and Stewart R and Geerts H;30232932;Yes;;2018;11;na;na;No;Yes;5;No;GB;GB;South London and Maudsley NHS Foundation Trust;GB;
Circulating Troponin I Level in Patients with Acute Ischemic Stroke.;VanHouten J and Fricker G and Collins B and Bhatia R and Ellis C and Schrag M;29679162;Yes;;2018;4;na;na;No;Yes;9;No;US;US;Vanderbilt University Medical Center;US;
Can diffusion- and perfusion-weighted imaging alone accurately triage anterior circulation acute ischemic stroke patients to endovascular therapy?;Wolman DN and Iv M and Wintermark M and Zaharchuk G and Marks MP and Do HM and Dodd RL and Albers GW and Lansberg MG and Heit JJ;29555872;No (excluded in title and abstract screening);No tabular data;2018;12;2018;1;No;Yes;;;;;;;11.0
Treatment patterns in adults with immune thrombocytopenia before, during and after use of thrombopoietin receptor agonists: a longitudinal prescription database study from Germany.;Meyer O and Richter H and Lebioda A and Schill M;34547980;Yes;;2021;12;na;na;Yes;No;3;No;DE;DE;IQVIA ;DE;
Machine learning-based heart disease prediction system for Indian population: An exploratory study done in South India.;Maini E and Venkateswarlu B and Maini B and Marwaha D;34305284;Yes;;2021;7;2020;1;No;Yes;9;No;IN;IN;Not precisely specified;IN;18.0
Big Data Analysis of Vision Screening Standards Used to Evaluate Fitness to Drive.;Moore M and Butler JS and Flitcroft DI and Loughman J;35179442;Yes;;2022;6;na;na;No;Yes;;No;IE;IE;Multiple;IE;
TESTOSTERONE LEVELS ACHIEVED BY MEDICALLY TREATED TRANSGENDER WOMEN IN A UNITED STATES ENDOCRINOLOGY CLINIC COHORT.;Liang JJ and Jolly D and Chan KJ and Safer JD;29144822;Yes;;2018;2;na;na;No;Yes;;No;US;US;Boston Medical Center;US;
Sleep Disturbance of Evacuees in Minamisanriku Town after Great East Japan Earthquake: Risk Factors and Treatment.;Nakamura Y and Suda T and Murakami A and Sasaki H and Tsuji I and Sugawara Y and Nishizawa M and Hatsugai K and Egawa S;32669518;Yes;;2020;7;na;na;No;Yes;6;No;JP;JP;Multiple;JP;
Seasonal Influenza Vaccination During Pregnancy and the Risk of Major Congenital Malformations in Live-born Infants: A 2010-2016 Historical Cohort Study.;Peppa M and Thomas SL and Minassian C and Walker JL and McDonald HI and Andrews NJ and Kempley ST and Mangtani P;32572453;Yes;;2021;12;2019;12;Yes;No;1;No;GB;GB;Clinical Practice Research Datalink;GB;24.0
Suicide attempts requiring hospitalization in patients with eating disorders: A retrospective cohort study.;Cliffe C and Shetty H and Himmerich H and Schmidt U and Stewart R and Dutta R;32043625;Yes;;2020;5;2019;10;No;Yes;5;No;GB;GB;South London and Maudsley NHS Foundation Trust;GB;7.0
Prescription of psychotropic medication in patients with type two diabetes mellitus: A multi-practice study from Ireland.;Keating P and O'Connor R and O'Doherty J and Hannigan A and Cullen W and Hickey L and Harnett A and Meagher D and O'Regan A;31335225;Yes;;2019;7;na;na;No;Yes;4;No;IE;IE;Multiple;IE;
Point prevalence survey to assess antibiotic prescribing pattern among hospitalized patients in a county referral hospital in Kenya.;Kamita M and Maina M and Kimani R and Mwangi R and Mureithi D and Nduta C and Gitaka J;39816410;Yes;;2022;10;2022;7;No;Yes;1;No;KE;KE;Multiple;KE;3.0
Effects of the COVID-19 lockdown on primary health care for persons with type 2 diabetes - Results from the German Disease Analyzer database.;Kowall B and Kostev K and Landgraf R and Hauner H and Bierwirth R and Rathmann W;34391829;Yes;;2021;9;2021;6;No;Yes;4;Yes;DE;DE;German Disease Analyzer database (IQVIA);DE;3.0
Predicting healthcare-seeking behavior based on stated readiness to act: development and validation of a prediction model.;Green EP and Pradheep S and Heinzelman J and Nyanchoka A and Achieng D and Goyal S and Cusson L and Kurz AS and Bellows B;34283889;No (excluded in title and abstract screening);No tabular data;2022;1;na;na;No;Yes;;;;;;;
Prevalence of overuse of short-acting beta-2 agonists (SABA) and associated factors among patients with asthma in Germany.;Worth H and Criée CP and Vogelmeier CF and Kardos P and Becker EM and Kostev K and Mokros I and Schneider A;33863317;Yes;;2021;4;2020;9;No;Yes;10;No;DE;DE;German Disease Analyzer database;DE;7.0
Accessing HIV care may lead to earlier ascertainment of comorbidities in health care clients in Khayelitsha, Cape Town.;Osei-Yeboah R and Tamuhla T and Ngwenya O and Tiffin N;36962101;Yes;;2021;;2021;7;No;Yes;1;No;ZA;ZA;Provincial Health Data Centre;ZA;
The Challenges of Predicting Drug-Induced QTc Prolongation in Humans.;Valentin JP and Hoffmann P and Ortemann-Renon C and Koerner J and Pierson J and Gintant G and Willard J and Garnett C and Skinner M and Vargas HM and Wisialowski T and Pugsley MK;35148401;No (excluded in title and abstract screening);No medical research (no new insights with direct relevance to health);2022;4;na;na;No;Yes;;;;;;;
Impact of overlapping risks of type 2 diabetes and obesity on coronavirus disease severity in the United States.;Ando W and Horii T and Uematsu T and Hanaki H and Atsuda K and Otori K;34504112;Yes;;2021;9;2021;2;Yes;No;4;Yes;JP;JP;Healthjump;US;7.0
Rituximab utilization for approved and off-label nononcology indications and patients' experiences with the Patient Alert Card.;Sarsour K and Beckley-Kartey S and Melega S and Odueyungbo A and Kirchner P and Khalife N and Bangs J;31911839;Yes;;2020;2;2019;11;No;Yes;;No;US;GB;Multiple;FR, DE, IT, ES, GB;3.0
Analysis of disease comorbidity patterns in a large-scale China population.;Guo M and Yu Y and Wen T and Zhang X and Liu B and Zhang J and Zhang R and Zhang Y and Zhou X;31829182;Yes;;2019;12;na;na;No;Yes;;No;CN;CN;China Academy of Chinese Medical Sciences;CN;
Sacroiliac joint morphologic changes from infancy to adulthood.;Coudert P and Dubé-Cyr R and Chaumoitre K and Gille O and Vital JM and Jouve JL and Arnoux PJ and Panuel M and Evin M;31125692;No (excluded in title and abstract screening);No tabular data;2019;10;2018;11;No;Yes;;;;;;;11.0
Multifocal motor neuropathy in Austria: a nationwide survey of clinical features and response to treatment.;Löscher WN and Oberreiter EM and Erdler M and Quasthoff S and Culea V and Berek K and Embacher N and Grinzinger S and Hess I and Höger FS and Horlings CGC and Huemer M and Jecel J and Kleindienst W and Laich E and Müller P and Oel D and Örtl W and Lenzenweger E and Rath J and Stadler K and Stieglbauer K and Thaler-Wolf C and Wanschitz J and Zimprich F and Cetin H and Topakian R;30259176;Yes;;2018;12;2018;8;No;Yes;6;No;AT;AT;Multiple;AT;4.0
[Practice of early detection of prostate cancer : Descriptive survey in preparation for the PSAInForm study].;Simbrich A and Semjonow A and Donner-Banzhoff N and Hense HW;29671079;No (excluded before screening);not English;2018;6;na;na;No;Yes;;;;;;;
Primary care consultations and pain medicine prescriptions: a comparison between patients with and without chronic pain after total knee replacement.;Pinedo-Villanueva R and Kolovos S and Maronga C and Delmestri A and Howells N and Judge A and Gooberman-Hill R and Wylde V;35672693;Yes;;2022;6;2022;1;Yes;No;13;No;GB;GB;Clinical Practice Research Datalink, Hospital Episode Statistics ;GB;5.0
Maternal smoking behaviour across the first two pregnancies and small for gestational age birth: Analysis of the SLOPE (Studying Lifecourse Obesity PrEdictors) population-based cohort in the South of England.;Taylor EJ and Doh P and Ziauddeen N and Godfrey KM and Berrington A and Alwan NA;34793557;Yes;;2021;11;2021;4;No;Yes;15;No;GB;GB;University Hospital Southampton NHS Trust Maternity Services;GB;7.0
Comparing psychotropic medication prescribing in personality disorder between general mental health and psychological services: retrospective cohort study.;Kadra-Scalzo G and Garland J and Miller S and Chang CK and Fok M and Hayes RD and Moran P and Shetty H and Young AH and Stewart R;33762065;Yes;;2021;3;na;na;No;Yes;5;No;GB;GB;South London and Maudsley NHS Foundation Trust;GB;
How do cardiovascular risk prediction equations developed among 30-74 year olds perform in older age groups? A validation study in 125 000 people aged 75-89 years.;Mehta S and Jackson R and Poppe K and Kerr AJ and Pylypchuk R and Wells S;32144211;Yes;;2020;6;2019;11;No;Yes;9;No;NZ;NZ;New Zeeland Ministry of Health;NZ;7.0
Predictors of severe relapse in pregnant women with psychotic or bipolar disorders.;Taylor CL and Broadbent M and Khondoker M and Stewart RJ and Howard LM;30015264;Yes;;2018;9;2018;2;No;Yes;5;No;GB;GB;South London and Maudsley NHS Foundation Trust;GB;7.0
Prevalence and correlates of low-grade systemic inflammation in adult psychiatric inpatients: An electronic health record-based study.;Osimo EF and Cardinal RN and Jones PB and Khandaker GM;29544672;Yes;;2018;5;2017;12;No;Yes;5;No;GB;GB;Cambridgeshire and Peterborough NHS Foundation Trust;GB;5.0
Observational UK cohort study to describe intermittent oral corticosteroid prescribing patterns and their association with adverse outcomes in asthma.;Heatley H and Tran TN and Bourdin A and Menzies-Gow A and Jackson DJ and Maslova E and Chapaneri J and Skinner D and Carter V and Chan JSK and Ariti C and Haughney J and Price DB;36575040;No (excluded before screening);Outside the search period;2023;9;2022;9;No;Yes;;;;;;;12.0
A population level study into health vulnerabilities of mothers and fathers involved in public law care proceedings in Wales, UK between 2011 and 2019.;Johnson RD and North L and Alrouh B and John A and Jones K and Akbari A and Smart J and Thompson S and Hargreaves C and Doebler S and Cusworth L and Broadhurst K and Ford DV and Griffiths LJ;35520100;Yes;;2022;;na;na;No;Yes;;No;GB;GB;SAIL Databank;GB;
Analysis of the frequency of ceftriaxone-induced encephalopathy using the Japanese Adverse Drug Event Report database.;Yamada T and Mitsuboshi S and Suzuki K and Nishihara M and Neo M;35449346;Yes;;2022;8;2021;12;No;Yes;6;No;JP;JP;Japanese Adverse Drug Event Report;JP;8.0
Association between mirtazapine use and serious self-harm in people with depression: an active comparator cohort study using UK electronic health records.;Joseph RM and Jack RH and Morriss R and Knaggs RD and Butler D and Hollis C and Hippisley-Cox J and Coupland C;35246454;Yes;;2022;11;2021;10;No;Yes;5;No;GB;GB;Clinical Practice Research Datalink;GB;13.0
Prevalence of commonly diagnosed disorders in UK dogs under primary veterinary care: results and applications.;O'Neill DG and James H and Brodbelt DC and Church DB and Pegram C;33593363;No (excluded in title and abstract screening);No medical research (no new insights with direct relevance to health);2021;2;2020;6;No;Yes;;;;;;;8.0
Epilepsy mortality in Wales during COVID-19.;Daniels H and Lacey AS and Mikadze D and Akbari A and Fonferko-Shadrach B and Hollinghurst J and Lyons RA and Rees MI and Sawhney IM and Powell RH and Kerr MP and Pickrell WO;34864250;Yes;;2022;1;2021;8;No;Yes;6;Yes;GB;GB;SAIL Databank;GB;5.0
Health condition at first fit note and number of fit notes: a longitudinal study of primary care records in south London.;Dorrington S and Carr E and Polling C and Stevelink S and Ashworth M and Roberts E and Broadbent M and Hatch S and Madan I and Hotopf M;33771823;Yes;;2021;3;na;na;No;Yes;;No;GB;GB;Lambeth Together;GB;
Meta-analyses of phase 3 randomised controlled trials of third generation aromatase inhibitors versus tamoxifen as first-line endocrine therapy in postmenopausal women with hormone receptor-positive advanced breast cancer.;Robertson JFR and Paridaens RJ and Lichfield J and Bradbury I and Campbell C;33418233;Yes;;2021;3;2020;8;No;Yes;2;No;GB;GB;Multiple;various;7.0
Consequences of SARS-CoV-2 pandemic on urological surgery in France: a nationwide analysis of the healthcare system database.;Robert G and Bernhard JC and Capon G and Alezra E and Estrade V and Blanc P and Bladou F and Bensadoun H;36375970;Yes;;2022;11;na;na;No;Yes;14;Yes;FR;FR;Information Systems Medicalization Program;FR;
Nationwide observational study of paediatric inflammatory multisystem syndrome temporally associated with SARS-CoV-2 (PIMS-TS) in the Czech Republic.;David J and Stara V and Hradsky O and Tuckova J and Slaba K and Jabandziev P and Sasek L and Huml M and Zidkova I and Pavlicek J and Palatova A and Klaskova E and Banszka K and Terifajova E and Vyhnanek R and Bloomfield M and Fingerhutova S and Dolezalova P and Prochazkova L and Chramostova G and Fencl F and Lebl J;35987943;Yes;;2022;10;2022;2;No;Yes;22;Yes;CZ;CZ;Multiple;CZ;8.0
Clinical features in primary care electronic records before diagnosis of ankylosing spondylitis: a nested case-control study.;Bashir MT and Iversen L and Burton C;32375655;Yes;;2020;5;2019;11;No;Yes;13;No;GB;GB;University of Aberdeen;GB;6.0
Shining the light on eating disorders, incidence, prognosis and profiling of patients in primary and secondary care: national data linkage study.;Demmler JC and Brophy ST and Marchant A and John A and Tan JOA;31256764;Yes;;2020;2;na;na;No;Yes;5;No;GB;GB;SAIL Databank;GB;
EPAC-lung: pooled analysis of circulating tumour cells in advanced non-small cell lung cancer.;Lindsay CR and Blackhall FH and Carmel A and Fernandez-Gutierrez F and Gazzaniga P and Groen HJM and Hiltermann TJN and Krebs MG and Loges S and López-López R and Muinelo-Romay L and Pantel K and Priest L and Riethdorf S and Rossi E and Terstappen L and Wikman H and Soria JC and Farace F and Renehan A and Dive C and Besse B and Michiels S;31254940;No (excluded in title and abstract screening);No real-world application (findings not based on real-world data);2019;8;2018;12;No;Yes;;;;;;;8.0
Improving coding and primary care management for patients with chronic kidney disease: an observational controlled study in East London.;Hull SA and Rajabzadeh V and Thomas N and Hoong S and Dreyer G and Rainey H and Ashman N;31160369;Yes;;2019;7;2018;9;No;Yes;14;No;GB;GB;Multiple;GB;10.0
Mode of birth after caesarean section: individual prediction scores using Scottish population data.;Denham SH and Humphrey T and deLabrusse C and Dougall N;30819140;Yes;;2019;2;2018;10;No;Yes;15;No;GB;GB;Aberdeen Maternity and Neonatal databank;GB;4.0
Cardiovascular risk factors predicting cardiac events are different in patients with rheumatoid arthritis, psoriatic arthritis, and psoriasis.;Cooksey R and Brophy S and Kennedy J and Gutierrez FF and Pickles T and Davies R and Piguet V and Choy E;29656791;Yes;;2018;12;2017;9;No;Yes;9;No;GB;GB;SAIL Databank;GB;15.0
Screening for Hypogonadism in Primary Healthcare: How to do this Effectively.;Livingston M and Jones R and Hackett G and Donnahey G and Moreno GY and Duff CJ and Heald AH;29365335;Yes;;2018;3;na;na;No;Yes;4;No;GB;GB;Multiple;GB;
Patient characteristics and outcome measurement in a low secure forensic hospital.;Longdon L and Edworthy R and Resnick J and Byrne A and Clarke M and Cheung N and Khalifa N;29218747;No (excluded in title and abstract screening);No real-world application (findings not based on real-world data);2018;6;2016;4;No;Yes;;;;;;;26.0
Protocol for development and validation of postpartum cardiovascular disease (CVD) risk prediction model incorporating reproductive and pregnancy-related candidate predictors.;Wambua S and Crowe F and Thangaratinam S and O'Reilly D and McCowan C and Brophy S and Yau C and Nirantharakumar K and Riley R;36536453;No (excluded in title and abstract screening);No real-world application (findings not based on real-world data);2022;12;2022;8;Yes;No;;;;;;;4.0
COVID-19 infection risk amongst 14,104 vaccinated care home residents: a national observational longitudinal cohort study in Wales, UK, December 2020-March 2021.;Hollinghurst J and North L and Perry M and Akbari A and Gravenor MB and Lyons RA and Fry R;34850818;Yes;;2022;1;2021;3;No;Yes;22;Yes;GB;GB;SAIL Databank;GB;10.0
Acute myocardial infarctions and stroke triggered by laboratory-confirmed respiratory infections in Denmark, 2010 to 2016.;Ohland J and Warren-Gash C and Blackburn R and Mølbak K and Valentiner-Branth P and Nielsen J and Emborg HD;32372757;Yes;;2020;4;na;na;No;Yes;9;No;DK;DK;Multiple;DK;
[Comparison of 180 W Greenlight-XPS laser vaporisation and transurethral resection of the prostate: comfort for patients and healthcare staff in clinical routine practice].;Lichtenberg T and Wiedemann A and Heppner HJ;32018335;No (excluded before screening);not English;2020;2;na;na;No;Yes;;;;;;;
Comparison of the clinical effect of dutasteride therapy for benign prostatic hyperplasia when initiated at different time points: A multicentre, observational, retrospective chart review study.;Shima Y and Kawano Y and Kobayashi A and Yamanishi T and Takeda H and Palacios-Moreno JM and Yamada M and Masumori N;31508878;Yes;;2019;9;2019;6;No;Yes;14;No;JP;JP;Multiple;JP;3.0
Data Resource: Vascular Risk in Adult New Zealanders (VARIANZ) datasets.;Mehta S and Jackson R and Exeter DJ and Wu BP and Wells S and Kerr AJ;34095534;No (excluded in title and abstract screening);No medical research (focus on data provision);2019;9;na;na;No;Yes;;;;;;;
Shiga toxigenic Escherichia coli incidence is related to small area variation in cattle density in a region in Ireland.;Brehony C and Cullinan J and Cormican M and Morris D;29763867;No (excluded in title and abstract screening);No real-world application (findings not based on real-world data);2018;10;2018;3;No;Yes;;;;;;;7.0
Effectiveness of herpes zoster vaccination in an older United Kingdom population.;Walker JL and Andrews NJ and Amirthalingam G and Forbes H and Langan SM and Thomas SL;29555217;Yes;;2018;4;2017;12;No;Yes;1;No;GB;GB;Clinical Practice Research Datalink;GB;4.0
Modeling the Ex Post Real Option Value in Metastatic Melanoma Using Real-World Data.;Lee W and Li M and Wong WB and To TM and Garrison LP and Veenstra DL;34838272;Yes;;2021;12;2021;3;No;Yes;2;No;US;US;Flatiron Health;US;9.0
Body Mapping and Story Circles in Sexual Health Research With Youth of Color: Methodological Insights and Study Findings From Adolescent X, an Art-Based Research Project.;Brodyn A and Lee SY and Futrell E and Bennett I and Bouris A and Jagoda P and Gilliam M;34553642;No (excluded in title and abstract screening);No tabular data;2022;7;na;na;Yes;No;;;;;;;
Characterization of American teduglutide consumers from 2015 to 2020: A large database study.;Loutfy A and Kurin M and Shah R and Davitkov P;34291485;Yes;;2022;3;na;na;No;Yes;11;No;US;US;IBM Explorys;US;
A likelihood-based convolution approach to estimate major health events in longitudinal health records data: an external validation study.;Pruinelli L and Zhou J and Stai B and Schold JD and Pruett T and Ma S and Simon G;34151985;Yes;;2021;8;2020;12;No;Yes;;No;US;US;Optum;US;8.0
Linking Spinal Cord Injury Data Sets to Describe the Patient Journey Following Injury: A Protocol.;Noonan VK and Jaglal SB and Humphreys S and Cronin S and Waheed Z and Fallah N and Kwon BK and Dvorak MF;33536728;No (excluded in title and abstract screening);No medical research (focus on data provision);2020;;na;na;No;Yes;;;;;;;
Implementation of a Mandatory Influenza Vaccine Policy: A 10-Year Experience.;Kitt E and Burt S and Price SM and Satchell L and Offit PA and Sammons JS and Coffin SE;33372217;Yes;;2021;7;2020;2;No;Yes;1;No;US;US;Children’s Hospital of Philadelphia;US;17.0
The technology behind TB DEPOT: a novel public analytics platform integrating tuberculosis clinical, genomic, and radiological data for visual and statistical exploration.;Long A and Glogowski A and Meppiel M and De Vito L and Engle E and Harris M and Ha G and Schneider D and Gabrielian A and Hurt DE and Rosenthal A;33150354;No (excluded in title and abstract screening);No medical research (focus on data provision);2021;1;2020;3;No;Yes;;;;;;;10.0
Genome-Wide Association Study Identifies Genetic Risk Factors for Spastic Cerebral Palsy.;Hale AT and Akinnusotu O and He J and Wang J and Hibshman N and Shannon CN and Naftel RP;34098570;Yes;;2021;8;2020;11;No;Yes;6;No;US;US;Vanderbilt University Medical Center;US;9.0
Epidemiology of Hip Injuries in Professional Rodeo: A 4-Year Analysis.;Sinclair Elder AJ and Tincknell R;33195713;Yes;;2020;10;2020;4;No;Yes;19;No;US;US;Justin Sportsmedicine Team;US;6.0
Comparison of Clinical Effectiveness Between Ambroxol and N-Acetylcysteine in Surgical Patients: A Retrospective Cohort Study.;Bian J and Liang H and Zhang M;36263951;No (excluded before screening);Outside the search period;2023;2;2022;7;No;Yes;;;;;;;7.0
Physician Incentives and Sex/Gender Differences in Depression Care: An Interrupted Time Series Analysis.;Puyat JH and Kazanjian A;32219194;Yes;;2020;;na;na;No;Yes;5;No;CA;CA;Multiple;CA;
Risk-Based Newborn Drug Testing in a Setting With a Low Prevalence of Maternal Drug Use.;Wood KE and McMillin GA and Krasowski MD;31278167;No (excluded in title and abstract screening);No tabular data;2019;8;na;na;Yes;No;;;;;;;
Demographic, Clinical, and Immunologic Correlates among a Cohort of 50 Cocaine Users Demonstrating Antineutrophil Cytoplasmic Antibodies.;Morcos MB and Lood C and Hughes GC;31092720;Yes;;2019;9;na;na;No;Yes;13;No;US;US;University of Washington;US;
Reversals and limitations on high-intensity, life-sustaining treatments.;Chavez G and Richman IB and Kaimal R and Bentley J and Yasukawa LA and Altman RB and Periyakoil VS and Chen JH;29489814;Yes;;2018;;2016;11;No;Yes;;No;US;US;Stanford University Medical Center;US;
Analysis of a Pediatric Telemedicine Program.;Vyas S and Murren-Boezem J and Solo-Josephson P;29688823;Yes;;2018;4;na;na;No;Yes;;No;US;US;Nemours CareConnect;US;
The Incidence of Pediatric Tibial Spine Fractures Is Greater and Peaks Later in Male Patients.;DeFrancesco CJ and Tananbaum A and LeBrun DG and Fabricant PD;35494287;Yes;;2022;4;2021;8;No;Yes;19;No;US;US;Healthcare Cost and Utilization Project;US;8.0
Natural language processing and recurrent network models for identifying genomic mutation-associated cancer treatment change from patient progress notes.;Guan M and Cho S and Petro R and Zhang W and Pasche B and Topaloglu U;30944913;No (excluded in title and abstract screening);No tabular data;2019;4;na;na;No;Yes;;;;;;;
Treatment Sequencing Patterns and Associated Direct Medical Costs of Metastatic Breast Cancer Care in the United States, 2011 to 2021.;Jaber Chehayeb R and Hood A and Wang X and Miksad R and Schellhorn Mougalian S and Lustberg MB and Wang SY and Greenup RA and Pusztai L and Kunst N;36445704;Yes;;2022;11;na;na;No;Yes;2;No;US;US;Flatiron Health;US;
Trends in Positive BRCA Test Results Among Older Women in the United States, 2008-2018.;Guo F and Scholl M and Fuchs EL and Wong R and Kuo YF and Berenson AB;33151316;Yes;;2020;11;na;na;No;Yes;2;No;US;US;Optum;US;
Characteristics and Health Care Utilization of Different Segments of a Multiethnic Asian Population in Singapore.;Yan S and Kwan YH and Thumboo J and Low LL;31490539;Yes;;2019;9;na;na;No;Yes;;No;SG;SG;Ministry of Health Singapore;SG;
How T118M peripheral myelin protein 22 predisposes humans to Charcot-Marie-Tooth disease.;Stefanski KM and Li GC and Marinko JT and Carter BD and Samuels DC and Sanders CR;36581210;No (excluded before screening);Outside the search period;2023;2;2022;9;No;Yes;;;;;;;5.0
Correlation of skin prick testing to environmental allergens.;Grobman L and Kitsen J and Mortazavi D and Geng B;33122125;Yes;;2021;4;2020;7;No;Yes;;No;US;US;Raday Children's Hospital, Allergy &  Astma Medical Group;US;9.0
Defining renal remission in an international cohort of 248 children and adolescents with lupus nephritis.;De Mutiis C and Wenderfer SE and Orjuela A and Bagga A and Basu B and Sar T and Aggarwal A and Jain A and Yap CN and Ito S and Ohnishi A and Iwata N and Kasapcopur O and Laurent A and Mastrangelo A and Ogura M and Shima Y and Rianthavorn P and Silva CA and Trindade V and Dormi A and Tullus K;34626102;Yes;;2022;5;2021;4;No;Yes;13;No;IT;GB;Multiple;US, IN, TH, SG, JP, BR, FR, IT, TR, GB;13.0
Association between glycemic control and cardiovascular events in older Japanese adults with diabetes mellitus: An analysis of the Japanese medical administrative database.;Yokote K and Suzuki R and Gouda M and Iijima H and Yamazaki A and Inagaki M;33988907;Yes;;2021;11;2020;12;No;Yes;5;No;JP;JP;Medical Data Vision;JP;11.0
CardioNet: a manually curated database for artificial intelligence-based research on cardiovascular diseases.;Ahn I and Na W and Kwon O and Yang DH and Park GM and Gwon H and Kang HJ and Jeong YU and Yoo J and Kim Y and Jun TJ and Kim YH;33509180;No (excluded in title and abstract screening);No medical research (focus on data provision);2021;1;2020;9;No;Yes;;;;;;;4.0
Validity of health insurance data to identify people with epilepsy.;Wassenaar M and Carpay JA and Sander JW and Thijs RD;29220740;Yes;;2018;1;na;na;No;Yes;6;No;NL;NL;Achmea;NL;
Chest CT in the evaluation of child abuse - When is it useful?;Karmazyn B and Marine MB and Wanner MR and Cooper ML and Delaney LR and Jennings SG and Eckert GJ and Hibbard RA;35973310;No (excluded in title and abstract screening);No tabular data;2022;11;2022;5;No;Yes;;;;;;;6.0
Allogeneic hematopoietic cell transplantation for multiple myeloma: A retrospective analysis of the Polish Myeloma Group.;Gołos A and Gil L and Puła B and Boguradzki P and Hałaburda K and Sawicki W and Sobczyk-Kruszelnicka M and Helbig G and Dybko J and Jurczyszyn A and Dębek S and Warzocha K and Jamroziak K;32919120;No (not retrieved);Not retrieved;2020;9;2020;1;No;Yes;;;;;;;8.0
An observational study of international normalized ratio control according to NICE criteria in patients with non-valvular atrial fibrillation: the SAIL Warfarin Out of Range Descriptors Study (SWORDS).;Harris DE and Thayer D and Wang T and Brooks C and Murley G and Gravenor M and Hill NR and Lister S and Halcox J;31774502;Yes;;2021;1;2019;9;No;Yes;9;No;GB;GB;SAIL Databank;GB;16.0
Preoperative Computed Tomography Morphological Features Indicative of Incisional Hernia Formation After Abdominal Surgery.;McAuliffe PB and Desai AA and Talwar AA and Broach RB and Hsu JY and Serletti JM and Liu T and Tong Y and Udupa JK and Torigian DA and Fischer JP;35837959;No (excluded in title and abstract screening);No tabular data;2022;10;na;na;No;Yes;;;;;;;
Incidence, Prevalence, and Real-World Treatment Patterns in Chronic Myeloid Leukemia: Results from a Population-Representative German Claims Data Analysis.;Saußele S and Kohlbrenner K and Vogelmann T and Schubert T;35340007;Yes;;2022;3;2021;9;Yes;No;2;No;DE;DE;InGef;DE;6.0
[University emergency departments in the corona pandemic-Results from the ReCovER registry].;Suárez V and Koehler FC and Hackl MJ and Möckel M and Slagman A and Pudasaini S and Risse J and Schunk D and BlascCNe S and Kümpers P and Burst V;34468772;No (excluded before screening);not English;2022;10;2021;2;No;Yes;;;;;;;20.0
Real word evidence on rituximab utilization: Combining administrative and hospital-pharmacy data.;Roberto G and Spini A and Bartolini C and Moscatelli V and Barchielli A and Paoletti D and Giorgi S and Fabbri A and Bocchia M and Donnini S and Gini R and Ziche M;32163477;Yes;;2020;3;2019;10;Yes;No;;No;IT;IT;Regional Administrative Database of Tuscany,  Hospital Pharmacy of Siena;IT;5.0
Comparing the Impact of Primary Care Practice Design in Two Inner City UK Homelessness Services.;Zeitler M and Williamson AE and Budd J and Spencer R and Queen A and Lowrie R;32129134;Yes;;2020;1;na;na;No;Yes;;No;GB;GB;Multiple;GB;
Detection of HIV transmission hotspots in British Columbia, Canada: A novel framework for the prioritization and allocation of treatment and prevention resources.;McLaughlin A and Sereda P and Oliveira N and Barrios R and Brumme CJ and Brumme ZL and Montaner JSG and Joy JB;31628022;Yes;;2019;10;2019;6;No;Yes;1;No;CA;CA;British Columbia Centre for Excellence in HIV/AIDS;CA;4.0
Avoidable hospitalizations and access to primary care: comparisons among Italians, resident immigrants and undocumented immigrants in administrative hospital discharge records.;Allegri C and Banks H and Devillanova C;35295899;Yes;;2022;4;na;na;No;Yes;;No;IT;IT;Ministry of Health (Italy);IT;
Risk prediction model for long-term heart failure incidence after epirubicin chemotherapy for breast cancer - A real-world data-based, nationwide classification analysis.;Fogarassy G and Vathy-Fogarassy Á and Kenessey I and Kásler M and Forster T;30905520;Yes;;2019;6;2018;10;No;Yes;9;No;HU;HU;National Health Insurance Fund of Hungary, Hungarian National Cancer Registry;HU;8.0
Pulmonary Vascular Research Institute GoDeep: A meta-registry merging deep phenotyping datafrom international PH reference centers.;Majeed RW and Wilkins MR and Howard L and Hassoun PM and Anthi A and Cajigas HR and Cannon J and Chan SY and Damonte V and Elwing J and Förster K and Frantz R and Ghio S and Al Ghouleh I and Hilgendorff A and Jose A and Juaneda E and Kiely DG and Lawrie A and Orfanos SE and Pepe A and Pepke-Zaba J and Sirenko Y and Swett AJ and Torbas O and Zamanian RT and Marquardt K and Michel-Backofen A and Antoine T and Wilhelm J and Barwick S and Krieb P and Fuenderich M and Fischer P and Gall H and Ghofrani HA and Grimminger F and Tello K and Richter MJ and Seeger W;36034404;No (excluded in title and abstract screening);No medical research (focus on data provision);2022;7;2022;6;No;Yes;;;;;;;1.0
Epidemiologic analysis of 8000 acute vertebral fractures: evolution of treatment and complications at 10-year follow-up.;Bigdon SF and Saldarriaga Y and Oswald KAC and Müller M and Deml MC and Benneker LM and M Ecker T and Albers CE;35568925;Yes;;2022;5;2022;2;No;Yes;19;No;CH;CH;Bern University Hospital;CH;3.0
Evaluation of the post-processing algorithms SimGrid and S-Enhance for paediatric intensive care patients and neonates.;Krueger PC and Ebeling K and Waginger M and Glutig K and Scheithauer M and Schlattmann P and Proquitté H and Mentzel HJ;35192022;No (excluded in title and abstract screening);No tabular data;2022;5;2020;12;No;Yes;;;;;;;17.0
Adaptation of colorectal cancer screening tailored navigation content for American Indian communities and early results using the intervention.;Menon U and Lance P and Szalacha LA and Candito D and Bobyock EP and Yellowhair M and Hatcher J;35090575;No (excluded in title and abstract screening);No real-world application (findings not based on real-world data);2022;1;2021;5;No;Yes;;;;;;;8.0
Laboratory reporting of framingham risk score increases statin prescriptions in at-risk patients.;Hasan S and Naugler C and Decker J and Fung M and Morrin L and Campbell NRC and Anderson TJ;34197811;Yes;;2021;10;2021;4;No;Yes;9;No;CA;CA;Pharmacy Information Network;CA;6.0
Identified mental disorders in older adults in primary care: A cross-sectional database study.;McCombe G and Fogarty F and Swan D and Hannigan A and Fealy GM and Kyne L and Meagher D and Cullen W;29353511;Yes;;2018;12;na;na;No;Yes;5;No;IE;IE;Multiple;IE;
Incidence of fractures in people with intellectual disabilities over the life course: a retrospective matched cohort study.;Frighi V and Smith M and Andrews TM and Clifton L and Collins GS and Fuller A and Roast J and Holt TA;36313144;Yes;;2022;10;2022;4;Yes;Yes;5;No;GB;GB;Clinical Practice Research Datalink;GB;6.0
"The effects of patient out-of-pocket costs for insulin on medication adherence and health care utilization in patients with commercial insurance; 2007-2018.";McAdam-Marx C and Ruiz-Negron N and Sullivan JM and Tucker JM;35392659;Yes;;2022;5;na;na;No;Yes;4;No;US;US;Optum;US;
Postnatal treatment for children with fetal and neonatal alloimmune thrombocytopenia: a multicentre, retrospective, cohort study.;de Vos TW and Winkelhorst D and Árnadóttir V and van der Bom JG and Canals Surís C and Caram-Deelder C and Deschmann E and Haysom HE and Hverven HBC and Lozar Krivec J and McQuilten ZK and Muñiz-Diaz E and Nogués N and Oepkes D and Porcelijn L and van der Schoot CE and Saxonhouse M and Sola-Visner M and Tiblad E and Tiller H and Wood EM and Young V and Železnik M and de Haas M and Lopriore E;36108655;No (not retrieved);Not retrieved;2022;11;2022;4;No;Yes;;;;;;;7.0
Biomarker Testing for Patients With Advanced/Metastatic Nonsquamous NSCLC in the United States of America, 2015 to 2021.;Hess LM and Krein PM and Haldane D and Han Y and Sireci AN;35677681;Yes;;2022;6;2022;3;No;Yes;2;No;US;US;Flatiron Health;US;3.0
A Computable Phenotype Model for Classification of Men Who Have Sex With Men Within a Large Linked Database of Laboratory, Surveillance, and Administrative Healthcare Records.;Salway T and Butt ZA and Wong S and Abdia Y and Balshaw R and Rich AJ and Ablona A and Wong J and Grennan T and Yu A and Alvarez M and Rossi C and Gilbert M and Krajden M and Janjua NZ;34713035;Yes;;2020;;2020;6;No;Yes;;No;CA;CA;University of British Columbia;CA;
Molecular medicine tumor board: whole-genome sequencing to inform on personalized medicine for a man with advanced prostate cancer.;Armstrong AJ and Li X and Tucker M and Li S and Mu XJ and Eng KW and Sboner A and Rubin M and Gerstein M;33568750;Yes;;2021;9;2020;4;No;Yes;2;No;US;US;Not precisely specified;US;17.0
National Mortality Rates after Outpatient Cosmetic Surgery and Low Rates of Perioperative Deep Vein Thrombosis Screening and Prophylaxis.;Bucknor A and Egeler SA and Chen AD and Chattha A and Kamali P and Brownstein G and Reed L and Watts D and Lin SJ;29649062;Yes;;2018;7;na;na;No;Yes;;No;US;US;American Association for Accreditation of Ambulatory Surgical Facilities;US;
Survey of Investigators About Sharing Human Research Data in the Neurosciences.;Hendriks S and Ramos KM and Grady C;35981894;No (excluded in title and abstract screening);No real-world application (findings not based on real-world data);2022;9;2022;2;Yes;No;;;;;;;7.0
Generating real-world data from health records: design of a patient-centric study in multiple sclerosis using a commercial health records platform.;Hanson G and Chitnis T and Williams MJ and Gan RW and Julian L and Mace K and Chia J and Wormser D and Martinec M and Astorino T and Leviner N and Maung P and Jan A and Belendiuk K;35155999;No (excluded in title and abstract screening);No medical research (focus on data provision);2022;4;2021;3;No;Yes;;;;;;;13.0
Undiagnosed HIV and HCV Infection in a New York City Emergency Department, 2015.;Torian LV and Felsen UR and Xia Q and Laraque F and Rude EJ and Rose H and Cole A and Bocour A and Williams GJ and Bridgforth RF and Forgione LA and Doo H and Braunstein SL and Daskalakis DC and Zingman BS;29565667;Yes;;2018;5;na;na;No;Yes;1;No;US;US;Not precisely specified;US;
Estimating Recommended Gonorrhea and Chlamydia Treatment Rate Using Linked Medical Claims, Prescription, and Laboratory Data in US Private Settings.;Tao G and Workowski K and Bowden KE and Pearson WS and Sullivan JM and Henk HJ and Gift TL;33003184;Yes;;2021;3;na;na;No;Yes;1;No;US;US;Optum;US;
Correlation between Relative Value Units and Operative Time for Flap-Based Reconstruction Procedures.;Dibbs RP and Skochdopole A and Reul RM Jr and Beh HZ and Ferry AM and Conlon CJ and O'Neill R and Reece E and Winocour S;36696331;No (excluded before screening);Outside the search period;2023;2;na;na;No;Yes;;;;;;;
Evaluation of Preanalytical Point-of-Care Testing Errors and Their Impact on Productivity in the Emergency Department in the United States.;Kazmierczak SC and Morosyuk S and Rajkumar R;35015866;Yes;;2022;5;2021;6;No;Yes;;No;US;US;Oregon Health and Science University;US;11.0
Predicting 30-Day Readmissions: Evidence From a Small Rural Psychiatric Hospital.;Daley A and Scobie B and Shorey J and Breece J and Oxley S;34529601;No (excluded in title and abstract screening);No tabular data;2021;9;na;na;No;Yes;;;;;;;
Repository Corticotropin Injection as an Alternative Treatment for Refractory Ocular Mucous Membrane Pemphigoid.;Sharon Y and Anesi SD and Martinez CE and Huang AJW and Foster CS and Chu DS;34050065;No (excluded in full-paper screening);No access;2022;1;2020;11;No;Yes;7;No;IL;US;;;14.0
Current and Future Projections of Amyotrophic Lateral Sclerosis in the United States Using Administrative Claims Data.;Miller C and Apple S and Paige JS and Grabowsky T and Shukla O and Agnese W and Merrill C;34153964;Yes;;2021;6;2020;7;Yes;No;6;No;US;US;IBM MarketScan Research Databases;US;11.0
Prospective Evaluation of Incidental Pituitary Imaging Findings in the Sella Turcica.;Kuo M and Maya MM and Bonert V and Melmed S;33392424;No (excluded in title and abstract screening);No tabular data;2021;2;2020;10;No;Yes;;;;;;;4.0
Medication adverse events in the ambulatory setting: A mixed-methods analysis.;Wong J and Lee SY and Sarkar U and Sharma AE;36164846;Yes;;2022;12;na;na;No;Yes;;No;US;US;Collaborative Healthcare Patient Safety Organization;US;
Efficient and Accurate Extracting of Unstructured EHRs on Cancer Therapy Responses for the Development of RECIST Natural Language Processing Tools: Part I, the Corpus.;Li Y and Luo YH and Wampfler JA and Rubinstein SM and Tiryaki F and Ashok K 5th and Warner JL and Xu H and Yang P;32364754;No (excluded in title and abstract screening);No medical research (focus on data provision);2020;5;na;na;No;Yes;;;;;;;
Real-World Dosing Patterns and Outcomes of Patients With Metastatic Pancreatic Cancer Treated With a Liposomal Irinotecan Regimen in the United States.;Barzi A and Miksad R and Surinach A and Corvino FA and Wang S and Torres AZ and Mamlouk K and Pulgar S and Valderrama A and Bekaii-Saab T and Ahn D;32011529;Yes;;2020;2;na;na;No;Yes;2;No;US;US;Flatiron Health;US;
Real-World Assessment of Asthma Control and Severity in Children, Adolescents, and Adults with Asthma: Relationships to Care Settings and Comorbidities.;Nyenhuis SM and Akkoyun E and Liu L and Schatz M and Casale TB;31707065;Yes;;2020;3;2019;6;No;Yes;10;No;US;US;American Academy of Allergy, Asthma and Immunology;US;9.0
Prediction of Discharge Destination following Laryngectomy.;Panwar A and Wang F and Lindau R and Militsakh O and Coughlin A and Smith R and Sayles H and Lydiatt D and Lydiatt W;30126321;Yes;;2018;12;na;na;No;Yes;;No;US;US;Multiple;US;
Multiple Angulated Mammography Reconstructions in Digital Breast Tomosynthesis for the Diagnosis of Microcalcifications - Added Value to Standard Stack Reconstructions and Synthesized Mammography.;Neubauer J and Neubauer C and Wicklein J and Mertelmeier T and Windfuhr-Blum M and Langer M;29390228;No (excluded in title and abstract screening);No tabular data;2018;5;na;na;No;Yes;;;;;;;
Point Prevalence Surveys of Antimicrobial Prescribing in a Non-Acute Care Hospital in Saitama Prefecture, Japan.;Ishibashi N and Pauwels I and Tomori Y and Gu Y and Yamaguchi T and Handa T and Yamaoka M and Ito D and Sakimoto T and Kimura T and Takizawa K and Sato R and Sakashita T and Ooyama A and Versporten A and Goossens H and Tarumoto N and Maesaki S and Tanahashi N;35368518;Yes;;2022;3;2021;9;No;Yes;1;No;JP;JP;Maruki Memorial Welfare Medical Center;JP;6.0
Associations Between Diabetic Retinopathy and Parkinson's Disease: Results From the Catalonian Primary Care Cohort Study.;Mauricio D and Vlacho B and Barrot de la Puente J and Mundet-Tudurí X and Real J and Kulisevsky J and Ortega E and Castelblanco E and Julve J and Franch-Nadal J;35118094;Yes;;2021;;2021;10;No;Yes;4;No;ES;ES;SIDIAP;ES;
[The influence of occupational activity on diseases of the musculoskeletal system of the upper extremity].;Hertling S and Loos F and Matziolis G and Kirschner I and Graul I;34939146;No (excluded before screening);not English;2022;8;na;na;No;Yes;;;;;;;
Evaluating a Novel Hemodialysis Central Venous Catheter Cap in Reducing Bloodstream Infections: A Quality Improvement Initiative.;Weiss S and Qureshi M;33953599;Yes;;2021;;2021;2;No;Yes;19;No;US;US;Multiple;US;
Documentation of Drug-Related Problems with ICD-11: Application of the New WHO Code-Set to Clinical Routine Data.;Andrikyan W and Jung-Poppe L and Altenbuchner A and Nicolaus HF and Pfistermeister B and Dormann H and Fromm MF and Maas R;36615115;Yes;;2022;12;2022;11;No;Yes;;No;DE;DE;Fuerth Hospital;DE;1.0
Dementia in People from Ethnic Minority Backgrounds: Disability, Functioning, and Pharmacotherapy at the Time of Diagnosis.;Tsamakis K and Gadelrab R and Wilson M and Bonnici-Mallia AM and Hussain L and Perera G and Rizos E and Das-Munshi J and Stewart R and Mueller C;32758391;Yes;;2021;2;2020;3;No;Yes;5;No;GB;GB;South London and Maudsley NHS Foundation Trust;GB;11.0
Acute Stroke in Times of the COVID-19 Pandemic: A Multicenter Study.;Hoyer C and Ebert A and Huttner HB and Puetz V and Kallmünzer B and Barlinn K and Haverkamp C and Harloff A and Brich J and Platten M and Szabo K;32516064;No (excluded in title and abstract screening);No tabular data;2020;7;na;na;Yes;No;;;;;;;
Predicting resource-dependent maternal health outcomes at a referral hospital in Zanzibar using patient trajectories and mathematical modeling.;Nadkarni D and Minocha A and Harpaldas H and Kim G and Gopaluni A and Gravelyn S and Rashid S and Helfrich A and Clifford K and Herklots T and Meguid T and Jacod B and Desai D and Zaman MH;30835755;No (excluded in title and abstract screening);No medical research (no new insights with direct relevance to health);2019;;2018;7;No;Yes;;;;;;;
Functional mobility trajectories of hospitalized older adults admitted to acute geriatric wards: A retrospective observational study in an English university hospital.;Lyons A and Romero-Ortuno R and Hartley P;30779283;Yes;;2019;4;2018;9;No;Yes;;No;GB;GB;Addenbrooke’s Hospital;GB;7.0
"Differentiating Usual Interstitial Pneumonia From Nonspecific Interstitial Pneumonia Using High-resolution Computed Tomography: The ""Straight-edge Sign"".";Zhan X and Koelsch T and Montner SM and Zhu A and Vij R and Swigris JJ and Chung JH;29683868;No (excluded in title and abstract screening);No tabular data;2018;7;na;na;No;Yes;;;;;;;
Prevalence, incidence, and health care utilization of patients with narcolepsy: a population-representative study.;Kallweit U and Nilius G and Trümper D and Vogelmann T and Schubert T;35088707;Yes;;2022;6;na;na;Yes;No;6;No;DE;DE;InGef;DE;
Ethnic disparities in tuberculosis incidence and related factors among indigenous and other communities in ethnically diverse Suriname.;Gopie FA and Hassankhan A and Ottevanger S and Krishnadath I and de Lange W and Zijlmans CWR and Vreden S;33851035;Yes;;2021;5;na;na;No;Yes;1;No;SR;SR;National Tuberculosis Registry;SR;
How do cancer clinicians perceive real-world data and the evidence derived therefrom? Findings from an international survey of the European Organisation for Research and Treatment of Cancer.;Saesen R and Kantidakis G and Marinus A and Lacombe D and Huys I;36091761;No (excluded in title and abstract screening);No real-world application (findings not based on real-world data);2022;;2022;6;No;Yes;;;;;;;
Long-term effectiveness of ustekinumab comparable to antitumor necrosis factor agents in patients with Crohn's disease.;Shiga H and Tarasawa K and Moroi R and Makuuchi M and Takahashi T and Shimoyama Y and Kuroha M and Kakuta Y and Fushimi K and Fujimori K and Kinouchi Y and Masamune A;36059265;Yes;;2022;11;2022;6;No;Yes;11;No;JP;JP;Diagnosis Procedure Combination system;JP;5.0
Deep learning-based patient re-identification is able to exploit the biometric nature of medical chest X-ray data.;Packhäuser K and Gündel S and Münster N and Syben C and Christlein V and Maier A;36050406;No (excluded in title and abstract screening);No medical research (focus on anonymization);2022;9;2021;10;No;Yes;;;;;;;11.0
Epidemiology of heart failure: Study of Heart failure in the Australian Primary carE setting (SHAPE).;Liew D and Audehm RG and Haikerwal D and Piazza P and Neville AM and Lim K and Parsons RW and Sindone AP;32902206;Yes;;2020;12;2020;5;No;Yes;9;No;AU;AU;Multiple;AU;7.0
Body Perception Disturbance and Pain Reduction in Longstanding Complex Regional Pain Syndrome Following a Multidisciplinary Rehabilitation Program.;Lewis JS and Kellett S and McCullough R and Tapper A and Tyler C and Viner M and Palmer S;31373373;Yes;;2019;11;na;na;No;Yes;6;No;GB;GB;Royal National Hospital for Rheumatic Diseases;GB;
Identifying cerebral palsy from routinely-collected data in England and Wales.;Carter B and Verity Bennett C and Bethel J and Jones HM and Wang T and Kemp A;31239784;Yes;;2019;6;2019;1;No;Yes;6;No;GB;GB;Clinical Practice Research Datalink, SAIL Databank;GB;5.0
NOEL and NOAEL: A retrospective analysis of mention in a sample of recently conducted safety pharmacology studies.;Baird TJ and Caruso MJ and Gauvin DV and Dalton JA;31220592;No (excluded in title and abstract screening);Anonymous survey;2019;9;2019;2;Yes;No;;;;;;;7.0
Yield of Clinical Screening for Hypertrophic Cardiomyopathy in Child First-Degree Relatives.;Norrish G and Jager J and Field E and Quinn E and Fell H and Lord E and Cicerchia MN and Ochoa JP and Cervi E and Elliott PM and Kaski JP;31006259;Yes;;2019;7;na;na;No;Yes;9;No;GB;GB;Great Ormond  Street Hospital Center;GB;
Drug utilization patterns and healthcare resource use and costs in patients with neurogenic bladder in the United Kingdom: A retrospective primary care database study.;Jaggi A and Nazir J and Fatoye F and Siddiqui E and Choudhury N and Argoubi R and Ali M and de Ridder D and Drake MJ;30924184;Yes;;2019;6;2018;12;Yes;No;14;No;GB;GB;Clinical Practice Research Datalink, Hospital Episode Statistics;GB;6.0
Real-world effectiveness of Fertistartkit® treatment in women undergoing ART in French clinical practice: a retrospective multicentre study.;Languille S and Massin N and Santulli P and Ozanon C and Kazdar N and Lechat X and Soriano E and Frantz-Blancpain S and Callec R and Guerif F and Anahory T and Rongières C and Chevalier N and Barrière P;32201114;Yes;;2020;4;2019;10;No;Yes;15;No;FR;FR;Multiple;FR;6.0
Inequalities in zoster disease burden: a population-based cohort study to identify social determinants using linked data from the U.K. Clinical Practice Research Datalink.;Jain A and van Hoek AJ and Walker JL and Forbes HJ and Langan SM and Root A and Smeeth L and Thomas SL;29388189;Yes;;2018;6;na;na;Yes;No;1;No;GB;GB;Clinical Practice Research Datalink;GB;
Is there an association between depression, anxiety disorders and COVID-19 severity and mortality? A multicenter retrospective cohort study conducted in 50 hospitals in Germany.;Kostev K and Hagemann-Goebel M and Gessler N and Wohlmuth P and Feldhege J and Arnold D and Jacob L and Gunawardene M and Hölting T and Koyanagi A and Schreiber R and Smith L and Sheikhzadeh S and Wollmer MA;36481563;No (excluded before screening);Outside the search period;2023;1;2022;10;No;Yes;;;;;;;3.0
Retrospective Analysis of Treatment Pathways in Patients With BRAF(V600E)-mutant Metastatic Colorectal Carcinoma - MORSE(CRC).;Gerger A and Eisterer W and Fuxius S and Bastian S and Koeberle D and Welslau M and Sanoyan DA and Maas C and Uhlig J and Fenchel K and Greil R and VON DER Heyde E and Agocs GR and Weide R and Schwager M and Reichenbach F and Modest DP and Fritsch R;36191968;Yes;;2022;10;2022;6;No;Yes;2;No;AT;CH;Multiple;DE, AT, CH;4.0
Use of medication data alone to identify diagnoses and related contraindications: Application of algorithms to close a common documentation gap.;Andrikyan W and Then MI and Gaßmann KG and Tümena T and Dürr P and Fromm MF and Maas R;35877931;No (excluded in full-paper screening);No medical research (no new insights with direct relevance to health);2022;12;2021;11;No;Yes;;No;DE;DE;;;13.0
Prescription Rates, Polypharmacy and Prescriber Variability in Swiss General Practice-A Cross-Sectional Database Study.;Rachamin Y and Jäger L and Meier R and Grischott T and Senn O and Burgstaller JM and Markun S;35237170;Yes;;2022;2;2021;12;No;Yes;;No;CH;CH;Family Medicine ICPC Research using Electronic Medical Records;CH;2.0
Practical geospatial and sociodemographic predictors of human mobility.;Ruktanonchai CW and Lai S and Utazi CE and Cunningham AD and Koper P and Rogers GE and Ruktanonchai NW and Sadilek A and Woods D and Tatem AJ and Steele JE and Sorichetta A;34321509;No (excluded in title and abstract screening);No tabular data;2021;7;2021;4;Yes;No;;;;;;;3.0
[Weight loss and malnutrition risk in geriatric patients].;Graeb F and Wolke R and Reiber P;33954833;No (excluded before screening);not English;2021;12;2020;5;No;Yes;;;;;;;19.0
Cardiovascular preventive pharmacotherapy stratified by predicted cardiovascular risk: a national data linkage study.;Mehta S and Zhao J and Poppe K and Kerr AJ and Wells S and Exeter DJ and Selak V and Grey C and Jackson R;33580793;Yes;;2022;2;2020;8;No;Yes;9;No;NZ;NZ;Statistics New Zealand;NZ;18.0
Comparing patient-reported outcomes across countries: An assessment of methodological challenges.;Sutherland JM and Rajapakshe S and Crump T and Chartrand A and Liu G and Karimuddin A;33554667;Yes;;2021;7;na;na;Yes;No;;No;CA;CA;Multiple;GB, CA;
Generalizability of Blood Pressure Lowering Trials to Older Patients: Cross-Sectional Analysis.;Sheppard JP and Lown M and Burt J and Temple E and Lowe R and Ashby H and Todd O and Allen J and Ford GA and Fraser R and Heneghan C and Hobbs FDR and Jowett S and Little P and Mant J and Mollison J and Payne R and Williams M and Yu LM and McManus RJ;32898307;Yes;;2020;11;2020;4;No;Yes;9;No;GB;GB;Multiple;GB;7.0
Epidemiology, healthcare resource utilization and healthcare costs for spinal muscular atrophy in Alberta, Canada.;Chen G and Sharif B and Gerber B and Farris MS and Cowling T and Cabalteja C and Wu JW and Maturi B and Klein-Panneton K and Jean K Mah;34906030;Yes;;2021;11;na;na;No;Yes;6;No;CA;CA;Alberta Health Services;CA;
Prevalence of Hepatic Encephalopathy from a Commercial Medical Claims Database in the United States.;Potnis A and VanMeter S and Stange J;34211786;Yes;;2021;6;2020;6;Yes;No;11;No;US;US;Symphony Health;US;12.0
Are competing-risk models superior to standard Cox models for predicting cardiovascular risk in older adults? Analysis of a whole-of-country primary prevention cohort aged ≥65 years.;Cooper H and Wells S and Mehta S;34109395;Yes;;2022;5;2020;6;No;Yes;9;No;NZ;NZ;New Zeeland Ministry of Health;NZ;23.0
Liver function test abnormalities are associated with a poorer prognosis in Covid-19 patients: Results of a French cohort.;Chaibi S and Boussier J and Hajj WE and Abitbol Y and Taieb S and Horaist C and Jouannaud V and Wang P and Piquet J and Maurer C and Lahmek P and Nahon S;33139241;Yes;;2021;9;2020;9;No;Yes;11;Yes;FR;FR;Montfermeil Hospital;FR;12.0
Dynamics of Anthropometric Indices in a Large Paired Cohort With 10 Years of Follow-Up: Paving the Way to Sarcopenic Obesity.;Santos MD and Buti M and López-Cano C and Sánchez E and Vidal A and Hernández M and Lafarga A and Gutiérrez-Carrasquilla L and Rius F and Bueno M and Lecube A;32425882;Yes;;2020;5;2019;12;No;Yes;4;No;ES;ES;Multiple;ES;5.0
[Reduction of needlestick injuries by 48 % in 1 year : Effects of improvement of the safety concept according to the European Union Council directive 2010/32/EU at a large regional hospital].;Busche MN and Klein JM and Kröger B and Siewe J and Faber H and Müßler J and Reuter S and Bastian L and Vogt PM;31428806;No (excluded before screening);not English;2020;3;na;na;No;Yes;;;;;;;
Evaluating the Impact of Uveitis on Visual Field Progression Using Large-Scale Real-World Data.;Liu X and Kelly SR and Montesano G and Bryan SR and Barry RJ and Keane PA and Denniston AK and Crabb DP;31251907;Yes;;2019;11;2019;4;No;Yes;7;No;GB;GB;Royal College of Ophthalmologists;GB;7.0
Increased blood pressure variability after acute ischemic stroke increases the risk of death: A secondary analysis of the Virtual International Stroke Trial Archive.;de Havenon A and Stoddard G and Saini M and Wong KH and Tirschwell D and Bath P;31217966;Yes;;2019;1;2019;3;Yes;No;9;No;US;GB;Virtual International Stroke Trial Archive;unknown;-2.0
Efficacy and Safety of Danirixin (GSK1325756) Co-administered With Standard-of-Care Antiviral (Oseltamivir): A Phase 2b, Global, Randomized Study of Adults Hospitalized With Influenza.;Madan A and Chen S and Yates P and Washburn ML and Roberts G and Peat AJ and Tao Y and Parry MF and Barnum O and McClain MT and Roy-Ghanta S;31041358;No (excluded in title and abstract screening);No real-world application (findings not based on real-world data);2019;4;2018;11;Yes;No;;;;;;;5.0
Two-year retention in care for adolescents on antiretroviral therapy in Ehlanzeni district, South Africa: a baseline cohort analysis.;Okonji EF and Wyk BV and Mukumbang FC;35357245;No (excluded before screening);Outside the search period;2023;3;na;na;No;Yes;;;;;;;
Continuity of GP care for patients with dementia: impact on prescribing and the health of patients.;Delgado J and Evans PH and Gray DP and Sidaway-Lee K and Allan L and Clare L and Ballard C and Masoli J and Valderas JM and Melzer D;35074796;Yes;;2022;2;2021;7;No;Yes;5;No;GB;GB;Clinical Practice Research Datalink;GB;7.0
Early experience with an opt-in research register - Scottish Health Research Register (SHARE): a multi-method evaluation of participant recruitment performance.;Shi W and Vasishta S and Dow L and Cavellini D and Palmer C and McKinstry B and Sullivan F;34930144;No (excluded in title and abstract screening);No medical research (focus on data provision);2021;12;2021;6;No;Yes;;;;;;;6.0
Imaging characteristics and diagnostic accuracy of FDG-PET/CT, contrast enhanced CT and combined imaging in patients with suspected mycotic or inflammatory abdominal aortic aneurysms.;Husmann L and Huellner MW and Gruenig H and Ledergerber B and Messerli M and Mestres CA and Rancic Z and Hasse B;35944039;No (excluded in title and abstract screening);No tabular data;2022;;2022;5;No;Yes;;;;;;;
Inpatient Palliative Care Is Less Utilized in Rare, Fatal Extrahepatic Cholangiocarcinoma: A Ten-Year National Perspective.;Mojtahedi Z and Yoo JW and Callahan K and Bhandari N and Lou D and Ghodsi K and Shen JJ;34639305;Yes;;2021;9;2021;5;No;Yes;2;No;US;US;National Inpatient Sample database;US;4.0
Comparison of real-world treatment outcomes of femtosecond laser-assisted cataract surgery and phacoemulsification cataract surgery: A retrospective, observational study from an outpatient clinic in France.;Charles Crozafon P and Bouchet C and Zignani M and Griner R and Foster SD and Zou M and Dhariwal M;32452248;Yes;;2021;7;na;na;No;Yes;7;No;FR;US;Not precisely specified;FR;
Cohort profile: the South African National Health Laboratory Service (NHLS) National HIV Cohort.;MacLeod WB and Bor J and Candy S and Maskew M and Fox MP and Bulekova K and Brennan AT and Potter J and Nattey C and Onoya D and Mlisana K and Stevens W and Carmona S;36261238;No (excluded in title and abstract screening);No medical research (focus on data provision);2022;10;na;na;No;Yes;;;;;;;
The association between temperature, heart rate, and respiratory rate in children aged under 16 years attending urgent and emergency care settings.;Heal C and Harvey A and Brown S and Rowland AG and Roland D;35679531;Yes;;2022;12;na;na;No;Yes;;No;GB;GB;Multiple;GB;
The weekend effect on the provision of Emergency Surgery before and during the COVID-19 pandemic: case-control analysis of a retrospective multicentre database.;Tebala GD and Milani MS and Cirocchi R and Bignell M and Bond-Smith G and Lewis C and Agnoletti V and Catarci M and Di Saverio S and Luridiana G and Catena F and Scatizzi M and Marini P;35488247;Yes;;2022;4;2022;1;No;Yes;22;Yes;GB;IT;Multiple;FR, IT, PT, ES, GB;3.0
Healthcare resource utilisation and cost analysis associated with opioid analgesic use for non-cancer pain: A case-control, retrospective study between 2005 and 2015.;Davies E and Phillips CJ and Jones M and Sewell B;35419202;Yes;;2022;4;na;na;No;Yes;;No;GB;GB;SAIL Databank;GB;
Effectiveness of the BNT162b2 (Pfizer-BioNTech) and the ChAdOx1 nCoV-19 (Oxford-AstraZeneca) vaccines for reducing susceptibility to infection with the Delta variant (B.1.617.2) of SARS-CoV-2.;Pattni K and Hungerford D and Adams S and Buchan I and Cheyne CP and García-Fiñana M and Hall I and Hughes DM and Overton CE and Zhang X and Sharkey KJ;35307024;Yes;;2022;3;2021;10;No;Yes;22;Yes;GB;GB;Multiple;GB;5.0
Trends in maternal body mass index in Northern Ireland: a cross-sectional and longitudinal study.;Kent L and Cardwell C and Young I and Eastwood KA;34949675;Yes;;2021;12;na;na;No;Yes;15;No;GB;GB;Northern Ireland Maternity  System;GB;
Decreased Opioid Consumption and Durable Pain Relief in Patients Treated with 10 kHz SCS: A Retrospective Analysis of Outcomes from Single-Center.;Feng H and Doherty P and Rotte A;34466027;No (excluded in title and abstract screening);No real-world application (findings not based on real-world data);2021;;2021;3;No;Yes;;;;;;;
Tezacaftor-ivacaftor use in routine care of adults with cystic fibrosis: a medicine use evaluation.;Paterson I and Johnson C and MacGregor G;34103394;No (excluded before screening);Outside the search period;2023;5;2020;12;Yes;No;;;;;;;29.0
Identifying Dysphagia and Demographic Associations in Older Adults Using Electronic Health Records: A National Longitudinal Observational Study in Wales (United Kingdom) 2008-2018.;Hollinghurst J and Smithard DG;35212847;Yes;;2022;12;2021;7;No;Yes;18;No;GB;GB;SAIL Databank;GB;17.0
Primary Prevention of Cardiovascular and Heart Failure Events With SGLT2 Inhibitors, GLP-1 Receptor Agonists, and Their Combination in Type 2 Diabetes.;Wright AK and Carr MJ and Kontopantelis E and Leelarathna L and Thabit H and Emsley R and Buchan I and Mamas MA and van Staa TP and Sattar N and Ashcroft DM and Rutter MK;35100355;Yes;;2022;4;2021;5;Yes;No;4;No;GB;GB;Clinical Practice Research Datalink, SAIL Databank;GB;11.0
Friedreich's ataxia-associated childhood hypertrophic cardiomyopathy: a national cohort study.;Norrish G and Rance T and Montanes E and Field E and Brown E and Bhole V and Stuart G and Uzun O and McLeod KA and Ilina M and Adwani S and Daubeney P and Delle Donne G and Linter K and Jones CB and Bharucha T and Cervi E and Kaski JP;34610949;Yes;;2022;5;2021;5;No;Yes;9;No;GB;GB;Multiple;GB;12.0
Real-life impact of uncontrolled severe asthma on mortality and healthcare use in adolescents and adults: findings from the retrospective, observational RESONANCE study in France.;Roche N and Garcia G and de Larrard A and Cancalon C and Bénard S and Perez V and Mahieu A and Vieu L and Demoly P;36002203;Yes;;2022;8;na;na;No;Yes;10;No;FR;FR;Echantillon Généraliste des Bénéficiaires;FR;
Prevalence of suspected COVID-19 infection in patients from ethnic minority populations: a cross-sectional study in primary care.;Hull SA and Williams C and Ashworth M and Carvalho C and Boomla K;32895242;Yes;;2020;10;2020;6;No;Yes;22;Yes;GB;GB;Multiple;GB;4.0
Sources of potential bias when combining routine data linkage and a national survey of secondary school-aged children: a record linkage study.;Morgan K and Page N and Brown R and Long S and Hewitt G and Del Pozo-Banos M and John A and Murphy S and Moore G;32616022;No (excluded in title and abstract screening);Anonymous survey;2020;7;2020;1;No;Yes;;;;;;;6.0
Factors affecting use of unscheduled care for people with advanced cancer: a retrospective cohort study in Scotland.;Mills S and Buchanan D and Guthrie B and Donnan P and Smith B;31740459;Yes;;2019;12;2019;5;No;Yes;2;No;GB;GB;Public Health Scotland, NHS Scotland;GB;7.0
Reducing ambulance conveyance for older people with and without dementia: evidence of the role of social care from a regional, year-long service evaluation using retrospective routine data.;Lofthouse-Jones C and King P and Pocock H and Ramsay M and Jadzinski P and England E and Taylor S and Cavalier J and Fogg C;34970083;Yes;;2021;12;na;na;No;Yes;5;No;GB;GB;Multiple;GB;
Proton pump inhibitors and dementia risk: Evidence from a cohort study using linked routinely collected national health data in Wales, UK.;Cooksey R and Kennedy J and Dennis MS and Escott-Price V and Lyons RA and Seaborne M and Brophy S;32946449;Yes;;2020;;2020;5;No;Yes;5;No;GB;GB;SAIL Databank;GB;
Variation in quality of acute stroke care by day and time of admission: prospective cohort study of weekday and weekend centralised hyperacute stroke unit care and non-centralised services.;Melnychuk M and Morris S and Black G and Ramsay AIG and Eng J and Rudd A and Baim-Lance A and Brown MM and Fulop NJ and Simister R;31699710;Yes;;2019;11;na;na;Yes;No;9;No;GB;GB;Sentinel  Stroke  National  Audit  Programme;GB;
Evaluation of community-level interventions to increase early initiation of antenatal care in pregnancy: protocol for the Community REACH study, a cluster randomised controlled trial with integrated process and economic evaluations.;Sawtell M and Sweeney L and Wiggins M and Salisbury C and Eldridge S and Greenberg L and Hunter R and Kaur I and McCourt C and Hatherall B and Findlay G and Morris J and Reading S and Renton A and Adekoya R and Green B and Harvey B and Latham S and Patel K and Vanlessen L and Harden A;29506563;No (excluded in title and abstract screening);No real-world application (findings not based on real-world data);2018;3;2017;3;No;Yes;;;;;;;12.0
Childhood asthma prevalence: cross-sectional record linkage study comparing parent-reported wheeze with general practitioner-recorded asthma diagnoses from primary care electronic health records in Wales.;Griffiths LJ and Lyons RA and Bandyopadhyay A and Tingay KS and Walton S and Cortina-Borja M and Akbari A and Bedford H and Dezateux C;29333271;Yes;;2018;;2017;11;No;Yes;10;No;GB;GB;SAIL Databank;GB;
English Bulldogs in the UK: a VetCompass study of their disorder predispositions and protections.;O'Neill DG and Skipper A and Packer RMA and Lacey C and Brodbelt DC and Church DB and Pegram C;35701824;No (excluded in title and abstract screening);No medical research (no new insights with direct relevance to health);2022;6;2022;3;No;Yes;;;;;;;3.0
Use of social determinants of health codes in home-based primary care.;Coppa D and Winchester SB and McAlvin E and Roberts MB and Maestri X;33731551;No (excluded in full-paper screening);No access;2021;4;2020;7;No;Yes;;;US;US;;;9.0
Individuals with spinal cord injury have greater odds of substance use disorders than non-sci comparisons.;Graupensperger S and Corey JJ and Turrisi RJ and Evans MB;31606588;Yes;;2019;12;2019;3;No;Yes;5;No;US;US;Penn State Hershey Medical Center;US;9.0
International Study of Primary Mucinous Ovarian Carcinomas Managed at Tertiary Medical Centers.;Mueller JJ and Lajer H and Mosgaard BJ and Bach Hamba S and Morice P and Gouy S and Hussein Y and Soslow RA and Schlappe BA and Zhou QC and Iasonos A and Høgdall C and Leary A and O'Cearbhaill RE and Abu-Rustum NR;29561302;Yes;;2018;6;na;na;No;Yes;2;No;US;US;Multiple;US, FR, DK;
Trends over time in Escherichia coli bloodstream infections, urinary tract infections, and antibiotic susceptibilities in Oxfordshire, UK, 1998-2016: a study of electronic health records.;Vihta KD and Stoesser N and Llewelyn MJ and Quan TP and Davies T and Fawcett NJ and Dunn L and Jeffery K and Butler CC and Hayward G and Andersson M and Morgan M and Oakley S and Mason A and Hopkins S and Wyllie DH and Crook DW and Wilcox MH and Johnson AP and Peto TEA and Walker AS;30126643;Yes;;2018;10;2017;10;Yes;Yes;1;No;GB;GB;Oxford University Hospitals NHS Foundation Trust;GB;12.0
Quantifying clinic transfers among people living with HIV in the Western Cape, South Africa: a retrospective spatial analysis.;Espinosa Dice AL and Bengtson AM and Mwenda KM and Colvin CJ and Lurie MN;34857581;Yes;;2021;12;na;na;No;Yes;1;No;US;US;Western  Cape  Department  of  Health;ZA;
Pertuzumab study in the neoadjuvant setting for HER2-positive nonmetastatic breast cancer in Australia (PeRSIA).;Lok SW and De Boer R and Baron-Hay S and Button P and Devitt B and Forster BC and Fox P and Harold M and Ketheeswaran S and Kichenadasse G and Kiely BE and Marx G and Nott L and Pellegrini L and Tafreshi A and Gibbs P;36005450;No (excluded before screening);Outside the search period;2023;1;2022;6;No;Yes;;;;;;;7.0
Prevalence of Spasticity in Nursing Home Residents.;Gill CE and Hacker ML and Meystedt J and Turchan M and Schnelle JF and Simmons SF and Habermann R and Phibbs FT and Charles D;32085950;Yes;;2020;8;2019;5;No;Yes;6;No;US;US;Not precisely specified;US;15.0
Association of Megestrol Use With the Development of New Psychiatric Diagnoses.;Ramamurthy S and Van Enkevort E and Xie D and Palka J and Brown ES;32037291;Yes;;2020;6;2019;8;No;Yes;5;No;US;US;University of Texas at Southwestern;US;10.0
Epidemiology and Costs of Sepsis in the United States-An Analysis Based on Timing of Diagnosis and Severity Level.;Paoli CJ and Reynolds MA and Sinha M and Gitlin M and Crouser E;30048332;Yes;;2018;12;na;na;No;Yes;1;No;US;US;Premier  Healthcare  Database;US;
Predicting Clinical Remission of Chronic Urticaria Using Random Survival Forests: Machine Learning Applied to Real-World Data.;Pivneva I and Balp MM and Geissbühler Y and Severin T and Smeets S and Signorovitch J and Royer J and Liang Y and Cornwall T and Pan J and Danyliv A and McKenna SJ and Marsland AM and Soong W;36301485;Yes;;2022;12;2022;6;No;Yes;12;No;CA;GB;Optum;US;6.0
Promoting Children's Health Equity With Medical-Dental Integration.;Zea A and Henshaw M;35133726;Yes;;2022;1;na;na;No;Yes;11;No;US;US;Not precisely specified;US;
Reduced Hospitalizations and Amputations in Patients with Diabetic Foot Ulcers Treated with Cyclical Pressurized Topical Wound Oxygen Therapy: Real-World Outcomes.;Yellin JI and Gaebler JA and Zhou FF and Niecko T and Novins O and Ockert A and Krzynowek D and Garoufalis MG and Lee AM and Frykberg RG;34714167;Yes;;2022;12;na;na;No;Yes;4;No;US;US;Multiple;US;
Age-appropriate cancer screening: A cohort study of adults with psoriasis prescribed biologics, adults in the general population, and adults with hypertension.;Barbieri JS and Wang S and Ogdie AR and Shin DB and Takeshita J;33470207;Yes;;2021;6;2020;6;No;Yes;2;No;US;US;Optum;US;12.0
Association Between Dry Eye Disease and Migraine Headaches in a Large Population-Based Study.;Ismail OM and Poole ZB and Bierly SL and Van Buren ED and Lin FC and Meyer JJ and Davis RM;30844042;Yes;;2019;5;na;na;No;Yes;7;No;US;US;Carolina Data Warehouse for Health;US;
The contribution of early adverse stress to complex and severe depression in depressed outpatients.;Gloger S and Vöhringer PA and Martínez P and Chacón MV and Cáceres C and Diez de Medina D and Cottin M and Behn A;33621410;Yes;;2021;4;2020;9;No;Yes;5;No;CL;CL;Not precisely specified;CL;7.0
Effect of Documenting Prognosis on the Information Provided to ICU Proxies: A Randomized Trial.;Turnbull AE and Hayes MM and Brower RG and Colantuoni E and Basyal PS and White DB and Curtis JR and Needham DM;30882479;No (excluded in title and abstract screening);No tabular data;2019;6;na;na;No;Yes;;;;;;;
Disparities in Hypertension Control Across and Within Three Health Systems Participating in a Data-Sharing Collaborative.;Selby K and Michel M and Gildengorin G and Karliner L and Pramanik R and Fontil V and Potter MB;30413545;Yes;;2018;11;2018;6;No;Yes;9;No;US;US;Multiple;US;5.0
Outcomes Among African American and Non-Hispanic White Men With Metastatic Castration-Resistant Prostate Cancer With First-Line Abiraterone.;Marar M and Long Q and Mamtani R and Narayan V and Vapiwala N and Parikh RB;34985518;Yes;;2022;1;na;na;No;Yes;2;No;US;US;Flatiron Health;US;
Occurrence of Thromboembolic Events and Mortality Among Hospitalized Coronavirus 2019 Patients: Large Observational Cohort Study of Electronic Health Records.;Spyropoulos AC and Crawford JM and Chen YC and Ashton V and Campbell AK and Milentijevic D and Peacock WF;36452205;Yes;;2022;10;2022;7;No;Yes;9;Yes;US;US;Optum;US;3.0
Prevalence of skin pressure injury in critical care patients in the UK: results of a single-day point prevalence evaluation in adult critically ill patients.;Rubulotta F and Brett S and Boulanger C and Blackwood B and Deschepper M and Labeau SO and Blot S;36418122;Yes;;2022;11;na;na;No;Yes;12;No;CA;BE;Multiple;GB;
Challenges for dermatologists during the COVID-19 pandemic: A qualitative study.;Helm MF and Kimball AB and Butt M and Stuckey H and Costigan H and Shinkai K and Nagler AR;35620026;No (excluded in title and abstract screening);No real-world application (findings not based on real-world data);2022;3;na;na;No;Yes;;;;;;;
Incidence of an Insulin-Requiring Hyperglycemic Syndrome in SARS-CoV-2-Infected Young Individuals: Is It Type 1 Diabetes?;Pietropaolo M and Hotez P and Giannoukakis N;35293987;Yes;;2022;12;2021;9;No;Yes;4;Yes;US;US;TriNetX;various;15.0
Lessons From a Rapid Project Management Exercise in the Time of Pandemic: Methodology for a Global COVID-19 VIRUS Registry Database.;Turek JR and Bansal V and Tekin A and Singh S and Deo N and Sharma M and Bogojevic M and Qamar S and Singh R and Kumar V and Kashyap R;34762062;No (excluded in title and abstract screening);No medical research (focus on data provision);2022;3;2021;2;No;Yes;;;;;;;13.0
Detection of Atrial Fibrillation After Central Retinal Artery Occlusion.;Mac Grory B and Landman SR and Ziegler PD and Boisvert CJ and Flood SP and Stretz C and Madsen TE and Reznik ME and Cutting S and Moore EE and Hewitt H and Closser JB and Torres J and Lavin PJ and Furie KL and Xian Y and Feng W and Biousse V and Schrag M and Yaghi S;34092124;Yes;;2021;8;na;na;No;Yes;9;No;US;US;Vanderbilt University Medical Center;US;
Effects of Educational Video on Pre-operative Anxiety in Children - A Randomized Controlled Trial.;Härter V and Barkmann C and Wiessner C and Rupprecht M and Reinshagen K and Trah J;34055683;No (excluded in title and abstract screening);No real-world application (findings not based on real-world data);2021;;2020;12;Yes;No;;;;;;;
Immunotherapy Treatment Patterns and Outcomes Among ALK-Positive Patients With Non-Small-Cell Lung Cancer.;Jahanzeb M and Lin HM and Pan X and Yin Y and Baumann P and Langer CJ;33250347;Yes;;2021;1;2020;4;No;Yes;2;No;US;US;Flatiron Health;US;9.0
Mortality and Paclitaxel-Coated Devices: An Individual Patient Data Meta-Analysis.;Rocha-Singh KJ and Duval S and Jaff MR and Schneider PA and Ansel GM and Lyden SP and Mullin CM and Ioannidis JPA and Misra S and Tzafriri AR and Edelman ER and Granada JF and White CJ and Beckman JA;32370548;Yes;;2020;6;na;na;No;Yes;9;No;US;US;Multiple;multiple;
Analysis of Non-Game Injuries in Major League Baseball.;Esquivel A and Freehill MT and Curriero FC and Rand KL and Conte S and Tedeschi T and Lemos SE;31909052;Yes;;2019;12;na;na;No;Yes;19;No;US;US;Major League Baseball Health and Injury Tracking System;US;
HLA-A*32:01 is strongly associated with vancomycin-induced drug reaction with eosinophilia and systemic symptoms.;Konvinse KC and Trubiano JA and Pavlos R and James I and Shaffer CM and Bejan CA and Schutte RJ and Ostrov DA and Pilkinton MA and Rosenbach M and Zwerner JP and Williams KB and Bourke J and Martinez P and Rwandamuriye F and Chopra A and Watson M and Redwood AJ and White KD and Mallal SA and Phillips EJ;30776417;Yes;;2019;7;2018;12;No;Yes;3;No;US;US;Vanderbilt University Medical Center;US;7.0
Development and Evaluation of the Boston University Osteoarthritis Functional Pain Short Form (BU-OA-FPS).;Goode AP and Ni P and Jette A and Fitzgerald GK;29684166;Yes;;2018;8;2017;5;No;Yes;13;No;US;US;Boston University;US;15.0
Root Canal Treatment Survival Analysis in National Dental PBRN Practices.;Thyvalikakath T and LaPradd M and Siddiqui Z and Duncan WD and Eckert G and Medam JK and Rindal DB and Jurkovich M and Gilbert GH;35549468;Yes;;2022;10;na;na;No;Yes;11;No;US;US;Multiple;US;
Exploration of an alternative to body mass index to characterize the relationship between height and weight for prediction of metabolic phenotypes and cardiovascular outcomes.;Shuey MM and Huang S and Levinson RT and Farber-Eger E and Cahill KN and Beckman JA and Koethe JR and Silver HJ and Niswender KD and Cox NJ and Harrell FE Jr and Wells QS;35127128;Yes;;2022;2;2021;3;No;Yes;4;No;US;US;Vanderbilt University Medical Center;US;11.0
ACA Medicaid expansion association with racial disparity reductions in timely cancer treatment.;Adamson BJS and Cohen AB and Gross CP and Estévez M and Magee K and Williams E and Meropol NJ and Davidoff AJ;34314116;Yes;;2021;7;na;na;No;Yes;2;No;US;US;Flatiron Health;US;
Accuracy of an Artificial Intelligence System for Cancer Clinical Trial Eligibility Screening: Retrospective Pilot Study.;Haddad T and Helgeson JM and Pomerleau KE and Preininger AM and Roebuck MC and Dankwa-Mullan I and Jackson GP and Goetz MP;33769304;Yes;;2021;3;2021;2;No;Yes;2;No;US;US;Mayo Clinic;US;1.0
Pharmacogenetics to Predict Adverse Events Associated With Antidepressants.;Rossow KM and Aka IT and Maxwell-Horn AC and Roden DM and Van Driest SL;33234666;Yes;;2020;12;na;na;No;Yes;5;No;US;US;Vanderbilt University Medical Center;US;
Prevalence of young-onset dementia: nationwide analysis of routinely collected data.;Ryan B and To E and Ma'u E and Chan AHY and Rivera-Rodriguez C and Curtis MA and Cullum S and Cheung G;35995550;Yes;;2022;8;2022;2;No;Yes;5;No;NZ;NZ;Statistics New Zealand;NZ;6.0
Association Between Medicare's National Coverage Determination and Utilization of Next-Generation Sequencing.;Sheinson DM and Wong WB and Flores C and Ogale S and Gross CP;34043456;Yes;;2021;11;na;na;No;Yes;;No;US;US;Flatiron Health;US;
Measuring the economic impact of hospital-acquired complications on an acute health service.;Fernando-Canavan L and Gust A and Hsueh A and Tran-Duy A and Kirk M and Brooks P and Knight J;33334417;Yes;;2021;3;2020;6;No;Yes;;No;AU;AU;Not precisely specified;AU;9.0
Rivaroxaban versus warfarin in patients with nonvalvular atrial fibrillation and stage IV-V chronic kidney disease.;Weir MR and Ashton V and Moore KT and Shrivastava S and Peterson ED and Ammann EM;32112872;Yes;;2020;5;2019;10;No;Yes;9;No;US;US;Optum;US;7.0
Epidemiology of chronic kidney disease in Australian general practice: National Prescribing Service MedicineWise MedicineInsight dataset.;Radford J and Kitsos A and Stankovich J and Castelino R and Khanam M and Jose M and Peterson G and Saunder T and Wimmer B and Razizaidi T;30467996;Yes;;2019;10;na;na;No;Yes;14;No;AU;AU;NPS MedicineWise;AU;
Simultaneous Compared With Interval Medical Abortion Regimens Where Home Use Is Restricted.;Lohr PA and Starling JE and Scott JG and Aiken ARA;29528933;Yes;;2018;4;na;na;No;Yes;15;No;GB;US;British Pregnancy Advisory Service;GB;
Patterns and trends of potentially inappropriate high-density lipoprotein cholesterol testing in Australian adults at high risk of cardiovascular disease from 2008 to 2014: analysis of linked individual patient data from the Australian Medicare Benefits Schedule and Pharmaceutical Benefits Scheme.;Hajati F and Atlantis E and Bell KJL and Girosi F;29523561;Yes;;2018;3;na;na;No;Yes;9;No;AU;AU;Australien Department of Health;AU;
Real-world ALK Testing Trends in Patients With Advanced Non-Small-Cell Lung Cancer in the United States.;Lin HM and Wu Y and Yin Y and Niu H and Curran EA and Lovly CM and Humphries MJ;36376172;No (excluded before screening);Outside the search period;2023;1;2022;4;No;Yes;2;No;US;US;Flatiron Health;US;9.0
Clinical insights into pulmonary hypertension in chronic obstructive pulmonary disease.;Cook DP and Xu M and Martucci VL and Annis JS and Aldrich MC and Hemnes AR and Brittain EL;35506103;Yes;;2022;1;2021;10;No;Yes;10;No;US;US;Vanderbilt University Medical Center;US;3.0
A pilot open-label study of aldose reductase inhibition with AT-001 (caficrestat) in patients hospitalized for COVID-19 infection: Results from a registry-based matched-control analysis.;Gaztanaga J and Ramasamy R and Schmidt AM and Fishman G and Schendelman S and Thangavelu K and Perfetti R and Katz SD;34752935;Yes;;2021;11;2021;9;No;Yes;4;Yes;US;US;New York University Langone Health;US;2.0
Deep Learning versus Conventional Machine Learning for Detection of Healthcare-Associated Infections in French Clinical Narratives.;Rabhi S and Jakubowicz J and Metzger MH;30877683;No (excluded in title and abstract screening);No tabular data;2019;6;na;na;No;Yes;;;;;;;
eHealth Tools to Provide Structured Assistance for Atrial Fibrillation Screening, Management, and Guideline-Recommended Therapy in Metropolitan General Practice: The AF - SMART Study.;Orchard J and Neubeck L and Freedman B and Li J and Webster R and Zwar N and Gallagher R and Ferguson C and Lowres N;30590964;Yes;;2019;1;na;na;No;Yes;9;No;AU;AU;Multiple;AU;
Utilisation of pre-exposure prophylaxis (PrEP) for HIV prevention in the Australian general practice setting: a longitudinal observational study.;Chidwick K and Pollack A and Busingye D and Norman S and Grulich A and Bavinton B and Guy R and Medland N;35469591;Yes;;2022;4;2021;10;No;Yes;1;No;AU;AU;NPS MedicineWise;AU;6.0
Effectiveness of Influenza Vaccination in Reducing Subsequent Antibiotic Prescribing in Young Children Attending Australian General Practices-A Case-Control Study.;Gianacas C and Muscatello D and Blogg S and Kirk M and McIntyre P and Cheng A and Liu B;35395082;Yes;;2022;6;2021;9;No;Yes;10;No;AU;AU;NPS MedicineWise;AU;9.0
EGFR Testing Patterns and Detection of EGFR Exon 20 Insertions in the United States.;Lin HM and Yin Y and Crossland V and Wu Y and Ou SI;35199057;Yes;;2022;3;2021;9;No;Yes;2;No;US;US;Flatiron Health;US;6.0
Association between timely targeted treatment and outcomes in patients with metastatic HER2-overexpressing gastroesophageal adenocarcinoma.;Lau-Min KS and Li Y and Eads JR and Mamtani R and Getz KD;35119688;Yes;;2022;5;2021;7;No;Yes;2;No;US;US;Flatiron Health;US;10.0
Stigma and psychological distress among pediatric participants in the FD/MAS Alliance Patient Registry.;Konradi A;33853566;No (excluded in title and abstract screening);Anonymous survey;2021;4;2020;11;No;Yes;;;;;;;5.0
Impact of the COVID-19 pandemic on remote mental healthcare and prescribing in psychiatry: an electronic health record study.;Patel R and Irving J and Brinn A and Broadbent M and Shetty H and Pritchard M and Downs J and Stewart R and Harland R and McGuire P;33785494;Yes;;2021;3;na;na;No;Yes;5;Yes;GB;GB;South London and Maudsley NHS Foundation Trust;GB;
Increased HIV testing in people who use drugs hospitalized in the first wave of the COVID-19 pandemic.;Zubiago J and Murphy M and Guardado R and Daudelin D and Patil D and Wurcel A;33771274;Yes;;2021;5;2020;6;No;Yes;1;Yes;US;US;Tufts Medical Center;US;11.0
Smoking cessation pharmacotherapy use during index hospital admission following cystectomy for bladder cancer: A retrospective cohort study.;Rapoport E and Bjurlin MA and Furberg H and Donahue TF and Taneja SS and Bochner BH and Ostroff JS and Matulewicz RS;36529654;No (excluded before screening);Outside the search period;2023;6;2022;8;No;Yes;;;;;;;10.0
Association of Rosuvastatin Use with Risk of Hematuria and Proteinuria.;Shin JI and Fine DM and Sang Y and Surapaneni A and Dunning SC and Inker LA and Nolin TD and Chang AR and Grams ME;35853713;Yes;;2022;9;2022;2;No;Yes;18;No;US;US;Optum;US;7.0
The Longitudinal Course of Low-anterior Resection Syndrome: An individual Patient Meta-analysis.;Varghese C and Wells CI and O'Grady G and Christensen P and Bissett IP and Keane C;35185131;Yes;;2022;7;na;na;Yes;No;11;No;NZ;NZ;Multiple;various;
Studying the Clinical Data of COVID Positive Patients Admitted to a Tertiary Care Academic Hospital.;Arrieta J and Galwankar S and Lattanzio N and Ray D and Agrawal A;33013092;Yes;;2020;4;2020;5;No;Yes;22;Yes;US;IN;Sarasota Memorial Hospital;US;-1.0
Screening Candidates for Refractive Surgery With Corneal Tomographic-Based Deep Learning.;Xie Y and Zhao L and Yang X and Wu X and Yang Y and Huang X and Liu F and Xu J and Lin L and Lin H and Feng Q and Lin H and Liu Q;32215587;No (excluded in title and abstract screening);No tabular data;2020;5;na;na;No;Yes;;;;;;;
Clozapine-Associated Leukopenia and Agranulocytosis in Western Cape, South Africa: A 3-Year Retrospective Cohort Study.;Geldenhuys C and Zunza M and Tiffin N and Koen L and Decloedt EH;33843819;No (not retrieved);Not retrieved;2021;5;na;na;No;Yes;;;;;;;
Improved Appropriateness of Advanced Diagnostic Imaging After Implementation of Clinical Decision Support Mechanism.;Chepelev LL and Wang X and Gold B and Bonzel CL and Rybicki F Jr and Uyeda JW and Sheikh A and Anderson D and Lindaman J and Mogel G and Mitsouras D and Mahoney MC and Cai T and Rybicki FJ;33634414;No (excluded in title and abstract screening);No tabular data;2021;4;na;na;No;Yes;;;;;;;
Paracetamol Use in Patients With Osteoarthritis and Lower Back Pain: Infodemiology Study and Observational Analysis of Electronic Medical Record Data.;Pickering G and Mezouar L and Kechemir H and Ebel-Bitoun C;36301591;Yes;;2022;10;2022;3;No;Yes;13;No;FR;FR;Multiple;FR;7.0
Identifying potentially avoidable femoral to popliteal expanded polytetrafluoroethylene bypass for claudication using cross-site blinded peer review.;Howard R and Albright J and Fleckenstein R and Forrest A and Osborne N and Corriere MA and Seth M and Laveroni E and Blebea J and Mouawad N and Henke P;36113823;No (excluded before screening);Outside the search period;2023;2;2022;6;No;Yes;;;;;;;8.0
Robustness Assessment of Images From a 0.35T Scanner of an Integrated MRI-Linac: Characterization of Radiomics Features in Phantom and Patient Data.;Ericsson-Szecsenyi R and Zhang G and Redler G and Feygelman V and Rosenberg S and Latifi K and Ceberg C and Moros EG;35521966;No (excluded in title and abstract screening);No tabular data;2022;1;na;na;No;Yes;;;;;;;
Preventing cancer therapy-related heart failure: the need for novel studies.;Fogarassy G and Vathy-Fogarassy Á and Kenessey I and Veress G and Polgár C and Forster T;32941327;No (excluded in full-paper screening);No access;2021;6;na;na;No;Yes;9;No;HU;HU;;;
Direct Ophthalmic Healthcare Resource Use among Patients with Geographic Atrophy in a Large Cohort from the United Kingdom.;Chakravarthy U and Bailey CC and Scanlon PH and McKibbin M and Khan RS and Mahmood S and Downey L and Dhingra N and Brand C and Brittain CJ and Willis JR and Venerus A and Muthutantri A and Cantrell RA;31416764;Yes;;2019;11;2018;12;No;Yes;7;No;GB;US;Multiple;GB;11.0
[Socio-demographic and clinical characteristics of adolescents hospitalized in French units for inmates: Results of a cross-sectional study].;Buyle-Bodin S and Amad A and Medjkane F and Bourion-Bedes S and Thomas P and Fovet T;30340780;No (excluded before screening);not English;2019;6;2018;5;No;Yes;;;;;;;13.0
Temporal changes in the pattern of invasive angiography use and its outcome in suspected coronary artery disease: implications for patient management and healthcare resources utilization.;Chmiel J and Książek MK and Stryszak W and Iwaszczuk P and Hołda MK and Świtacz G and Kozanecki A and Wilkołek P and Rubiś P and Kopeć G and Odrowąż-Pieniążek P and Przewłocki T and Tracz W and Podolec P and Musiałek P;30302100;Yes;;2018;na;2018;7;No;Yes;9;No;PL;PL;John Paul II Hospital;PL;
Real-World Treatment Patterns and Progression-Free Survival Associated with Anaplastic Lymphoma Kinase (ALK) Tyrosine Kinase Inhibitor Therapies for ALK+ Non-Small Cell Lung Cancer.;Jahanzeb M and Lin HM and Pan X and Yin Y and Wu Y and Nordstrom B and Socinski MA;32490560;Yes;;2020;10;2020;1;No;Yes;2;No;US;US;Flatiron Health;US;9.0
Epidemiology, Comorbidities, and Prescription Patterns of Korean Prurigo Nodularis Patients: A Multi-Institution Study.;Woo YR and Wang S and Sohn KA and Kim HS;35011837;Yes;;2021;12;2021;11;No;Yes;12;No;KR;KR;The Catholic University of Korea;KR;1.0
Evaluation of a modified radiographic union scale for tibial fractures scoring system in staged bilateral tibial plateau leveling osteotomy procedures and comparison of first and second side radiographic bone healing.;Walker KJ and Litterine-Kaufman J and Barnes RF and French JM and Tsai SL and Keys DA;36169234;No (excluded in title and abstract screening);No real-world application (findings not based on real-world data);2022;11;2022;2;No;Yes;;;;;;;9.0
Treatment Patterns and Healthcare Resource Utilization Among Patients with Atopic Dermatitis: A Retrospective Cohort Study Using German Health Claims Data.;Schild M and Weber V and Thaçi D and Kisser A and Galetzka W and Enders D and Zügel F and Ohlmeier C and Gothe H;35871680;Yes;;2022;8;2022;3;Yes;No;12;No;DE;DE;InGef;DE;5.0
Database Analysis on the Relationships Between Nonsteroidal Anti-inflammatory Drug Treatment Variables and Incidence of Acute Myocardial Infarction in Japanese Patients with Osteoarthritis and Chronic Low Back Pain.;Kikuchi S and Togo K and Ebata N and Fujii K and Yonemoto N and Abraham L and Katsuno T;33544304;Yes;;2021;3;2020;11;No;Yes;6;No;JP;JP;Japanese Medical Data Center;JP;4.0
An Exploratory Analysis of Real-World End Points for Assessing Outcomes Among Immunotherapy-Treated Patients With Advanced Non-Small-Cell Lung Cancer.;Stewart M and Norden AD and Dreyer N and Henk HJ and Abernethy AP and Chrischilles E and Kushi L and Mansfield AS and Khozin S and Sharon E and Arunajadai S and Carnahan R and Christian JB and Miksad RA and Sakoda LC and Torres AZ and Valice E and Allen J;31335166;Yes;;2019;7;na;na;No;Yes;2;No;US;US;Optum, Flatiron;US;
Real-world healthcare resource utilization related to migraine treatment failure: a panel-based chart review in France, Germany, Italy, and Spain.;Vo P and Gao W and Zichlin ML and Fuqua E and Fadli E and Aguirre Vazquez M and Tarancón T and Mahieu N and Maier-Peuschel M and Rossi S and Naclerio M and Ritrovato D and Swallow E;31234672;Yes;;2019;9;na;na;Yes;No;6;No;CH;US;Multiple;FR, DE, IT, ES;
Prevalence of clinically apparent hypertrophic cardiomyopathy in Germany-An analysis of over 5 million patients.;Husser D and Ueberham L and Jacob J and Heuer D and Riedel-Heller S and Walker J and Hindricks G and Bollmann A;29723226;Yes;;2018;5;2017;11;Yes;No;9;No;DE;DE;InGef;DE;6.0
[Sex Disparities in Treatment and Outcome of Patients with Lower Extremity Arterial Disease: A Secondary Data Analysis].;Makowski L and Feld J and Engelbertz C and Köppe J and Kühnemund L and Fischer A and Lange SA and Dröge P and Ruhnke T and Günster C and Malyar N and Gerß J and Freisinger E and Reinecke H;36170865;No (excluded before screening);not English;2023;3;na;na;No;Yes;;;;;;;
Preclinical Pediatric Care by Emergency Physicians: A Comparison of Trauma and Nontrauma Patients in a Population-Based Study in Austria.;Vetschera A and Beliveau V and Esswein K and Linzmeier K and Gozzi R and Hohlrieder M and Simma B;35696293;No (excluded in title and abstract screening);No tabular data;2022;7;na;na;No;Yes;;;;;;;
Impact of coronavirus disease 2019 epidemics on prevention and care for HIV and other sexually transmitted infections.;de Lazzari E and Martínez-Mimbrero A and Chivite I and González-Cordón A and Mosquera MM and Laguno M and Costa J and Bosch J and Blanco JL and Álvarez-Martinez M and Ugarte A and Inciarte A and de la Mora L and Torres B and Martínez-Rebollar M and Ambrosioni J and Fernaández E and Hurtado JC and Mallolas J and Miró JM and Marcos MA and Martínez E;35013084;Yes;;2022;5;na;na;No;Yes;1;Yes;ES;ES;Not precisely specified;ES;
Activities of Daily Living Are Improved by Inpatient Multimodal Complex Treatment for PD-a Real-World Cohort Study.;Ziegler K and Messner M and Paulig M and Starrost K and Reuschenbach B and Fietzek UM and Ceballos-Baumann AO;36698998;No (excluded before screening);Outside the search period;2023;1;2022;1;No;Yes;;;;;;;12.0
Probability of Medication Intensifications in Rheumatoid Arthritis Patients With Low Disease Activity Scores on Their Patient-Reported Outcomes: A Medical-Records Review Study.;Seppen BF and Verkleij SJ and Wiegel J and Ter Wee MM and Nurmohamed MT and Bos WH;35905459;Yes;;2022;12;na;na;No;Yes;13;No;NL;NL;Reade;NL;
Achieving Lower LDL-C Levels After a Recent Myocardial Infarction Might Be Associated with Lower Healthcare Resource Use and Costs in Spain.;Escobar-Cervantes C and Villa G and Campos-Tapias I and Sorio-Vilela F and Lozano J and Kahangire DA and Fernandez-Delgado M and Sicras-Navarro A and Sicras-Mainar A;35689725;Yes;;2022;8;2022;3;No;Yes;9;No;ES;ES;Multiple;ES;5.0
Exercise-Based Cardiac Rehabilitation Associates with Lower Major Adverse Cardiovascular Events in People with Stroke.;Buckley BJR and Harrison SL and Fazio-Eynullayeva E and Underhill P and Lane DA and Thijssen DHJ and Lip GYH;34929696;Yes;;2022;;2021;8;No;Yes;9;No;GB;GB;TriNetX;various;
Treatment patterns and persistence rates with anti-vascular endothelial growth factor treatment for diabetic macular oedema in the UK: A real-world study.;Peto T and Akerele T and Sagkriotis A and Zappacosta S and Clemens A and Chakravarthy U;34796985;Yes;;2022;4;2021;4;No;Yes;4;No;GB;GB;Multiple;GB;12.0
Frequency of Health Care Resource Utilization and Direct Medical Costs Associated with Psoriatic Arthritis in a Rheumatic Care Center in Colombia.;Santos-Moreno P and Gómez-De la Rosa F and Parra-Padilla D and Alvis-Zakzuk NJ and R Alvis-Zakzuk N and Carrasquilla-Sotomayor M and Valencia O and Alvis-Guzmán N;33777724;Yes;;2021;3;2020;8;No;Yes;12;No;CO;CO;Not precisely specified;CO;7.0
The Prevalence and Diagnostic Ratio of Familial Hypercholesterolemia (FH) and Proportion of Acute Coronary Syndrome in Japanese FH Patients in a Healthcare Record Database Study.;Teramoto T and Sawa T and Iimuro S and Inomata H and Koshimizu T and Sakakibara I and Hiramatsu K;32636924;Yes;;2020;7;2019;12;No;Yes;4;No;JP;JP;Nomura Research Institute, Teikyo University Hospital;JP;7.0
A validated natural language processing algorithm for brain imaging phenotypes from radiology reports in UK electronic health records.;Wheater E and Mair G and Sudlow C and Alex B and Grover C and Whiteley W;31500613;No (excluded in title and abstract screening);No tabular data;2019;9;2019;5;No;Yes;;;;;;;4.0
Accuracy, Utilization, and Effectiveness Comparisons of Different Continuous Glucose Monitoring Systems.;Welsh JB and Gao P and Derdzinski M and Puhr S and Johnson TK and Walker TC and Graham C;30681379;Yes;;2019;3;na;na;Yes;No;4;No;US;US;Dexcom;US;
Calcium channel blockers are associated with improved survival and lower cardiovascular mortality in patients with renovascular disease.;Deshmukh H and Barker E and Anbarasan T and Levin D and Bell S and Witham MD and George J;30372589;Yes;;2018;12;2018;8;No;Yes;9;No;GB;GB;Tayside Health Informatics Centre;GB;4.0
Predicting the risk of childhood overweight and obesity at 4-5 years using population-level pregnancy and early-life healthcare data.;Ziauddeen N and Wilding S and Roderick PJ and Macklon NS and Smith D and Chase D and Alwan NA;32389121;Yes;;2020;5;2019;12;No;Yes;4;No;GB;GB;University Hospital Southampton;GB;5.0
The impact of the first UK COVID-19 lockdown on presentations with psychosis to mental health services for older adults: An electronic health records study in South London.;Simkin L and Yung P and Greig F and Perera G and Tsamakis K and Rizos E and Stewart R and Velayudhan L and Mueller C;36333839;Yes;;2022;12;2022;5;No;Yes;5;Yes;GB;GB;South London and Maudsley NHS Foundation Trust;GB;7.0
Cardiovascular vulnerability predicts hospitalisation in primary care clinically suspected and confirmed COVID-19 patients: A model development and validation study.;van Royen FS and Joosten LPT and van Smeden M and Slottje P and Rutten FH and Geersing GJ and van Doorn S;35404964;Yes;;2022;4;2021;10;No;Yes;9;Yes;NL;NL;Multiple;NL;6.0
COVID-19 mitigation measures in primary schools and association with infection and school staff wellbeing: An observational survey linked with routine data in Wales, UK.;Marchant E and Griffiths L and Crick T and Fry R and Hollinghurst J and James M and Cowley L and Abbasizanjani H and Torabi F and Thompson DA and Kennedy J and Akbari A and Gravenor MB and Lyons RA and Brophy S;35226680;No (excluded in full-paper screening);Anonymous survey;2022;;2021;8;No;Yes;22;Yes;GB;GB;;GB;
Hormonal contraception and the risk of severe asthma exacerbation: 17-year population-based cohort study.;Nwaru BI and Tibble H and Shah SA and Pillinger R and McLean S and Ryan DP and Critchley H and Price DB and Hawrylowicz CM and Simpson CR and Soyiri IN and Appiagyei F and Sheikh A;33234554;Yes;;2021;2;2020;6;Yes;No;10;No;SE;GB;Optimum Patient Care Research Database;GB;8.0
The role of social risk factors and engagement with maternity services in ethnic disparities in maternal mortality: A retrospective case note review.;Cosstick E and Nirmal R and Cross-Sudworth F and Knight M and Kenyon S;35923429;Yes;;2022;10;2022;2;No;Yes;16;No;GB;GB;Multiple;GB;8.0
A retrospective study of treatment persistence and adherence to mirabegron versus antimuscarinics, for the treatment of overactive bladder in Spain.;Nazir J and Hakimi Z and Guelfucci F and Khemiri A and Fatoye F and Blázquez AMM and González MH;30180826;Yes;;2018;9;2018;2;No;Yes;14;No;GB;ES;Spanish Cegedim Electronic Medical Records database;ES;7.0
Transparency in quality of radiotherapy for breast cancer in the Netherlands: a national registration of radiotherapy-parameters.;Maliko N and Stam MR and Boersma LJ and Vrancken Peeters MTFD and Wouters MWJM and KleinJan E and Mulder M and Essers M and Hurkmans CW and Bijker N;35413924;No (excluded in title and abstract screening);No real-world application (findings not based on real-world data);2022;4;2021;9;Yes;No;;;;;;;7.0
EPAC-lung: European pooled analysis of the prognostic value of circulating tumour cells in small cell lung cancer.;Foy V and Lindsay CR and Carmel A and Fernandez-Gutierrez F and Krebs MG and Priest L and Carter M and Groen HJM and Hiltermann TJN and de Luca A and Farace F and Besse B and Terstappen L and Rossi E and Morabito A and Perrone F and Renehan A and Faivre-Finn C and Normanno N and Dive C and Blackhall F and Michiels S;34012782;No (excluded in title and abstract screening);No real-world application (findings not based on real-world data);2021;4;na;na;No;Yes;;;;;;;
Response bias to a randomised controlled trial of a lifestyle intervention in people at high risk of cardiovascular disease: a cross-sectional analysis.;Bayley A and Stahl D and Ashworth M and Cook DG and Whincup PH and Treasure J and Greenough A and Ridge K and Winkley K and Ismail K;30180833;Yes;;2018;9;2018;3;No;Yes;9;No;GB;GB;Multiple;GB;6.0
Neurological and psychiatric risk trajectories after SARS-CoV-2 infection: an analysis of 2-year retrospective cohort studies including 1 284 437 patients.;Taquet M and Sillett R and Zhu L and Mendel J and Camplisson I and Dercon Q and Harrison PJ;35987197;Yes;;2022;10;2022;5;No;Yes;22;Yes;GB;GB;TriNetX;US, AU, GB, ES, IN, MY, TW, BG;5.0
Long-term impact of pre-incision antibiotics on children born by caesarean section: a longitudinal study based on UK electronic health records.;Šumilo D and Nirantharakumar K and Willis BH and Rudge GM and Martin J and Gokhale K and Thayakaran R and Adderley NJ and Chandan JS and Okoth K and Harris IM and Hewston R and Skrybant M and Deeks JJ and Brocklehurst P;35781133;Yes;;2022;6;na;na;Yes;Yes;15;No;GB;GB;Clinical Practice Research Datalink, The Health Improvement Network;GB;
Application of machine learning and natural language processing for predicting stroke-associated pneumonia.;Tsai HC and Hsieh CY and Sung SF;36249261;Yes;;2022;;2022;8;No;Yes;10;No;TW;TW;Ditmanson Medical Foundation Chia-Yi Christian Hospital, Not precisely specified healthcare facility;TW;
Submaximal Angiotensin-Converting Enzyme Inhibitor and Angiotensin Receptor Blocker Dosing Among Persons With Proteinuria.;Chu CD and Powe NR and Estrella MM and Shlipak MG and McCoy IE and Tuot DS;36210196;Yes;;2022;11;2022;4;No;Yes;18;No;US;US;Optum;US;7.0
Risk Factors for Postoperative Ileus in Patients Undergoing Spine Surgery.;Hendrickson NR and Zhang Y and Amoafo L and Randell Z and Rasmussen M and Zeidan M and Shorten P and Brodke DS and Spina N and Lawrence BD and Spiker WR;35129418;No (excluded before screening);Outside the search period;2023;10;na;na;No;Yes;;;;;;;
First American College of Surgeons National Surgical Quality Improvement Program Report from a Low-Middle-Income Country: A 1-Year Outcome Analysis of Neurosurgical Cases.;Hussain MM and Bibi F and Shah S and Mitha R and Shamim MS and Ziauddin A and Zafar H;34403795;Yes;;2021;11;2021;5;No;Yes;;No;PK;PK;Aga Khan University Hospital;PK;6.0
Treatment with Repository Corticotropin Injection in Patients with Rheumatoid Arthritis, Systemic Lupus Erythematosus, and Dermatomyositis/Polymyositis.;Ho-Mahler N and Turner B and Eaddy M and Hanke ML and Nelson WW;32110122;Yes;;2020;;2019;9;No;Yes;13;No;US;US;Multiple;US;
The Effects of Ultraviolet C Irradiation in the Treatment of Chronic Wounds: A Retrospective, Descriptive Study.;Yarboro D and Millar A and Smith R;31373559;Yes;;2019;7;na;na;No;Yes;12;No;US;US;Northern Hospital of Surry County;US;
[Management of immunosuppressive therapy in kidney transplant recipients with COVID19. A multicentre national study derived form the S.E.N. COVID registry.].;López-Oliva MO and Pérez-Flores I and Molina M and José Aladrén M and Trujillo H and Redondo-Pachón D and López V and Facundo C and Villanego F and Rodríguez M and Carmen Ruiz M and Antón P and Rivas-Oural A and Cabello S and Portolés J and de la Vara L and Tabernero G and Valero R and Galeano C and Moral E and Ventura A and Coca A and Muñoz MÁ and Hernández-Gallego R and Shabaka A and Ledesma G and Martínez P and Ángeles Rodríguez M and Tamajón LP and Cruzado L and Emilio Sánchez J and Jiménez C;35528867;No (excluded before screening);not English;2022;4;2021;12;No;Yes;;;;;;;4.0
Generalizability of ORIENT-11 trial results to a US standard-of-care cohort with advanced non-small-cell lung cancer.;Nagasaka M and Molife C and Cui ZL and Stefaniak V and Li X and Kim S and Lee HY and Beyrer J and Blumenschein G;35354280;Yes;;2022;5;na;na;No;Yes;2;No;US;US;Flatiron Health;US;
Trends in characteristics and outcomes among US adults hospitalised with COVID-19 throughout 2020: an observational cohort study.;Page JH and Londhe AA and Brooks C and Zhang J and Sprafka JM and Bennett C and Braunlin M and Brown CA and Charuworn P and Cheng A and Gill K and He F and Ma J and Petersen J and Ayodele O and Bao Y and Carlson KB and Chang SC and Devercelli G and Jonsson-Funk M and Jiang J and Keenan HA and Ren K and Roehl KA and Sanders L and Wang L and Wei Z and Xia Q and Yu P and Zhou L and Zhu J and Gondek K and Critchlow CW and Bradbury BD;35228287;Yes;;2022;2;na;na;No;Yes;22;Yes;US;US;Optum;US;
Exploring Large Community- and Clinically-Generated Datasets to Understand Resilience Before and During the COVID-19 Pandemic.;Monsen KA and Austin RR and Goparaju B and Clarence Jones R and Mathiason MA and Pirsch A and Eder M;33811723;Yes;;2021;5;na;na;No;Yes;22;Yes;US;US;University of Minnesota;US;
Contrasting Hygiene-Related Gastrointestinal Infections and Stress-Related Diseases at a Primary Health Care Facility within a Sub-Saharan African City: Before and during the COVID-19 Pandemic.;Tetteh-Quarcoo PB and Afutu E and Wiafe-Ansong M and Kotey FCN and Dayie NTKD and Donkor ES and Ahenkorah J and Udofia EA and Ayeh-Kumi PF and Dzudzor B and Asiedu-Gyekye IJ;36648867;Yes;;2022;12;2022;10;No;Yes;1;Yes;GH;GH;Korle Bu Polyclinic;GH;2.0
SPOP Mutations as a Predictive Biomarker for Androgen Receptor Axis-Targeted Therapy in De Novo Metastatic Castration-Sensitive Prostate Cancer.;Swami U and Graf RP and Nussenzveig RH and Fisher V and Tukachinsky H and Schrock AB and Li G and Ross JS and Sayegh N and Tripathi N and Mathew Thomas V and Oxnard GR and Antonarakis ES and Agarwal N;36088616;Yes;;2022;11;2022;7;Yes;No;2;No;US;US;Flatiron Health;US;4.0
Disparities Exist in Physical Therapy Utilization and Time to Utilization Between Black and White Patients With Musculoskeletal Pain.;Richter RR and Chrusciel T and Salsich G and Austin T and Scherrer JF;35871435;Yes;;2022;10;2021;6;No;Yes;13;No;US;US;Optum;US;16.0
Annual Costs Incurred in Managing Adverse Drug Reactions Attributable to Fixed-Dose Combination Highly Active Antiretroviral Therapy in an Outpatient Antiretroviral Clinic in Gauteng: A Budget Impact Analysis.;Chikeya G and Oosthuizen F and Bangalee V;34130039;Yes;;2021;9;2020;8;No;Yes;1;No;ZA;ZA;Not precisely specified;ZA;13.0
Prevalence of Anemia and Compliance With NCCN Guidelines for Evaluation and Treatment of Anemia in Patients With Gynecologic Cancer.;Hufnagel DH and Mehta ST and Ezekwe C and Brown AJ and Beeghly-Fadiel A and Prescott LS;33524941;Yes;;2021;5;2020;5;No;Yes;2;No;US;US;Vanderbilt University Medical Center;US;12.0
Low Rate of SARS-CoV-2 Infection in Adults With Active Cancer Diagnosis in a Nonendemic Region in the United States.;Puckett Y and Wilke L and Weber S and Parkes A and LoConte NK;33428842;Yes;;2020;12;na;na;No;Yes;2;Yes;US;US;Not precisely specified;US;
Right-Site Care Programme with a community-based family medicine clinic in Singapore: secondary data analysis of its impact on mortality and healthcare utilisation.;Ang IYH and Ng SH and Rahman N and Nurjono M and Tham TY and Toh SA and Wee HL;31892645;Yes;;2019;12;na;na;No;Yes;;No;SG;SG;Multiple;SG;
Lymphedema-associated comorbidities and treatment gap.;Son A and O'Donnell TF Jr and Izhakoff J and Gaebler JA and Niecko T and Iafrati MA;31248833;Yes;;2019;9;2018;12;Yes;No;9;No;US;US;Blue Health Intelligence;US;9.0
Place of death in a small island state: a death certificate population study.;Jennings N and Chambaere K and Deliens L and Cohen J;30659046;Yes;;2020;9;2018;8;No;Yes;;No;BE;BE;Central Statistical Office of Trinidad and Tobago;TT;25.0
Sociodemographic and Clinical Characteristics of Transgender Adults in Australia.;Cheung AS and Ooi O and Leemaqz S and Cundill P and Silberstein N and Bretherton I and Thrower E and Locke P and Grossmann M and Zajac JD;30596151;Yes;;2018;na;na;na;No;Yes;;No;AU;AU;Multiple;AU;
The challenges facing deep learning-based catheter localization for ultrasound guided high-dose-rate prostate brachytherapy.;Liu D and Tupor S and Singh J and Chernoff T and Leong N and Sadikov E and Amjad A and Zilles S;35118676;No (excluded in title and abstract screening);No tabular data;2022;4;2021;8;No;Yes;;;;;;;8.0
GERD-A Burning Problem after Sleeve Gastrectomy?;Znamirowski P and Bryk P and Lewitowicz P and Kozieł D and Głuszek S;34682573;Yes;;2021;10;2021;9;No;Yes;11;No;PL;PL;Provincial Hospital in Kielce;PL;1.0
[Perioperative lethality after endovascular and open repair of ruptured abdominal aortic aneurysms: An analysis of administrative data of the AOK health insurance fund].;Svidlova Y and Epple J and Schmitz-Rixen T and Steffen M and Böckler D and Steinbauer M and Grundmann RT;35941041;No (excluded before screening);not English;2022;9;2022;1;No;Yes;;;;;;;8.0
Incidence, Mortality and Survival in Young People with Co-Occurring Mental Disorders and Substance Use: A Retrospective Linked Routine Data Study in Wales.;Rees S and Watkins A and Keauffling J and John A;35058718;Yes;;2022;1;2021;6;No;Yes;5;No;GB;GB;SAIL Databank;GB;7.0
The prevalence of malnutrition and impact on patient outcomes among older adults presenting at an Irish emergency department: a secondary analysis of the OPTI-MEND trial.;Griffin A and O'Neill A and O'Connor M and Ryan D and Tierney A and Galvin R;33160319;Yes;;2020;11;2020;6;Yes;No;4;No;IE;IE;University Hospital Limerick;IE;5.0
Impact of the COVID-19 pandemic on delays in surgical procedures in Germany: a multi-center analysis of an administrative registry of 176,783 patients.;Hunger R and König V and Stillger R and Mantke R;35765000;Yes;;2022;6;2022;3;No;Yes;;Yes;DE;DE;Multiple;DE;3.0
Relationship Between Maximal Left Ventricular Wall Thickness and Sudden Cardiac Death in Childhood Onset Hypertrophic Cardiomyopathy.;Norrish G and Ding T and Field E and Cervi E and Ziółkowska L and Olivotto I and Khraiche D and Limongelli G and Anastasakis A and Weintraub R and Biagini E and Ragni L and Prendiville T and Duignan S and McLeod K and Ilina M and Fernández A and Marrone C and Bökenkamp R and Baban A and Kubus P and Daubeney PEF and Sarquella-Brugada G and Cesar S and Klaassen S and Ojala TH and Bhole V and Medrano C and Uzun O and Brown E and Gran F and Sinagra G and Castro FJ and Stuart G and Vignati G and Yamazawa H and Barriales-Villa R and Garcia-Guereta L and Adwani S and Linter K and Bharucha T and Garcia-Pavia P and Siles A and Rasmussen TB and Calcagnino M and Jones CB and De Wilde H and Kubo T and Felice T and Popoiu A and Mogensen J and Mathur S and Centeno F and Reinhardt Z and Schouvey S and O'Mahony C and Omar RZ and Elliott PM and Kaski JP;35491873;Yes;;2022;5;na;na;No;Yes;9;No;GB;GB;Multiple;various;
Pediatric solid organ injury - frequency of abdominal imaging is determined by the treating department.;Zimmermann P and Schmidt T and Nelson J and Gosemann JH and Bassler S and Stahmeyer JT and Hirsch FW and Lacher M and Zeidler J;33157961;Yes;;2020;11;na;na;No;Yes;19;No;DE;DE;Multiple;DE;
Patient characteristics, adherence, and costs of oral anticoagulation therapy in non-valvular atrial fibrillation using the Dubai Real-World Claims Database.;El Kadri M and Ghorab A and Joury J and Farghaly M and Awad N and Ramachandrachar BC and Natarajan A;33996647;Yes;;2021;4;na;na;No;Yes;9;No;AE;AE;Dubai Real-World Claims Database;AE;
[Prevalence, Costs of Medical Treatment and Modalities of Dialysis-dependent Chronic Renal Failure in Germany: Comparison of Dialysis Care of Nursing Home Residents and in Outpatient Units].;Häckl D and Kossack N and Schoenfelder T;33450773;No (excluded before screening);not English;2021;10;na;na;Yes;No;;;;;;;
The Needs and Benefits of Continuous Model Updates on the Accuracy of RT-Induced Toxicity Prediction Models Within a Learning Health System.;Nakatsugawa M and Cheng Z and Kiess A and Choflet A and Bowers M and Utsunomiya K and Sugiyama S and Wong J and Quon H and McNutt T;30300689;Yes;;2019;2;2018;8;No;Yes;;No;JP;US;Not precisely specified;US;6.0
Comparing the International Classification of Functioning, Disability, and Health Core Sets for Hearing Loss and Otorhinolaryngology/Audiology Intake Documentation at Mayo Clinic.;Alfakir R and van Leeuwen LM and Pronk M and Kramer SE and Zapala DA;30289788;Yes;;2019;;na;na;No;Yes;8;No;US;US;Mayo Clinic;US;
Indirect neonatal hyperbilirubinemia in hospitalized neonates on the Thai-Myanmar border: a review of neonatal medical records from 2009 to 2014.;Thielemans L and Trip-Hoving M and Landier J and Turner C and Prins TJ and Wouda EMN and Hanboonkunupakarn B and Po C and Beau C and Mu M and Hannay T and Nosten F and Van Overmeire B and McGready R and Carrara VI;29895274;Yes;;2018;6;2017;8;No;Yes;16;No;TH;TH;Shoklo Malaria Research Unit;TH;10.0
Association of Chain Restaurant Advertising Spending With Obesity in US Adults.;Bleich SN and Soto MJ and Jones-Smith JC and Wolfson JA and Jarlenski MP and Dunn CG and Frelier JM and Herring BJ;33026451;Yes;;2020;10;na;na;No;Yes;4;No;US;US;athena health;US;
Natural History of Human Epidermal Growth Factor Receptor 2-Amplified and Human Epidermal Growth Factor Receptor 2 Wild-Type Refractory Metastatic Colorectal Cancer in US Clinical Practice.;Schröder C and Gower-Page C and Reyes-Rivera I and Patel A and Price R and Sen S and Davies J and Castellanos E and Snider J and Bai X and Fisher V and Mhatre SK;35297649;Yes;;2022;3;na;na;No;Yes;2;No;CH;CA;Flatiron Health;US;
Evaluation and management of COVID-19-related severity in people with type 2 diabetes.;Wang B and Glicksberg BS and Nadkarni GN and Vashishth D;34493495;Yes;;2021;9;2021;3;No;Yes;4;Yes;US;US;Optum;US;6.0
Characterization of Non-Small-Cell Lung Cancers With MET Exon 14 Skipping Alterations Detected in Tissue or Liquid: Clinicogenomics and Real-World Treatment Patterns.;Lee JK and Madison R and Classon A and Gjoerup O and Rosenzweig M and Frampton GM and Alexander BM and Oxnard GR and Venstrom JM and Awad MM and Schrock AB;34476332;Yes;;2021;;2021;3;No;Yes;2;No;US;US;Flatiron Health;US;
Real-world evidence for option value in metastatic melanoma.;Wong WB and To TM and Li M and Lee W and Veenstra DL and Garrison LP Jr;34431715;Yes;;2021;11;na;na;No;Yes;2;No;US;US;Flatiron Health;US;
CYP2C19 Loss-of-Function Associated with First-Time Ischemic Stroke in Non-surgical Asymptomatic Carotid Artery Stenosis During Clopidogrel Therapy.;Patel PD and Niu X and Shannon CN and Denny JC and Peterson JF and Fusco MR and Chitale RV;33611730;Yes;;2022;2;2020;6;No;Yes;9;No;US;US;Vanderbilt University Medical Center;US;20.0
The U.S. National Trend for Retinopathy of Prematurity.;Aly H and Othman HF and Munster C and Das A and Sears J;33592666;Yes;;2022;10;na;na;No;Yes;16;No;US;US;Healthcare Cost and Utilization Project;US;
The Risk of Erectile Dysfunction Following Pelvic Angiographic Embolization in Pelvic Fracture Patients: A Nationwide Population-Based Cohort Study in Taiwan.;Hsu SD and Chen CJ and Wang ID and Lin KT and Wang CC and Chien WC and Chung CH and Chang WK;30242456;Yes;;2019;2;na;na;Yes;No;14;No;TW;TW;National Health Insurance Research Database;TW;
Equal access to outreach mental health care? Exploring how the place of residence influences the use of intensive home treatment in a rural catchment area in Germany.;Schwarz J and Hemmerling J and Kabisch N and Galbusera L and Heinze M and von Peter S and Wolff J;36572855;No (excluded in title and abstract screening);No real-world application (findings not based on real-world data);2022;12;2022;7;No;Yes;;;;;;;5.0
Characteristics and general practice resource use of people with comorbid cancer and dementia in England: a retrospective cross-sectional study.;Collinson M and Mason E and Kelley R and Griffiths A and Ashley L and Henry A and Inman H and Cowdell F and Hennell J and Jones L and Walsh M and Ogden M and Farrin A and Surr C;36371194;Yes;;2022;11;na;na;No;Yes;2;No;GB;GB;Multiple;GB;
Trazodone use and risk of dementia: A population-based cohort study.;Brauer R and Lau WCY and Hayes JF and Man KKC and Osborn DPJ and Howard R and Kim J and Wong ICK;30721226;Yes;;2019;2;2018;7;No;Yes;5;No;GB;GB;The Health Improvement Network;GB;7.0
Otomicroscopic and functional outcomes after cleft palate repair via Sommerlad intravelar veloplasty vs. modified Veau-Wardill-Kilner push-back.;Pollet N and Mennes T and Denys S and Loos E and Verhaert N and Vander Poorten V and Hens G;35998528;Yes;;2022;11;2022;4;Yes;No;17;No;BE;BE;University Hospitals Leuven;BE;7.0
[The role of interdisciplinary communication in the proper diagnostics of jaw cyst].;Cserni G and Cserni D and Zombori T and Baráth Z;33764023;No (excluded before screening);not English;2021;3;na;na;No;Yes;;;;;;;
A Retrospective Database Study of Gastrointestinal Events and Medical Costs Associated with Nonsteroidal Anti-Inflammatory Drugs in Japanese Patients of Working Age with Osteoarthritis and Chronic Low Back Pain.;Kikuchi S and Togo K and Ebata N and Fujii K and Yonemoto N and Abraham L and Katsuno T;33585939;Yes;;2021;5;na;na;No;Yes;13;No;JP;JP;JMDC database;JP;
Real-World Time on Treatment with First-Line Pembrolizumab Monotherapy for Advanced NSCLC with PD-L1 Expression ≥ 50%: 3-Year Follow-Up Data.;Velcheti V and Hu X and Li Y and El-Osta H and Pietanza MC and Burke T;35205788;Yes;;2022;2;2022;1;No;Yes;2;No;US;US;Flatiron Health;US;1.0
Impact of COVID-19 on telepsychiatry at the service and individual patient level across two UK NHS mental health Trusts.;Hong JS and Sheriff R and Smith K and Tomlinson A and Saad F and Smith T and Engelthaler T and Phiri P and Henshall C and Ede R and Denis M and Mitter P and D'Agostino A and Cerveri G and Tomassi S and Rathod S and Broughton N and Marlowe K and Geddes J and Cipriani A;34583940;Yes;;2021;11;2021;6;No;Yes;5;Yes;GB;GB;Oxford Health NHS Foundation Trust, Southern Health NHS Foundation Trust;GB;5.0
Monitoring New Symptoms After COVID-19 Infection Among Primary Care Patients in New York City.;Terlizzi K and Kutscher E and Yoncheva Y;34535527;Yes;;2021;9;2021;3;No;Yes;22;Yes;US;US;New York University Langone Health;US;6.0
Acute Ischemic Stroke and COVID-19: An Analysis of 27 676 Patients.;Qureshi AI and Baskett WI and Huang W and Shyu D and Myers D and Raju M and Lobanova I and Suri MFK and Naqvi SH and French BR and Siddiq F and Gomez CR and Shyu CR;33535779;Yes;;2021;3;na;na;No;Yes;9;Yes;US;US;Cerner Corporation;US;
Relationship between Metabolic Acidosis and Chronic Kidney Disease Progression across Racial and Ethnic Groups: An Observational, Retrospective Cohort Study.;Tangri N and Mathur V and Reaven N and Funk SE and Wesson DE;36349769;Yes;;2022;;2022;7;No;Yes;4;No;CA;US;Optum;US;
Post-Combat-Injury Opioid Prescription and Alcohol Use Disorder in the Military.;Alcover KC and Poltavskiy EA and Howard JT and Watrous JR and Janak JC and Walker LE and Stewart IJ;36127194;No (not retrieved);Not retrieved;2022;12;2022;4;No;Yes;;;;;;;8.0
Cardiac Comorbidity Risk Score: Zero-Burden Machine Learning to Improve Prediction of Postoperative Major Adverse Cardiac Events in Hip and Knee Arthroplasty.;Onishchenko D and Rubin DS and van Horne JR and Ward RP and Chattopadhyay I;35904198;Yes;;2022;8;na;na;No;Yes;9;No;US;US;Truven Health Analytics;US;
Use of ICD-10 Codes for Human Trafficking: Analysis of Data From a Large, Multisite Clinical Database in the United States.;Kerr PL and Bryant G;35775908;Yes;;2022;7;na;na;No;Yes;;No;US;US;TriNetX;US;
Dual antiplatelet therapy with cilostazol in stroke patients with extracranial arterial stenosis or without arterial stenosis: A subgroup analysis of the CSPS.com trial.;Uchiyama S and Toyoda K and Okamura S and Omae K and Hoshino H and Kimura K and Kitagawa K and Minematsu K and Yamaguchi T;35762581;No (excluded before screening);Outside the search period;2023;4;na;na;Yes;No;;;;;;;
Community treatment orders and associations with readmission rates and duration of psychiatric hospital admission: a controlled electronic case register study.;Barkhuizen W and Cullen AE and Shetty H and Pritchard M and Stewart R and McGuire P and Patel R;32139493;Yes;;2020;3;na;na;No;Yes;5;No;GB;GB;South London and Maudsley NHS Foundation Trust;GB;
Pembrolizumab Utilization and Outcomes for Advanced Melanoma in US Community Oncology Practices.;Cowey CL and Liu FX and Black-Shinn J and Stevinson K and Boyd M and Frytak JR and Ebbinghaus SW;29252916;Yes;;2018;;na;na;No;Yes;2;No;US;US;US Oncology Network ;US;
Safety risk associated with use of nonsteroidal anti-inflammatory drugs in Japanese elderly compared with younger patients with osteoarthritis and/or chronic low back pain: A retrospective database study.;Togo K and Ebata N and Yonemoto N and Abraham L;34538031;Yes;;2022;2;2021;6;No;Yes;13;No;JP;GB;Medical Data Vision ;JP;8.0
A checklist-based method for improving COPD care for the elderly in general practice: study protocol for a cluster randomized controlled trial using electronic health records.;Kowalczyk A and Zakowska I and Andrzejewska E and Kosiek K and Godycki-Cwirko M;33632282;No (excluded in title and abstract screening);No medical research (no new insights with direct relevance to health);2021;2;2020;7;No;Yes;;;;;;;7.0
Sociodemographic and clinical determinants of in-facility case fatality rate for 938 adult Ebola patients treated at Sierra Leone Ebola treatment center.;Kangbai JB and Heumann C and Hoelscher M and Sahr F and Froeschl G;32316923;Yes;;2020;4;2019;6;No;Yes;1;No;DE;DE;Multiple;SL;10.0
Nutritional management in newborn babies receiving therapeutic hypothermia: two retrospective observational studies using propensity score matching.;Gale C and Jeyakumaran D and Battersby C and Ougham K and Ojha S and Culshaw L and Selby E and Dorling J and Longford N;34096500;No (excluded in title and abstract screening);No real-world application (findings not based on real-world data);2021;6;na;na;Yes;No;;;;;;;
The role of spoken language in cardiovascular health inequalities: a cross-sectional study of people with non-English language preference.;Mackay A and Ashworth M and White P;30564693;Yes;;2018;1;2017;6;Yes;No;9;No;GB;GB;Lambeth DataNet;GB;7.0
Effects of early extubation followed by noninvasive ventilation versus standard extubation on the duration of invasive mechanical ventilation in hypoxemic non-hypercapnic patients: a systematic review and individual patient data meta-analysis of randomized controlled trials.;Vaschetto R and Pecere A and Perkins GD and Mistry D and Cammarota G and Longhini F and Ferrer M and Pletsch-Assunção R and Carron M and Moretto F and Qiu H and Della Corte F and Barone-Adesi F and Navalesi P;34074314;Yes;;2021;6;2021;3;No;Yes;10;No;IT;IT;Multiple;various;3.0
A form of secondary ovarian insufficiency (SOI) due to adrenal hypoandrogenism as new infertility diagnosis.;Gleicher N and Darmon S and Molinari E and Zhang L and Hu J and Albertini DF and Barad DH;33009651;Yes;;2021;4;2020;5;Yes;No;4;No;US;US;Not precisely specified;US;11.0
Episodes of care in a primary care walk-in clinic at a refugee camp in Germany - a retrospective data analysis.;Oltrogge JH and Schäfer I and Schlichting D and Jahnke M and Rakebrandt A and Pruskil S and Wagner HO and Lühmann D and Scherer M;32958030;Yes;;2020;9;2020;2;No;Yes;;No;DE;DE;Primary care walk-in clinic in Hamburg;DE;7.0
Clinical burden of illness in patients with phenylketonuria (PKU) and associated comorbidities - a retrospective study of German health insurance claims data.;Trefz KF and Muntau AC and Kohlscheen KM and Altevers J and Jacob C and Braun S and Greiner W and Jha A and Jain M and Alvarez I and Lane P and Schröder C and Rutsch F;31331350;Yes;;2019;7;2019;3;Yes;No;4;No;DE;DE;InGef;DE;4.0
Real life patterns of care and progression free survival in metastatic renal cell carcinoma patients: retrospective analysis of cross-sectional data.;Maroun R and Mitrofan L and Benjamin L and Nachbaur G and Maunoury F and Le Jeunne P and Durand-Zaleski I;29466966;Yes;;2018;2;2017;4;Yes;No;2;No;FR;FR;IQVIA-RWD;FR;10.0
Association Between Survival and Very High Versus High PD-L1 Expression in Patients Receiving Pembrolizumab as First-line Treatment for Advanced Non-Small Cell Lung Cancer.;Shah M and Marmarelis ME and Mamtani R and Hennessy S;35945127;No (not retrieved);Not retrieved;2022;12;2022;5;No;Yes;;;;;;;7.0
Outpatient Antibiotic Resistance Patterns of Escherichia coli Urinary Isolates Differ by Specialty Type.;Frisbie L and Weissman SJ and Kapoor H and D'Angeli M and Salm A and Radcliff J and Rabinowitz P;35727039;Yes;;2022;8;na;na;No;Yes;1;No;US;US;Not precisely specified;US;
Real-World Outcomes of Patients With BRAF-Mutated Metastatic Colorectal Cancer Treated in the United States.;Trunk A and Braithwaite M and Nevala-Plagemann C and Pappas L and Haaland B and Garrido-Laguna I;35130499;Yes;;2022;2;2020;11;No;Yes;2;No;US;US;Flatiron Health;US;15.0
Intracerebral Hemorrhage and Coronavirus Disease 2019 in a Cohort of 282,718 Hospitalized Patients.;Qureshi AI and Baskett WI and Huang W and Myers D and Lobanova I and Ishfaq MF and Naqvi SH and French BR and Chandrasekaran PN and Siddiq F and Gomez CR and Shyu CR;34231186;Yes;;2022;2;na;na;No;Yes;9;Yes;US;US;Cerner;US;
Impact of delaying initiation of anaplastic lymphoma kinase inhibitor treatment on survival in patients with advanced non-small-cell lung cancer.;Sheinson D and Wong WB and Wu N and Mansfield AS;32276206;Yes;;2020;5;2020;1;No;Yes;2;No;US;US;Flatiron Health;US;4.0
Health care resource use among patients with advanced non-small cell lung cancer: the PIvOTAL retrospective observational study.;Lee DH and Isobe H and Wirtz H and Aleixo SB and Parente P and de Marinis F and Huang M and Arunachalam A and Kothari S and Cao X and Donnini N and Woodgate AM and de Castro J;29490654;Yes;;2018;3;2017;4;No;Yes;2;No;JP;ES;Multiple;IT, ES, DE, AU, JP, KR, TW, BR;11.0
Virtual Clinical and Precision Medicine Tumor Boards-Cloud-Based Platform-Mediated Implementation of Multidisciplinary Reviews Among Oncology Centers in the COVID-19 Era: Protocol for an Observational Study.;Blasi L and Bordonaro R and Serretta V and Piazza D and Firenze A and Gebbia V;34387553;No (excluded in title and abstract screening);No real-world application (findings not based on real-world data);2021;9;2020;12;No;Yes;;;;;;;9.0
Identifying Predictors of Suicide in Severe Mental Illness: A Feasibility Study of a Clinical Prediction Rule (Oxford Mental Illness and Suicide Tool or OxMIS).;Senior M and Burghart M and Yu R and Kormilitzin A and Liu Q and Vaci N and Nevado-Holgado A and Pandit S and Zlodre J and Fazel S;32351413;No (excluded in title and abstract screening);No tabular data;2020;;2019;11;No;Yes;;;;;;;
[Early detection of mental health disorders at school: The Fil Harmonie pilot program].;Oppetit A and Brébant C and Monchablon D and Bourgin J and Gaillard R and Olié JP and Krebs MO and Morvan Y;28347523;No (excluded before screening);not English;2018;6;2016;10;Yes;No;;;;;;;20.0
Impact of COVID-19 pandemic on acute pancreatitis presentations, management, and in-hospital outcomes: a single-center, retrospective observational study from the northeast of China.;Du ZC and Zhang J and Li XJ and Zhang ZT and Bai KS and Wang ZM and Xu Y and Bai XW and Sun B;36600685;Yes;;2022;11;2022;6;No;Yes;11;Yes;CN;CN;"First Affiliated Hospital of Harbin 
Medical University, Qunli Branch 
Hospital";CN;5.0
Real-World Treatment Patterns and Health-Resource Utilization in Patients with Hepatocellular Carcinoma (HCC) Following Failure of Sorafenib: A Retrospective Chart Review of 127 Patients in South Korea.;Novick D and Cho JM and Colman S and Szende A;34905182;Yes;;2022;6;na;na;Yes;No;2;No;GB;GB;Multiple;KR;
Adverse outcomes from initiation of systemic corticosteroids for asthma: long-term observational study.;Price DB and Trudo F and Voorham J and Xu X and Kerkhof M and Ling Zhi Jie J and Tran TN;30214247;Yes;;2018;8;na;na;No;Yes;10;No;SG;US;Clinical Practice Research Datalink, Optimum Patient Care Research Database;GB;
Induction of IL-25 Expression in Human Nasal Polyp Epithelium by Influenza Virus Infection is Abated by Interferon-Alpha Pretreatment.;Hong H and Tan KS and Yan Y and Chen F and Ong HH and Oo Y and Liu J and Ong YK and Thong M and Sugrue R and Chow VT and Wang Y;34234504;No (excluded in title and abstract screening);No real-world application (findings not based on real-world data);2021;;2021;1;Yes;No;;;;;;;
A Retrospective Cross-Sectional Study of the Effect of Liposomal Bupivacaine on Postoperative Opioid Prescribing After Third Molar Extraction.;Lieblich SE and Misiek D and Olczak J and Fleck H and Waterman F;33744242;Yes;;2021;7;2020;4;No;Yes;11;No;US;US;Multiple;US;15.0
Burden of Glaucoma in the United Kingdom: A Multicenter Analysis of United Kingdom Glaucoma Services.;Fu DJ and Ademisoye E and Shih V and McNaught AI and Khawaja AP;35973529;No (excluded before screening);Outside the search period;2023;1;2022;5;No;Yes;;;;;;;8.0
Racial Differences in the Use of Aortic Valve Replacement for Treatment of Symptomatic Severe Aortic Valve Stenosis in the Transcatheter Aortic Valve Replacement Era.;Matthew Brennan J and Leon MB and Sheridan P and Boero IJ and Chen Q and Lowenstern A and Thourani V and Vemulapalli S and Thomas K and Wang TY and Peterson ED;32777969;Yes;;2020;8;na;na;No;Yes;9;No;US;US;Optum;US;
Unbiased Phenome-Wide Association Studies of Red Cell Distribution Width Identifies Key Associations with Pulmonary Hypertension.;Thayer TE and Huang S and Levinson RT and Farber-Eger E and Assad TR and Huston JH and Mosley JD and Wells QS and Brittain EL;30608875;Yes;;2019;5;na;na;No;Yes;9;No;US;US;Vanderbilt University Medical Center;US;
Survival status and predictors of mortality among traumatic brain injury patients in an Ethiopian hospital: A retrospective cohort study.;Amare AT and Tesfaye TD and Ali AS and Woelile TA and Birlie TA and Kebede WM and Tassew SF and Chanie ES and Fleke DG;34703730;Yes;;2021;12;2021;1;No;Yes;19;No;ET;ET;Felegehiwot Comprehensive Specialized Hospital;ET;11.0
Real-world outcomes of first-line pembrolizumab plus pemetrexed-carboplatin for metastatic nonsquamous NSCLC at US oncology practices.;Velcheti V and Hu X and Piperdi B and Burke T;33911121;Yes;;2021;4;2020;11;No;Yes;2;No;US;US;Flatiron Health;US;5.0
Proptosis and Diplopia Response With Teprotumumab and Placebo vs the Recommended Treatment Regimen With Intravenous Methylprednisolone in Moderate to Severe Thyroid Eye Disease: A Meta-analysis and Matching-Adjusted Indirect Comparison.;Douglas RS and Dailey R and Subramanian PS and Barbesino G and Ugradar S and Batten R and Qadeer RA and Cameron C;35175308;Yes;;2022;4;na;na;Yes;No;7;No;US;CA;Multiple;various;
Programmed Death-Ligand 1 Tumor Proportion Score and Overall Survival From First-Line Pembrolizumab in Patients With Nonsquamous Versus Squamous NSCLC.;Doroshow DB and Wei W and Gupta S and Zugazagoitia J and Robbins C and Adamson B and Rimm DL;34455068;Yes;;2021;12;2020;12;No;Yes;2;No;US;US;Flatiron Health;US;12.0
Voucher-Based Kidney Donation and Redemption for Future Transplant.;Veale JL and Nassiri N and Capron AM and Danovitch GM and Gritsch HA and Cooper M and Redfield RR and Kennealey PT and Kapur S;34160572;Yes;;2021;9;na;na;No;Yes;14;No;US;US;National Kidney Register Database;US;
A streamlined model for use in clinical breast cancer risk assessment maintains predictive power and is further improved with inclusion of a polygenic risk score.;Allman R and Spaeth E and Lai J and Gross SJ and Hopper JL;33481864;No (excluded in title and abstract screening);Anonymous survey;2021;;2020;4;No;Yes;;;;;;;
Risks of Multiple Skin Cancers in Organ Transplant Recipients: A Cohort Study in 2 Administrative Data Sets.;Wehner MR and Niu J and Wheless L and Baker LX and Cohen OG and Margolis DJ and Giordano SH and Shin TM;34668933;Yes;;2021;12;na;na;No;Yes;2;No;US;US;Optum;US;
An enhanced prognostic score for overall survival of patients with cancer derived from a large real-world cohort.;Becker T and Weberpals J and Jegg AM and So WV and Fischer A and Weisser M and Schmich F and Rüttinger D and Bauer-Mehren A;32739409;Yes;;2020;11;2020;3;No;Yes;2;No;DE;DE;Flatiron Health;US;8.0
Monitoring the Control of Sexually Transmissible Infections and Blood-Borne Viruses: Protocol for the Australian Collaboration for Coordinated Enhanced Sentinel Surveillance (ACCESS).;Callander D and Moreira C and El-Hayek C and Asselin J and van Gemert C and Watchirs Smith L and Nguyen L and Dimech W and Boyle DI and Donovan B and Stoové M and Hellard M and Guy R;30459142;No (excluded in title and abstract screening);No medical research (focus on data provision);2018;11;2018;5;No;Yes;;;;;;;6.0
Associations between multimorbidity and adverse health outcomes in UK Biobank and the SAIL Databank: A comparison of longitudinal cohort studies.;Hanlon P and Jani BD and Nicholl B and Lewsey J and McAllister DA and Mair FS;35255092;Yes;;2022;3;2021;6;No;Yes;;No;GB;GB;UK Biobank, SAIL Databank;GB;9.0
Achievement of European Society of Cardiology/European Atherosclerosis Society lipid targets in very high-risk patients: Influence of depression and sex.;Ellins EA and Harris DE and Lacey A and Akbari A and Torabi F and Smith D and Jenkins G and Obaid D and Chase A and John A and Gravenor MB and Halcox JP;35213664;Yes;;2022;;2021;12;No;Yes;9;No;GB;GB;SAIL Databank;GB;
The impact of the COVID-19 lockdown on HIV care in 65 South African primary care clinics: an interrupted time series analysis.;Dorward J and Khubone T and Gate K and Ngobese H and Sookrajh Y and Mkhize S and Jeewa A and Bottomley C and Lewis L and Baisley K and Butler CC and Gxagxisa N and Garrett N;33549166;Yes;;2021;3;2020;10;No;Yes;1;Yes;ZA;ZA;Multiple;ZA;5.0
Self-harm in a primary care cohort of older people: incidence, clinical management, and risk of suicide and other causes of death.;Morgan C and Webb RT and Carr MJ and Kontopantelis E and Chew-Graham CA and Kapur N and Ashcroft DM;30337211;Yes;;2018;11;2018;8;Yes;No;;No;GB;GB;Clinical Practice Research Datalink;GB;3.0
Protocol for Take-home naloxone In Multicentre Emergency (TIME) settings: feasibility study.;Jones M and Bell F and Benger J and Black S and Buykx P and Dixon S and Driscoll T and Evans B and Edwards A and Fuller G and Goodacre S and Hoskins R and Hughes J and John A and Jones J and Moore C and Sampson F and Watkins A and Snooks H;32670598;No (excluded in title and abstract screening);No real-world application (findings not based on real-world data);2020;;2020;1;No;Yes;;;;;;;
Dosage Frequency Effects on Treatment Outcomes Following Self-managed Digital Therapy: Retrospective Cohort Study.;Cordella C and Munsell M and Godlove J and Anantha V and Advani M and Kiran S;35857353;Yes;;2022;7;2022;1;No;Yes;9;No;US;US;Constant Therapy Health;US;6.0
Safety and preliminary efficacy of the Gam-COVID-Vac vaccine and outcomes of SARS-CoV-2 infection in Russian patients with genitourinary malignancies.;Tsimafeyeu I and Volkova M and Alekseeva G and Berkut M and Nosov A and Myslevtsev I and Andrianov A and Semenov A and Borisov P and Zukov R and Goutnik V and Savchuk S and Dengina N and Mitin T;34774086;Yes;;2021;11;2021;9;No;Yes;2;Yes;RU;US;Multiple;RU;2.0
Association of COVID-19 With Major Arterial and Venous Thrombotic Diseases: A Population-Wide Cohort Study of 48 Million Adults in England and Wales.;Knight R and Walker V and Ip S and Cooper JA and Bolton T and Keene S and Denholm R and Akbari A and Abbasizanjani H and Torabi F and Omigie E and Hollings S and North TL and Toms R and Jiang X and Angelantonio ED and Denaxas S and Thygesen JH and Tomlinson C and Bray B and Smith CJ and Barber M and Khunti K and Davey Smith G and Chaturvedi N and Sudlow C and Whiteley WN and Wood AM and Sterne JAC;36121907;Yes;;2022;9;na;na;No;Yes;22;Yes;GB;GB;NHS Digital, SAIL Databank;GB;
Association Between Peripheral Neuropathy and Exposure to Oral Fluoroquinolone or Amoxicillin-Clavulanate Therapy.;Morales D and Pacurariu A and Slattery J and Pinheiro L and McGettigan P and Kurz X;31034074;Yes;;2019;7;na;na;No;Yes;6;No;GB;GB;The Health Improvement Network;GB;
Iron overdose epidemiology, clinical features and iron concentration-effect relationships: the UK experience 2008-2017.;Bateman DN and Eagling V and Sandilands EA and Jackson G and Crawford C and Hawkins L and Cheung T and Cooper G and Bradberry SM and Thompson JP and Thomas SHL and Eddleston M;29587543;Yes;;2018;11;na;na;No;Yes;19;No;GB;GB;NPIS database;GB;
Use of distinct anti-hypertensive drugs and risk for COVID-19 among hypertensive people: A population-based cohort study in Southern Catalonia, Spain.;Vila-Corcoles A and Satue-Gracia E and Ochoa-Gondar O and Torrente-Fraga C and Gomez-Bertomeu F and Vila-Rovira A and Hospital-Guardiola I and de Diego-Cabanes C and Bejarano-Romero F and Rovira-Veciana D and Basora-Gallisa J;32710674;Yes;;2020;8;2020;6;Yes;No;9;Yes;ES;ES; CAPAMIS Research Database;ES;2.0
Prevalence, Incidence, and Sensitization Profile of β-lactam Antibiotic Allergy in Hong Kong.;Li PH and Yeung HHF and Lau CS and Au EYL;32374398;Yes;;2020;5;na;na;No;Yes;21;No;CN;CN;CN Hospital Authority;CN;
Strabismus Surgery Decreases the Risk of Injuries in Pediatric Patients in the OptumLabs Data Warehouse.;Pineles SL and Repka MX and Yu F and Velez FG and Perez C and Sim D and Coleman AL;34283972;No (not retrieved);Not retrieved;2022;4;2021;4;No;Yes;;;;;;;12.0
A Retrospective Study of Brain Metastases From Solid Malignancies: The Effect of Immune Checkpoint Inhibitors.;Du W and Sirbu C and Lucas BD Jr and Jubelirer SJ and Khalid A and Mei L;34513666;Yes;;2021;8;2021;2;No;Yes;2;No;US;US;TriNetX;unknown;6.0
CYP2C19 Loss-of-Function is Associated with Increased Risk of Ischemic Stroke after Transient Ischemic Attack in Intracranial Atherosclerotic Disease.;Patel PD and Vimalathas P and Niu X and Shannon CN and Denny JC and Peterson JF and Chitale RV and Fusco MR;33246208;Yes;;2021;2;2020;8;No;Yes;9;No;US;US;Vanderbilt University Medical Center;US;6.0
Characterization of tumor mutation burden, PD-L1 and DNA repair genes to assess relationship to immune checkpoint inhibitors response in metastatic renal cell carcinoma.;Labriola MK and Zhu J and Gupta RT and McCall S and Jackson J and Kong EF and White JR and Cerqueira G and Gerding K and Simmons JK and George D and Zhang T;32221016;Yes;;2020;3;na;na;No;Yes;2;No;US;US;Duke  Cancer  Institute;US;
Association of Nonsteroidal Anti-inflammatory Drug Prescriptions With Kidney Disease Among Active Young and Middle-aged Adults.;Nelson DA and Marks ES and Deuster PA and O'Connor FG and Kurina LM;30768191;Yes;;2019;2;na;na;No;Yes;14;No;US;US;U.S. Department of Defense;US;
Characteristics and outcomes of hospitalised adults with COVID-19 in a Global Health Research Network: a cohort study.;Zhu J and Wei Z and Suryavanshi M and Chen X and Xia Q and Jiang J and Ayodele O and Bradbury BD and Brooks C and Brown CA and Cheng A and Critchlow CW and Devercelli G and Gandhi V and Gondek K and Londhe AA and Ma J and Jonsson-Funk M and Keenan HA and Manne S and Ren K and Sanders L and Yu P and Zhang J and Zhou L and Bao Y;34362806;Yes;;2021;8;na;na;No;Yes;22;Yes;US;US;TriNetX;US, BT, AU, IN, MY, TW;
Adverse events and clinical outcomes in patients treated with PD-(L)1 blockade for advanced non-small-cell lung cancer.;Zhang Y and Doran C and Le TK and Dreyfus B and Kola N and Sylvester BE and Lal L and Penrod JR and Meadows Shropshire S;36942686;No (excluded in title and abstract screening);No real-world application (findings not based on real-world data);2022;12;na;na;No;Yes;;;;;;;
Real-world progression, treatment, and survival outcomes during rapid adoption of immunotherapy for advanced non-small cell lung cancer.;Khozin S and Miksad RA and Adami J and Boyd M and Brown NR and Gossai A and Kaganman I and Kuk D and Rockland JM and Pazdur R and Torres AZ and Zhi J and Abernethy AP;31381142;Yes;;2019;11;2019;2;No;Yes;2;No;US;US;Flatiron Health;US;9.0
Clinical Outcomes With Dabrafenib Plus Trametinib in a Clinical Trial Versus Real-World Standard of Care in Patients With BRAF-Mutated Advanced NSCLC.;Johnson BE and Baik CS and Mazieres J and Groen HJM and Melosky B and Wolf J and Zadeh Vosta Kolaei FA and Wu WH and Knoll S and Ktiouet Dawson M and Johns A and Planchard D;35592617;Yes;;2022;5;2022;2;Yes;No;2;No;US;FR;Flatiron Health;US;3.0
Characteristics, Comorbidities, and Outcomes of SARS-CoV-2 Infection in Patients With Autoimmune Conditions Treated With Systemic Therapies: A Population-based Study.;Curtis JR and Zhou X and Rubin DT and Reinisch W and Yazdany J and Robinson PC and Chen Y and Benda B and Madsen A and Geier J;34782447;Yes;;2022;3;na;na;No;Yes;22;Yes;US;US;Optum;US;
Association of mental health diagnosis with race and all-cause mortality after a cancer diagnosis: Large-scale analysis of electronic health record data.;Chen WC and Boreta L and Braunstein SE and Rabow MW and Kaplan LE and Tenenbaum JD and Morin O and Park CC and Hong JC;34550601;Yes;;2022;1;2021;3;No;Yes;2;No;US;US;University of California San Francisco;US;10.0
Unequal impact of the COVID-19 pandemic on paediatric cancer care: a population-based cohort study in China.;Xiao H and Liu F and He Y and Dai X and Liu Z and Jian W and Unger JM;35005670;Yes;;2022;2;2021;10;No;Yes;22;Yes;US;US;Jining Medical Hospital;CN;4.0
Stroke Risk as a Function of Atrial Fibrillation Duration and CHA(2)DS(2)-VASc Score.;Kaplan RM and Koehler J and Ziegler PD and Sarkar S and Zweibel S and Passman RS;31564126;Yes;;2019;11;na;na;No;Yes;9;No;US;US;Optum;US;
Real-World Utilisation and Bleed Rates in Patients with Haemophilia B Who Switched to Recombinant Factor IX Fusion Protein (rIX-FP): A Retrospective International Analysis.;Hermans C and Marino R and Lambert C and Mangles S and Sommerer P and Rives V and Maro G and Malcangi G;32333327;Yes;;2020;6;2020;1;No;Yes;3;No;BE;IT;Multiple;IT, BE, GB;5.0
Risk of Unnatural Mortality in People With Epilepsy.;Gorton HC and Webb RT and Carr MJ and DelPozo-Banos M and John A and Ashcroft DM;29630689;Yes;;2018;8;na;na;Yes;No;6;No;GB;GB;SAIL Databank, Clinical Practice Research Datalink;GB;
Multivariable mortality risk prediction using machine learning for COVID-19 patients at admission (AICOVID).;Kar S and Chawla R and Haranath SP and Ramasubban S and Ramakrishnan N and Vaishya R and Sibal A and Reddy S;34140592;Yes;;2021;6;2021;2;No;Yes;22;Yes;IN;IN;Apollo Hospitals;IN;4.0
Clinical-Genetic Features Influencing Disability in Spastic Paraplegia Type 4: A Cross-sectional Study by the Italian DAISY Network.;Rossi S and Rubegni A and Riso V and Barghigiani M and Bassi MT and Battini R and Bertini E and Cereda C and Cioffi E and Criscuolo C and Dal Fabbro B and Dato C and D'Angelo MG and Di Muzio A and Diamanti L and Dotti MT and Filla A and Gioiosa V and Liguori R and Martinuzzi A and Massa R and Mignarri A and Moroni R and Musumeci O and Nicita F and Orologio I and Orsi L and Pegoraro E and Petrucci A and Plumari M and Ricca I and Rizzo G and Romano S and Rumore R and Sampaolo S and Scarlato M and Seri M and Stefan C and Straccia G and Tessa A and Travaglini L and Trovato R and Ulgheri L and Vazza G and Orlacchio A and Silvestri G and Santorelli FM and Melone MAB and Casali C;35372684;Yes;;2022;4;2021;10;No;Yes;6;No;IT;IT;Multiple;IT;6.0
Validation of EORTC, CUETO, and EAU risk stratification in prediction of recurrence, progression, and death of patients with initially non-muscle-invasive bladder cancer (NMIBC): A cohort analysis.;Jobczyk M and Stawiski K and Fendler W and Różański W;32216043;No (excluded in title and abstract screening);No real-world application (findings not based on real-world data);2020;6;2019;10;No;Yes;;;;;;;8.0
Correlation between markers of renal function and sight-threatening diabetic retinopathy in type 2 diabetes: a longitudinal study in an Indian clinic population.;Rajalakshmi R and Shanthi Rani CS and Venkatesan U and Unnikrishnan R and Anjana RM and Jeba Rani S and UmaSankari G and Sivaprasad S and Raman R and Mohan V;32475840;Yes;;2020;5;2020;2;No;Yes;4;No;IN;IN;Not precisely specified;IN;3.0
Association of Adherence to Endocrine Therapy Among Patients With Breast Cancer and Potential Drug-Drug Interactions.;Rassy E and Bardet A and Bougacha O and Gantzer L and Lekens B and Delaloge S and André F and Michiels S and Pistilli B;36459136;Yes;;2022;12;na;na;No;Yes;2;No;FR;FR;The Health Improvement Network;FR;
Real-World Assessment of Weight Change in African American Females and Hispanics with HIV-1 After Initiating Integrase Strand-Transfer Inhibitors or Protease Inhibitors.;Chen YW and Anderson D and Pericone CD and Donga P;35083364;Yes;;2022;;2021;7;No;Yes;1;No;US;US;Optum;US;
Comparison of Opioids Prescribed for Patients at Risk for Opioid Misuse Before and After Publication of the Centers for Disease Control and Prevention's Opioid Prescribing Guidelines.;Scherrer JF and Tucker J and Salas J and Zhang Z and Grucza R;33263762;Yes;;2020;12;na;na;No;Yes;5;No;US;US;Optum;US;
Validating a Machine Learning Algorithm to Predict 30-Day Re-Admissions in Patients With Heart Failure: Protocol for a Prospective Cohort Study.;Kakarmath S and Golas S and Felsted J and Kvedar J and Jethwani K and Agboola S;30181113;No (excluded in title and abstract screening);No real-world application (findings not based on real-world data);2018;9;2017;11;No;Yes;;;;;;;10.0
Treatment correlates of successful outcomes in pulmonary multidrug-resistant tuberculosis: an individual patient data meta-analysis.;Ahmad N and Ahuja SD and Akkerman OW and Alffenaar JC and Anderson LF and Baghaei P and Bang D and Barry PM and Bastos ML and Behera D and Benedetti A and Bisson GP and Boeree MJ and Bonnet M and Brode SK and Brust JCM and Cai Y and Caumes E and Cegielski JP and Centis R and Chan PC and Chan ED and Chang KC and Charles M and Cirule A and Dalcolmo MP and D'Ambrosio L and de Vries G and Dheda K and Esmail A and Flood J and Fox GJ and Fréchet-Jachym M and Fregona G and Gayoso R and Gegia M and Gler MT and Gu S and Guglielmetti L and Holtz TH and Hughes J and Isaakidis P and Jarlsberg L and Kempker RR and Keshavjee S and Khan FA and Kipiani M and Koenig SP and Koh WJ and Kritski A and Kuksa L and Kvasnovsky CL and Kwak N and Lan Z and Lange C and Laniado-Laborín R and Lee M and Leimane V and Leung CC and Leung EC and Li PZ and Lowenthal P and Maciel EL and Marks SM and Mase S and Mbuagbaw L and Migliori GB and Milanov V and Miller AC and Mitnick CD and Modongo C and Mohr E and Monedero I and Nahid P and Ndjeka N and O'Donnell MR and Padayatchi N and Palmero D and Pape JW and Podewils LJ and Reynolds I and Riekstina V and Robert J and Rodriguez M and Seaworth B and Seung KJ and Schnippel K and Shim TS and Singla R and Smith SE and Sotgiu G and Sukhbaatar G and Tabarsi P and Tiberi S and Trajman A and Trieu L and Udwadia ZF and van der Werf TS and Veziris N and Viiklepp P and Vilbrun SC and Walsh K and Westenhouse J and Yew WW and Yim JJ and Zetola NM and Zignol M and Menzies D;30215381;Yes;;2018;9;2018;2;No;Yes;1;No;PK;CA;Multiple;various;7.0
Association of Hypovitaminosis D With Increased Risk of Uveitis in a Large Health Care Claims Database.;Sobrin L and Stanwyck LK and Pan W and Hubbard RA and Kempen JH and VanderBeek BL;29621365;Yes;;2018;5;na;na;Yes;No;7;No;US;US;Optum;US;
Association of SARS-CoV-2 Seropositive Antibody Test With Risk of Future Infection.;Harvey RA and Rassen JA and Kabelac CA and Turenne W and Leonard S and Klesh R and Meyer WA 3rd and Kaufman HW and Anderson S and Cohen O and Petkov VI and Cronin KA and Van Dyke AL and Lowy DR and Sharpless NE and Penberthy LT;33625463;Yes;;2021;5;na;na;No;Yes;22;Yes;US;US;HealthVerity;US;
Characteristics and Treatment Rate of Patients With Hepatitis C Virus Infection in the Direct-Acting Antiviral Era and During the COVID-19 Pandemic in the United States.;Nguyen VH and Kam L and Yeo YH and Huang DQ and Henry L and Cheung R and Nguyen MH;36477481;Yes;;2022;12;na;na;No;Yes;1;Yes;US;US;Optum;US;
Proposing a Sex-Adjusted Sodium-Adjusted MELD Score for Liver Transplant Allocation.;Sealock JM and Ziogas IA and Zhao Z and Ye F and Alexopoulos SP and Matsuoka L and Chen G and Davis LK;35583884;Yes;;2022;7;na;na;No;Yes;21;No;US;US;Vanderbilt University Medical Center;US;
Association of Timing of Epinephrine Administration With Outcomes in Adults With Out-of-Hospital Cardiac Arrest.;Okubo M and Komukai S and Callaway CW and Izawa J;34374770;Yes;;2021;8;na;na;Yes;No;9;No;US;JP;Multiple;US;
Review of Palliative (223)Ra in Metastatic Castration-Resistant Prostate Cancer: Experience at West Virginia University Cancer Center.;Arays R and Ahmad Z and Howard L and Veselicky K and Kolodney J and SijinWen and Hogan T;33219158;Yes;;2021;3;2020;7;No;Yes;2;No;US;US;West Virginia University;US;8.0
Personalized Analytics and a Wearable Biosensor Platform for Early Detection of COVID-19 Decompensation (DeCODe): Protocol for the Development of the COVID-19 Decompensation Index.;Larimer K and Wegerich S and Splan J and Chestek D and Prendergast H and Vanden Hoek T;33949966;No (excluded in title and abstract screening);No real-world application (findings not based on real-world data);2021;5;2021;1;No;Yes;;;;;;;4.0
Differential antibody response to COVID-19 vaccines across immunomodulatory therapies for multiple sclerosis.;Satyanarayan S and Safi N and Sorets T and Filomena S and Zhang Y and Klineova S and Fabian M and Horng S and Tankou S and Miller A and Krieger S and Lublin F and Sumowski J and Katz Sand I;35533419;Yes;;2022;6;2021;11;No;Yes;6;Yes;US;US;Corinne Dickinson Goldsmith Center for Multiple Sclerosis;US;7.0
Ethnoracial and social trends in breast cancer staging at diagnosis in Brazil, 2001-14: a case only analysis.;Dos-Santos-Silva I and De Stavola BL and Renna NL Junior and Nogueira MC and Aquino EML and Bustamante-Teixeira MT and Azevedo E Silva G;31097280;Yes;;2019;6;2018;7;Yes;No;2;No;GB;BR;Registros hospitalares de cancer ;BR;11.0
Prevalence of SARS-CoV-2 antibodies in a large nationwide sample of patients on dialysis in the USA: a cross-sectional study.;Anand S and Montez-Rath M and Han J and Bozeman J and Kerschmann R and Beyer P and Parsonnet J and Chertow GM;32987007;Yes;;2020;10;2020;8;No;Yes;22;Yes;US;US;Ascend Clinical;US;2.0
Bidirectional associations between COVID-19 and psychiatric disorder: retrospective cohort studies of 62 354 COVID-19 cases in the USA.;Taquet M and Luciano S and Geddes JR and Harrison PJ;33181098;Yes;;2021;2;2020;8;No;Yes;5;Yes;GB;GB;TriNetX;US;6.0
Stroke-Heart Syndrome: Incidence and Clinical Outcomes of Cardiac Complications Following Stroke.;Buckley BJR and Harrison SL and Hill A and Underhill P and Lane DA and Lip GYH;35354300;Yes;;2022;5;na;na;No;Yes;9;No;GB;GB;TriNetX;various;
Association Between Idiopathic Intracranial Hypertension and Risk of Cardiovascular Diseases in Women in the United Kingdom.;Adderley NJ and Subramanian A and Nirantharakumar K and Yiangou A and Gokhale KM and Mollan SP and Sinclair AJ;31282950;Yes;;2019;9;na;na;No;Yes;9;No;GB;GB;The Health Improvement Network (THIN);US;
Epidemiological and Clinical Features of Kawasaki Disease During the COVID-19 Pandemic in the United States.;Burney JA and Roberts SC and DeHaan LL and Shimizu C and Bainto EV and Newburger JW and Dominguez S and Jone PN and Jaggi P and Szmuszkovicz JR and Rowley AH and Samuy N and Scalici P and Tremoulet AH and Cayan DR and Burns JC;35713905;Yes;;2022;6;na;na;No;Yes;13;Yes;US;US;Rady Children’s Hospital San Diego, Multiple not precisely specified healthcare facilities;US;
Benchmarking Inpatient Mortality Using Electronic Medical Record Data: A Retrospective, Multicenter Analytical Observational Study.;Higgins TL and Freeseman-Freeman L and Stark MM and Henson KN;34582424;Yes;;2022;4;na;na;No;Yes;;No;US;US;Health Facts / Cerner;US;
Development of a Method for Clinical Evaluation of Artificial Intelligence-Based Digital Wound Assessment Tools.;Howell RS and Liu HH and Khan AA and Woods JS and Lin LJ and Saxena M and Saxena H and Castellano M and Petrone P and Slone E and Chiu ES and Gillette BM and Gorenstein SA;34009348;No (excluded in title and abstract screening);No tabular data;2021;5;na;na;No;Yes;;;;;;;
Association of Programmed Cell Death Ligand 1 Expression Status With Receipt of Immune Checkpoint Inhibitors in Patients With Advanced Non-Small Cell Lung Cancer.;Leapman MS and Presley CJ and Zhu W and Soulos PR and Adelson KB and Miksad RA and Boffa DJ and Gross CP;32511721;Yes;;2020;6;na;na;No;Yes;2;No;US;US;Flatiron Health;US;
Association Between Low-Density Lipoprotein Cholesterol Levels and Risk for Sepsis Among Patients Admitted to the Hospital With Infection.;Feng Q and Wei WQ and Chaugai S and Leon BGC and Mosley JD and Leon DAC and Jiang L and Ihegword A and Shaffer CM and Linton MF and Chung CP and Stein CM;30657536;Yes;;2019;1;na;na;No;Yes;1;No;US;US;Vanderbilt University Medical Center;US;
Use of Deep Learning to Develop and Analyze Computational Hematoxylin and Eosin Staining of Prostate Core Biopsy Images for Tumor Diagnosis.;Rana A and Lowe A and Lithgow M and Horback K and Janovitz T and Da Silva A and Tsai H and Shanmugam V and Bayat A and Shah P;32432709;No (excluded in title and abstract screening);No tabular data;2020;5;na;na;No;Yes;;;;;;;
A Genetic Approach to the Association Between PCSK9 and Sepsis.;Feng Q and Wei WQ and Chaugai S and Carranza Leon BG and Kawai V and Carranza Leon DA and Jiang L and Zhong X and Liu G and Ihegword A and Shaffer CM and Linton MF and Chung CP and Stein CM;31509211;Yes;;2019;9;na;na;No;Yes;1;No;US;US;Vanderbilt University Medical Center;US;
Pembrolizumab-combination therapy for previously untreated metastatic nonsquamous NSCLC: Real-world outcomes at US oncology practices.;Liu SV and Hu X and Li Y and Zhao B and Burke T and Velcheti V;36324586;Yes;;2022;;2022;7;No;Yes;2;No;US;US;Flatiron Health;US;
Differences in Management of Coronary Artery Disease in Patients With Medicare Advantage vs Traditional Fee-for-Service Medicare Among Cardiology Practices.;Figueroa JF and Blumenthal DM and Feyman Y and Frakt AB and Turchin A and Doros G and Gao Q and Song Y and Joynt Maddox KE;30785590;Yes;;2019;3;na;na;No;Yes;9;No;US;US;American College of Cardiology Foundation;US;
Risk of persistent and new clinical sequelae among adults aged 65 years and older during the post-acute phase of SARS-CoV-2 infection: retrospective cohort study.;Cohen K and Ren S and Heath K and Dasmariñas MC and Jubilo KG and Guo Y and Lipsitch M and Daugherty SE;35140117;Yes;;2022;2;na;na;Yes;No;22;Yes;US;US;UnitedHealth Group  Clinical  Research  Database;US;
Effect of immunotherapy time-of-day infusion on overall survival among patients with advanced melanoma in the USA (MEMOIR): a propensity score-matched analysis of a single-centre, longitudinal study.;Qian DC and Kleber T and Brammer B and Xu KM and Switchenko JM and Janopaul-Naylor JR and Zhong J and Yushak ML and Harvey RD and Paulos CM and Lawson DH and Khan MK and Kudchadkar RR and Buchwald ZS;34780711;Yes;;2021;12;2021;7;Yes;No;2;No;US;US;Winship Cancer Institute of Emory University;US;5.0
Evaluation of Wound Closure Rates Using a Human Fibroblast-derived Dermal Substitute Versus a Fetal Bovine Collagen Dressing: A Retrospective Study.;Fitzgerald RH and Sabolinski ML and Skornicki M;31702990;Yes;;2019;9;na;na;No;Yes;4;No;US;US;93 wound care centers / WoundExpert EMR database (Net Health, Pittsburgh, PA);US;
Association of Race/Ethnicity and Sex With Differences in Health Care Use and Treatment for Acne.;Barbieri JS and Shin DB and Wang S and Margolis DJ and Takeshita J;32022834;Yes;;2020;3;na;na;No;Yes;12;No;US;US;Optum;US;
Embryologist agreement when assessing blastocyst implantation probability: is data-driven prediction the solution to embryo assessment subjectivity?;Fordham DE and Rosentraub D and Polsky AL and Aviram T and Wolf Y and Perl O and Devir A and Rosentraub S and Silver DH and Gold Zamir Y and Bronstein AM and Lara Lara M and Ben Nagi J and Alvarez A and Munné S;35944167;No (excluded in title and abstract screening);No tabular data;2022;9;2022;3;No;Yes;;;;;;;6.0
